{
    "recording": "dynamic29647-19-8-Video-9b4f6a1a067fe51e15306b9628efea20",
    "trial": "135",
    "trial_type": "final_test_bonus",
    "first_label": "PinkNoise",
    "label": "PinkNoise",
    "ID": null,
    "sampling_freq": 30,
    "valid_frames": 324,
    "peaks": [
        26,
        53,
        80,
        108,
        134,
        161,
        188,
        215,
        242,
        269,
        296
    ],
    "n_peaks": 11,
    "segments_n_peaks": 12,
    "segments_bad_n": 0,
    "segments_avg_duration": 27.0,
    "segments": {
        "frame_start": [
            0,
            27,
            54,
            81,
            109,
            135,
            162,
            189,
            216,
            243,
            270,
            297
        ],
        "frame_end": [
            27,
            54,
            81,
            109,
            135,
            162,
            189,
            216,
            243,
            270,
            297,
            324
        ],
        "duration": [
            27,
            27,
            27,
            28,
            26,
            27,
            27,
            27,
            27,
            27,
            27,
            27
        ],
        "transition_start": [
            0,
            0,
            0,
            0,
            0,
            0,
            0,
            0,
            0,
            0,
            0,
            0
        ],
        "transition_end": [
            0,
            0,
            0,
            0,
            0,
            0,
            0,
            0,
            0,
            0,
            0,
            0
        ],
        "max_change": [
            434.0564062800723,
            408.962414903687,
            409.40245903584304,
            441.6587629048846,
            454.5166714686027,
            407.1603063675957,
            386.7554134394624,
            426.71586929389946,
            440.3304383863042,
            419.0471485835949,
            395.1960859306039,
            482.0379663616829
        ],
        "is_static": [
            false,
            false,
            false,
            false,
            false,
            false,
            false,
            false,
            false,
            false,
            false,
            false
        ],
        "intensity_range": [
            254.8171694845876,
            254.42651518535692,
            254.65852681733477,
            254.88244616242017,
            253.63111748193057,
            252.99934075890533,
            254.8976771837165,
            254.3896135982444,
            254.37149956372193,
            254.72903113437033,
            254.6993321641752,
            254.22801305196717
        ],
        "margin_left": [
            0,
            0,
            0,
            0,
            0,
            0,
            0,
            0,
            0,
            0,
            0,
            0
        ],
        "margin_right": [
            0,
            0,
            0,
            0,
            0,
            0,
            0,
            0,
            0,
            0,
            0,
            0
        ],
        "margin_top": [
            0,
            0,
            0,
            0,
            0,
            0,
            0,
            0,
            0,
            0,
            0,
            0
        ],
        "margin_bottom": [
            0,
            0,
            0,
            0,
            0,
            0,
            0,
            0,
            0,
            0,
            0,
            0
        ],
        "background_color": [
            135.02745098039216,
            139.04313725490195,
            123.9843137254902,
            123.9843137254902,
            120.97254901960784,
            122.98039215686273,
            121.97647058823529,
            121.97647058823529,
            140.04705882352943,
            138.0392156862745,
            126.99607843137255,
            136.0313725490196
        ],
        "background_proportion": [
            0.010231865776909758,
            0.010007693443769325,
            0.010840333538290933,
            0.009943644205729203,
            0.010176438551682728,
            0.01015180422935946,
            0.010520087348090314,
            0.009447262610918243,
            0.010007693443769042,
            0.010119779610339543,
            0.010920395085841087,
            0.009831558039158986
        ],
        "is_uniform": [
            false,
            false,
            false,
            false,
            false,
            false,
            false,
            false,
            false,
            false,
            false,
            false
        ],
        "bad_properties": [
            false,
            false,
            false,
            false,
            false,
            false,
            false,
            false,
            false,
            false,
            false,
            false
        ]
    }
}