{
    "recording": "dynamic29647-19-8-Video-9b4f6a1a067fe51e15306b9628efea20",
    "trial": "181",
    "trial_type": "final_test_bonus",
    "first_label": "PinkNoise",
    "label": "PinkNoise",
    "ID": null,
    "sampling_freq": 30,
    "valid_frames": 324,
    "peaks": [
        26,
        53,
        80,
        134,
        161,
        188,
        215,
        242,
        269,
        296
    ],
    "n_peaks": 10,
    "segments_n_peaks": 11,
    "segments_bad_n": 0,
    "segments_avg_duration": 27.0,
    "segments": {
        "frame_start": [
            0,
            27,
            54,
            81,
            108,
            135,
            162,
            189,
            216,
            243,
            270,
            297
        ],
        "frame_end": [
            27,
            54,
            81,
            108,
            135,
            162,
            189,
            216,
            243,
            270,
            297,
            324
        ],
        "duration": [
            27,
            27,
            27,
            27,
            27,
            27,
            27,
            27,
            27,
            27,
            27,
            27
        ],
        "transition_start": [
            0,
            0,
            0,
            0,
            0,
            0,
            0,
            0,
            0,
            0,
            0,
            0
        ],
        "transition_end": [
            0,
            0,
            0,
            0,
            0,
            0,
            0,
            0,
            0,
            0,
            0,
            0
        ],
        "max_change": [
            452.21048431652616,
            422.840318923426,
            446.0119263597851,
            468.008634802672,
            474.7472136054047,
            404.99982514647814,
            399.2744476229602,
            437.64820639057405,
            390.6299187546739,
            391.9728780933358,
            385.44238223486235,
            424.3618373635126
        ],
        "is_static": [
            false,
            false,
            false,
            false,
            false,
            false,
            false,
            false,
            false,
            false,
            false,
            false
        ],
        "intensity_range": [
            254.0959556896587,
            254.81341714592446,
            254.75963341086756,
            254.81377227405878,
            254.37489997600906,
            253.89079475086817,
            253.27945684645698,
            254.73537865545782,
            254.6564323388193,
            253.6874402136358,
            253.14928641880704,
            252.72507821087157
        ],
        "margin_left": [
            0,
            0,
            0,
            0,
            0,
            0,
            0,
            0,
            0,
            0,
            0,
            0
        ],
        "margin_right": [
            0,
            0,
            0,
            0,
            0,
            0,
            0,
            0,
            0,
            0,
            0,
            0
        ],
        "margin_top": [
            0,
            0,
            0,
            0,
            0,
            0,
            0,
            0,
            0,
            0,
            0,
            0
        ],
        "margin_bottom": [
            0,
            0,
            0,
            0,
            0,
            0,
            0,
            0,
            0,
            0,
            0,
            0
        ],
        "background_color": [
            126.99607843137255,
            126.99607843137255,
            125.9921568627451,
            125.9921568627451,
            125.9921568627451,
            128.0,
            130.0078431372549,
            129.00392156862745,
            129.00392156862745,
            134.0235294117647,
            130.0078431372549,
            145.06666666666666
        ],
        "background_proportion": [
            0.010023705753279356,
            0.010984444323881211,
            0.010744259681230597,
            0.00992763189621903,
            0.009511311848958233,
            0.01008775499131948,
            0.010183828848379666,
            0.010375976562500036,
            0.01060014889564047,
            0.010327939633969944,
            0.009655422634548647,
            0.0099436442057292
        ],
        "is_uniform": [
            false,
            false,
            false,
            false,
            false,
            false,
            false,
            false,
            false,
            false,
            false,
            false
        ],
        "bad_properties": [
            false,
            false,
            false,
            false,
            false,
            false,
            false,
            false,
            false,
            false,
            false,
            false
        ]
    }
}