{
    "recording": "dynamic29647-19-8-Video-9b4f6a1a067fe51e15306b9628efea20",
    "trial": "206",
    "trial_type": "final_test_bonus",
    "first_label": "PinkNoise",
    "label": "PinkNoise",
    "ID": null,
    "sampling_freq": 30,
    "valid_frames": 324,
    "peaks": [
        26,
        53,
        107,
        134,
        161,
        188,
        215,
        242,
        269,
        296
    ],
    "n_peaks": 10,
    "segments_n_peaks": 11,
    "segments_bad_n": 0,
    "segments_avg_duration": 27.0,
    "segments": {
        "frame_start": [
            0,
            27,
            54,
            81,
            108,
            135,
            162,
            189,
            216,
            243,
            270,
            297
        ],
        "frame_end": [
            27,
            54,
            81,
            108,
            135,
            162,
            189,
            216,
            243,
            270,
            297,
            324
        ],
        "duration": [
            27,
            27,
            27,
            27,
            27,
            27,
            27,
            27,
            27,
            27,
            27,
            27
        ],
        "transition_start": [
            0,
            0,
            0,
            0,
            0,
            0,
            0,
            0,
            0,
            0,
            0,
            0
        ],
        "transition_end": [
            0,
            0,
            0,
            0,
            0,
            0,
            0,
            0,
            0,
            0,
            0,
            0
        ],
        "max_change": [
            471.51398066621795,
            448.21730432612,
            434.962321735077,
            486.60823534003714,
            407.19099950440756,
            426.35858357111744,
            409.4783621465668,
            440.5662955942328,
            446.7508923013158,
            404.67793472508066,
            450.98411353077955,
            401.7037917996617
        ],
        "is_static": [
            false,
            false,
            false,
            false,
            false,
            false,
            false,
            false,
            false,
            false,
            false,
            false
        ],
        "intensity_range": [
            254.98087031376335,
            254.85763035656268,
            254.50147626185216,
            254.28867767522692,
            254.30041094627902,
            254.8477718329905,
            254.92956837018818,
            255.00000000000003,
            254.74830859283244,
            252.4152753439045,
            251.39362119117885,
            252.69293711621967
        ],
        "margin_left": [
            0,
            0,
            0,
            0,
            0,
            0,
            0,
            0,
            0,
            0,
            0,
            0
        ],
        "margin_right": [
            0,
            0,
            0,
            0,
            0,
            0,
            0,
            0,
            0,
            0,
            0,
            0
        ],
        "margin_top": [
            0,
            0,
            0,
            0,
            0,
            0,
            0,
            0,
            0,
            0,
            0,
            0
        ],
        "margin_bottom": [
            0,
            0,
            0,
            0,
            0,
            0,
            0,
            0,
            0,
            0,
            0,
            0
        ],
        "background_color": [
            119.96862745098039,
            126.99607843137255,
            134.0235294117647,
            124.98823529411764,
            135.02745098039216,
            124.98823529411764,
            118.96470588235294,
            129.00392156862745,
            135.02745098039216,
            136.0313725490196,
            129.00392156862745,
            125.9921568627451
        ],
        "background_proportion": [
            0.009431250301408211,
            0.010135791919849573,
            0.010343951943479975,
            0.009895607277199108,
            0.0099436442057292,
            0.01008775499131948,
            0.010343951943479975,
            0.009847570348669015,
            0.010023705753279356,
            0.01026389039592982,
            0.010984444323881211,
            0.010183828848379522
        ],
        "is_uniform": [
            false,
            false,
            false,
            false,
            false,
            false,
            false,
            false,
            false,
            false,
            false,
            false
        ],
        "bad_properties": [
            false,
            false,
            false,
            false,
            false,
            false,
            false,
            false,
            false,
            false,
            false,
            false
        ]
    }
}