{
    "recording": "dynamic29647-19-8-Video-9b4f6a1a067fe51e15306b9628efea20",
    "trial": "21",
    "trial_type": "train",
    "first_label": "NaturalVideo",
    "label": "NaturalVideo",
    "ID": null,
    "sampling_freq": 30,
    "valid_frames": 300,
    "peaks": [
        18,
        87,
        194,
        233,
        281
    ],
    "n_peaks": 5,
    "segments_n_peaks": 6,
    "segments_bad_n": 0,
    "segments_avg_duration": 50.0,
    "segments": {
        "frame_start": [
            0,
            19,
            88,
            195,
            234,
            282
        ],
        "frame_end": [
            19,
            88,
            195,
            234,
            282,
            300
        ],
        "duration": [
            19,
            69,
            107,
            39,
            48,
            18
        ],
        "transition_start": [
            0,
            0,
            0,
            0,
            0,
            0
        ],
        "transition_end": [
            0,
            0,
            0,
            0,
            0,
            0
        ],
        "max_change": [
            2189.234345140749,
            1140.6185389971154,
            802.7868946473654,
            1005.8865500602226,
            1407.7734569537538,
            1166.0758238927667
        ],
        "is_static": [
            false,
            false,
            false,
            false,
            false,
            false
        ],
        "intensity_range": [
            246.66001746890177,
            251.61471626835308,
            227.80350163972193,
            251.86430342448418,
            255.00000000000003,
            248.60680594356046
        ],
        "margin_left": [
            0,
            0,
            0,
            0,
            0,
            0
        ],
        "margin_right": [
            0,
            0,
            0,
            0,
            0,
            0
        ],
        "margin_top": [
            0,
            0,
            0,
            0,
            0,
            0
        ],
        "margin_bottom": [
            0,
            0,
            0,
            0,
            0,
            0
        ],
        "background_color": [
            51.70196078431373,
            68.76862745098039,
            203.2941176470588,
            165.14509803921567,
            0.5019607843137255,
            65.75686274509803
        ],
        "background_proportion": [
            0.01704299659059765,
            0.014705565816538396,
            0.012630569600613362,
            0.013025397928351709,
            0.17136573791503906,
            0.0152757432725695
        ],
        "is_uniform": [
            false,
            false,
            false,
            false,
            false,
            false
        ],
        "bad_properties": [
            false,
            false,
            false,
            false,
            false,
            false
        ]
    }
}