{
    "recording": "dynamic29647-19-8-Video-9b4f6a1a067fe51e15306b9628efea20",
    "trial": "211",
    "trial_type": "live_test_main",
    "first_label": "PinkNoise",
    "label": "PinkNoise",
    "ID": null,
    "sampling_freq": 30,
    "valid_frames": 324,
    "peaks": [
        26,
        53,
        80,
        134,
        161,
        188,
        215,
        242,
        269,
        296
    ],
    "n_peaks": 10,
    "segments_n_peaks": 11,
    "segments_bad_n": 0,
    "segments_avg_duration": 27.0,
    "segments": {
        "frame_start": [
            0,
            27,
            54,
            81,
            108,
            135,
            162,
            189,
            216,
            243,
            270,
            297
        ],
        "frame_end": [
            27,
            54,
            81,
            108,
            135,
            162,
            189,
            216,
            243,
            270,
            297,
            324
        ],
        "duration": [
            27,
            27,
            27,
            27,
            27,
            27,
            27,
            27,
            27,
            27,
            27,
            27
        ],
        "transition_start": [
            0,
            0,
            0,
            0,
            0,
            0,
            0,
            0,
            0,
            0,
            0,
            0
        ],
        "transition_end": [
            0,
            0,
            0,
            0,
            0,
            0,
            0,
            0,
            0,
            0,
            0,
            0
        ],
        "max_change": [
            452.15804162410427,
            422.83110333809327,
            446.0329390647413,
            468.0102050902467,
            474.7400637774135,
            404.99308662127135,
            399.28449514394737,
            437.6722560227381,
            390.64207885046494,
            392.01692448487904,
            385.4575693222582,
            424.383371152185
        ],
        "is_static": [
            false,
            false,
            false,
            false,
            false,
            false,
            false,
            false,
            false,
            false,
            false,
            false
        ],
        "intensity_range": [
            254.09491819072326,
            254.81320427785954,
            254.75937718309478,
            254.81378915038073,
            254.37489333926197,
            253.89116785358942,
            253.2800583383413,
            254.73553065956645,
            254.65664775392713,
            253.6874375558812,
            253.15067966310178,
            252.7263121725729
        ],
        "margin_left": [
            0,
            0,
            0,
            0,
            0,
            0,
            0,
            0,
            0,
            0,
            0,
            0
        ],
        "margin_right": [
            0,
            0,
            0,
            0,
            0,
            0,
            0,
            0,
            0,
            0,
            0,
            0
        ],
        "margin_top": [
            0,
            0,
            0,
            0,
            0,
            0,
            0,
            0,
            0,
            0,
            0,
            0
        ],
        "margin_bottom": [
            0,
            0,
            0,
            0,
            0,
            0,
            0,
            0,
            0,
            0,
            0,
            0
        ],
        "background_color": [
            126.99607843137255,
            126.99607843137255,
            125.9921568627451,
            125.9921568627451,
            125.9921568627451,
            128.0,
            130.0078431372549,
            129.00392156862745,
            129.00392156862745,
            134.0235294117647,
            126.99607843137255,
            145.06666666666666
        ],
        "background_proportion": [
            0.010007693443769325,
            0.01096843201437118,
            0.010744259681230597,
            0.00992763189621903,
            0.009495299539448202,
            0.01007174268180945,
            0.010135791919849573,
            0.010375976562500036,
            0.01060014889564047,
            0.010359964252990005,
            0.009639410325038615,
            0.00991161958670914
        ],
        "is_uniform": [
            false,
            false,
            false,
            false,
            false,
            false,
            false,
            false,
            false,
            false,
            false,
            false
        ],
        "bad_properties": [
            false,
            false,
            false,
            false,
            false,
            false,
            false,
            false,
            false,
            false,
            false,
            false
        ]
    }
}