{
    "recording": "dynamic29647-19-8-Video-9b4f6a1a067fe51e15306b9628efea20",
    "trial": "212",
    "trial_type": "final_test_bonus",
    "first_label": "PinkNoise",
    "label": "PinkNoise",
    "ID": null,
    "sampling_freq": 30,
    "valid_frames": 324,
    "peaks": [
        26,
        53,
        80,
        108,
        134,
        161,
        188,
        215,
        242,
        269,
        296
    ],
    "n_peaks": 11,
    "segments_n_peaks": 12,
    "segments_bad_n": 0,
    "segments_avg_duration": 27.0,
    "segments": {
        "frame_start": [
            0,
            27,
            54,
            81,
            109,
            135,
            162,
            189,
            216,
            243,
            270,
            297
        ],
        "frame_end": [
            27,
            54,
            81,
            109,
            135,
            162,
            189,
            216,
            243,
            270,
            297,
            324
        ],
        "duration": [
            27,
            27,
            27,
            28,
            26,
            27,
            27,
            27,
            27,
            27,
            27,
            27
        ],
        "transition_start": [
            0,
            0,
            0,
            0,
            0,
            0,
            0,
            0,
            0,
            0,
            0,
            0
        ],
        "transition_end": [
            0,
            0,
            0,
            0,
            0,
            0,
            0,
            0,
            0,
            0,
            0,
            0
        ],
        "max_change": [
            434.0393256359719,
            408.93224922136517,
            409.33439497026507,
            441.5347336913999,
            454.367702952993,
            407.0081973375031,
            386.61842306040637,
            426.55850628118253,
            440.18961403909645,
            418.88645298148504,
            395.01925468615303,
            481.9136199262191
        ],
        "is_static": [
            false,
            false,
            false,
            false,
            false,
            false,
            false,
            false,
            false,
            false,
            false,
            false
        ],
        "intensity_range": [
            254.81639102755224,
            254.4256901543519,
            254.6585194323723,
            254.8818253917219,
            253.62462172738213,
            252.99449126053315,
            254.8977701248781,
            254.39011115662714,
            254.36982485183577,
            254.72854174575593,
            254.69819107160063,
            254.22557560147038
        ],
        "margin_left": [
            0,
            0,
            0,
            0,
            0,
            0,
            0,
            0,
            0,
            0,
            0,
            0
        ],
        "margin_right": [
            0,
            0,
            0,
            0,
            0,
            0,
            0,
            0,
            0,
            0,
            0,
            0
        ],
        "margin_top": [
            0,
            0,
            0,
            0,
            0,
            0,
            0,
            0,
            0,
            0,
            0,
            0
        ],
        "margin_bottom": [
            0,
            0,
            0,
            0,
            0,
            0,
            0,
            0,
            0,
            0,
            0,
            0
        ],
        "background_color": [
            135.02745098039216,
            139.04313725490195,
            123.9843137254902,
            123.9843137254902,
            129.00392156862745,
            122.98039215686273,
            121.97647058823529,
            121.97647058823529,
            140.04705882352943,
            138.0392156862745,
            134.0235294117647,
            136.0313725490196
        ],
        "background_proportion": [
            0.010231865776909758,
            0.010007693443769325,
            0.010872358157310994,
            0.009943644205729203,
            0.010076669546274074,
            0.01016781653886949,
            0.010504075038580283,
            0.009479287229938304,
            0.009959656515238951,
            0.010183828848379666,
            0.010920395085841087,
            0.010007693443769325
        ],
        "is_uniform": [
            false,
            false,
            false,
            false,
            false,
            false,
            false,
            false,
            false,
            false,
            false,
            false
        ],
        "bad_properties": [
            false,
            false,
            false,
            false,
            false,
            false,
            false,
            false,
            false,
            false,
            false,
            false
        ]
    }
}