{
    "recording": "dynamic29647-19-8-Video-9b4f6a1a067fe51e15306b9628efea20",
    "trial": "218",
    "trial_type": "final_test_bonus",
    "first_label": "PinkNoise",
    "label": "PinkNoise",
    "ID": null,
    "sampling_freq": 30,
    "valid_frames": 324,
    "peaks": [
        26,
        80,
        107,
        134,
        161,
        188,
        215,
        242,
        269,
        296
    ],
    "n_peaks": 10,
    "segments_n_peaks": 11,
    "segments_bad_n": 0,
    "segments_avg_duration": 27.0,
    "segments": {
        "frame_start": [
            0,
            27,
            54,
            81,
            108,
            135,
            162,
            189,
            216,
            243,
            270,
            297
        ],
        "frame_end": [
            27,
            54,
            81,
            108,
            135,
            162,
            189,
            216,
            243,
            270,
            297,
            324
        ],
        "duration": [
            27,
            27,
            27,
            27,
            27,
            27,
            27,
            27,
            27,
            27,
            27,
            27
        ],
        "transition_start": [
            0,
            0,
            0,
            0,
            0,
            0,
            0,
            0,
            0,
            0,
            0,
            0
        ],
        "transition_end": [
            0,
            0,
            0,
            0,
            0,
            0,
            0,
            0,
            0,
            0,
            0,
            0
        ],
        "max_change": [
            527.3774005173625,
            454.65735973167807,
            423.9346502005952,
            415.44740783582364,
            442.24041707205754,
            397.09240931513955,
            456.1795524165275,
            379.003412396212,
            413.514460536078,
            396.80585576470196,
            366.3391507283686,
            393.85511694622164
        ],
        "is_static": [
            false,
            false,
            false,
            false,
            false,
            false,
            false,
            false,
            false,
            false,
            false,
            false
        ],
        "intensity_range": [
            254.2680730003719,
            253.5224685691693,
            254.8614564360425,
            254.9070407811057,
            254.99999999999997,
            252.65266445261688,
            254.99587939318084,
            252.88026137720595,
            255.00000000000003,
            254.84096194905038,
            252.9904698970082,
            253.58886521727166
        ],
        "margin_left": [
            0,
            0,
            0,
            0,
            0,
            0,
            0,
            0,
            0,
            0,
            0,
            0
        ],
        "margin_right": [
            0,
            0,
            0,
            0,
            0,
            0,
            0,
            0,
            0,
            0,
            0,
            0
        ],
        "margin_top": [
            0,
            0,
            0,
            0,
            0,
            0,
            0,
            0,
            0,
            0,
            0,
            0
        ],
        "margin_bottom": [
            0,
            0,
            0,
            0,
            0,
            0,
            0,
            0,
            0,
            0,
            0,
            0
        ],
        "background_color": [
            141.05098039215687,
            124.98823529411764,
            134.0235294117647,
            124.98823529411764,
            123.9843137254902,
            139.04313725490195,
            123.9843137254902,
            128.0,
            131.01176470588234,
            129.00392156862745,
            123.9843137254902,
            131.01176470588234
        ],
        "background_proportion": [
            0.01045603811005019,
            0.010680210443190626,
            0.009927631896219171,
            0.010472050419560222,
            0.009783521110628893,
            0.010824321228780902,
            0.0099436442057292,
            0.010808308919270872,
            0.010840333538290933,
            0.01044002580054016,
            0.010696222752700655,
            0.010504075038580283
        ],
        "is_uniform": [
            false,
            false,
            false,
            false,
            false,
            false,
            false,
            false,
            false,
            false,
            false,
            false
        ],
        "bad_properties": [
            false,
            false,
            false,
            false,
            false,
            false,
            false,
            false,
            false,
            false,
            false,
            false
        ]
    }
}