{
    "recording": "dynamic29647-19-8-Video-9b4f6a1a067fe51e15306b9628efea20",
    "trial": "245",
    "trial_type": "final_test_bonus",
    "first_label": "PinkNoise",
    "label": "PinkNoise",
    "ID": null,
    "sampling_freq": 30,
    "valid_frames": 324,
    "peaks": [
        26,
        53,
        80,
        134,
        161,
        188,
        215,
        242,
        269,
        296
    ],
    "n_peaks": 10,
    "segments_n_peaks": 11,
    "segments_bad_n": 0,
    "segments_avg_duration": 27.0,
    "segments": {
        "frame_start": [
            0,
            27,
            54,
            81,
            108,
            135,
            162,
            189,
            216,
            243,
            270,
            297
        ],
        "frame_end": [
            27,
            54,
            81,
            108,
            135,
            162,
            189,
            216,
            243,
            270,
            297,
            324
        ],
        "duration": [
            27,
            27,
            27,
            27,
            27,
            27,
            27,
            27,
            27,
            27,
            27,
            27
        ],
        "transition_start": [
            0,
            0,
            0,
            0,
            0,
            0,
            0,
            0,
            0,
            0,
            0,
            0
        ],
        "transition_end": [
            0,
            0,
            0,
            0,
            0,
            0,
            0,
            0,
            0,
            0,
            0,
            0
        ],
        "max_change": [
            452.1964944565246,
            422.84922216181764,
            446.1820853106979,
            468.04810743321246,
            474.81164506060696,
            405.0171729165965,
            399.3240967929236,
            437.7311365674444,
            390.696742004747,
            392.0618909500124,
            385.5133113758113,
            424.4510470204553
        ],
        "is_static": [
            false,
            false,
            false,
            false,
            false,
            false,
            false,
            false,
            false,
            false,
            false,
            false
        ],
        "intensity_range": [
            254.09624100589883,
            254.81373205945147,
            254.76017873496428,
            254.81420236092168,
            254.37524056403663,
            253.8921245798432,
            253.28166315275524,
            254.73593241570651,
            254.65707423411422,
            253.68742602843662,
            253.15298114739534,
            252.7281806561924
        ],
        "margin_left": [
            0,
            0,
            0,
            0,
            0,
            0,
            0,
            0,
            0,
            0,
            0,
            0
        ],
        "margin_right": [
            0,
            0,
            0,
            0,
            0,
            0,
            0,
            0,
            0,
            0,
            0,
            0
        ],
        "margin_top": [
            0,
            0,
            0,
            0,
            0,
            0,
            0,
            0,
            0,
            0,
            0,
            0
        ],
        "margin_bottom": [
            0,
            0,
            0,
            0,
            0,
            0,
            0,
            0,
            0,
            0,
            0,
            0
        ],
        "background_color": [
            126.99607843137255,
            126.99607843137255,
            125.9921568627451,
            125.9921568627451,
            125.9921568627451,
            128.0,
            108.92549019607843,
            129.00392156862745,
            129.00392156862745,
            134.0235294117647,
            130.0078431372549,
            133.01960784313724
        ],
        "background_proportion": [
            0.010007693443769325,
            0.010984444323881211,
            0.010776284300250656,
            0.00994364420572906,
            0.009495299539448202,
            0.01008775499131948,
            0.010167816538869636,
            0.010408001181520098,
            0.010520087348090314,
            0.010215853467399729,
            0.009687447253568708,
            0.009927631896218892
        ],
        "is_uniform": [
            false,
            false,
            false,
            false,
            false,
            false,
            false,
            false,
            false,
            false,
            false,
            false
        ],
        "bad_properties": [
            false,
            false,
            false,
            false,
            false,
            false,
            false,
            false,
            false,
            false,
            false,
            false
        ]
    }
}