{
    "recording": "dynamic29647-19-8-Video-9b4f6a1a067fe51e15306b9628efea20",
    "trial": "254",
    "trial_type": "final_test_bonus",
    "first_label": "PinkNoise",
    "label": "PinkNoise",
    "ID": null,
    "sampling_freq": 30,
    "valid_frames": 324,
    "peaks": [
        26,
        53,
        80,
        107,
        134,
        161,
        188,
        215,
        242,
        270,
        296
    ],
    "n_peaks": 11,
    "segments_n_peaks": 12,
    "segments_bad_n": 0,
    "segments_avg_duration": 27.0,
    "segments": {
        "frame_start": [
            0,
            27,
            54,
            81,
            108,
            135,
            162,
            189,
            216,
            243,
            271,
            297
        ],
        "frame_end": [
            27,
            54,
            81,
            108,
            135,
            162,
            189,
            216,
            243,
            271,
            297,
            324
        ],
        "duration": [
            27,
            27,
            27,
            27,
            27,
            27,
            27,
            27,
            27,
            28,
            26,
            27
        ],
        "transition_start": [
            0,
            0,
            0,
            0,
            0,
            0,
            0,
            0,
            0,
            0,
            0,
            0
        ],
        "transition_end": [
            0,
            0,
            0,
            0,
            0,
            0,
            0,
            0,
            0,
            0,
            0,
            0
        ],
        "max_change": [
            455.48782516803175,
            444.5663773125695,
            420.9237569705867,
            462.52064090307726,
            425.99110950420004,
            431.8920936825023,
            422.8002247199023,
            444.21449909795655,
            443.03929914447184,
            441.13641519443775,
            400.0040536927394,
            377.1115387511471
        ],
        "is_static": [
            false,
            false,
            false,
            false,
            false,
            false,
            false,
            false,
            false,
            false,
            false,
            false
        ],
        "intensity_range": [
            254.95422224248028,
            254.6984462546617,
            254.87263468277516,
            254.8092745925145,
            254.37208820595436,
            253.15628751424615,
            252.35632167604263,
            254.49106863891714,
            251.97296762723963,
            254.53129809360271,
            254.80517426678517,
            253.6110889026113
        ],
        "margin_left": [
            0,
            0,
            0,
            0,
            0,
            0,
            0,
            0,
            0,
            0,
            0,
            0
        ],
        "margin_right": [
            0,
            0,
            0,
            0,
            0,
            0,
            0,
            0,
            0,
            0,
            0,
            0
        ],
        "margin_top": [
            0,
            0,
            0,
            0,
            0,
            0,
            0,
            0,
            0,
            0,
            0,
            0
        ],
        "margin_bottom": [
            0,
            0,
            0,
            0,
            0,
            0,
            0,
            0,
            0,
            0,
            0,
            0
        ],
        "background_color": [
            125.9921568627451,
            131.01176470588234,
            122.98039215686273,
            139.04313725490195,
            129.00392156862745,
            138.0392156862745,
            124.98823529411764,
            132.0156862745098,
            141.05098039215687,
            130.0078431372549,
            131.01176470588234,
            119.96862745098039
        ],
        "background_proportion": [
            0.010007693443769184,
            0.010279902705439851,
            0.010007693443769184,
            0.009783521110628893,
            0.010728247371720718,
            0.010311927324459912,
            0.009847570348669015,
            0.009767508801118862,
            0.009767508801118862,
            0.010144369942801374,
            0.010043413211137856,
            0.010424013491030129
        ],
        "is_uniform": [
            false,
            false,
            false,
            false,
            false,
            false,
            false,
            false,
            false,
            false,
            false,
            false
        ],
        "bad_properties": [
            false,
            false,
            false,
            false,
            false,
            false,
            false,
            false,
            false,
            false,
            false,
            false
        ]
    }
}