{
    "recording": "dynamic29647-19-8-Video-9b4f6a1a067fe51e15306b9628efea20",
    "trial": "30",
    "trial_type": "train",
    "first_label": "NaturalVideo",
    "label": "NaturalVideo",
    "ID": null,
    "sampling_freq": 30,
    "valid_frames": 300,
    "peaks": [
        260
    ],
    "n_peaks": 1,
    "segments_n_peaks": 2,
    "segments_bad_n": 0,
    "segments_avg_duration": 150.0,
    "segments": {
        "frame_start": [
            0,
            261
        ],
        "frame_end": [
            261,
            300
        ],
        "duration": [
            261,
            39
        ],
        "transition_start": [
            0,
            0
        ],
        "transition_end": [
            0,
            0
        ],
        "max_change": [
            557.2384870242777,
            32.01938817409814
        ],
        "is_static": [
            false,
            true
        ],
        "intensity_range": [
            244.99761438655648,
            166.84903236698057
        ],
        "margin_left": [
            0,
            0
        ],
        "margin_right": [
            0,
            1
        ],
        "margin_top": [
            0,
            1
        ],
        "margin_bottom": [
            0,
            0
        ],
        "background_color": [
            15.56078431372549,
            16.56470588235294
        ],
        "background_proportion": [
            0.05607069071529773,
            0.04375425159421741
        ],
        "is_uniform": [
            false,
            false
        ],
        "bad_properties": [
            false,
            false
        ]
    }
}