{
    "recording": "dynamic29647-19-8-Video-9b4f6a1a067fe51e15306b9628efea20",
    "trial": "306",
    "trial_type": "train",
    "first_label": "PinkNoise",
    "label": "PinkNoise",
    "ID": null,
    "sampling_freq": 30,
    "valid_frames": 324,
    "peaks": [
        26,
        53,
        80,
        107,
        134,
        161,
        188,
        215,
        242,
        296
    ],
    "n_peaks": 10,
    "segments_n_peaks": 11,
    "segments_bad_n": 0,
    "segments_avg_duration": 27.0,
    "segments": {
        "frame_start": [
            0,
            27,
            54,
            81,
            108,
            135,
            162,
            189,
            216,
            243,
            270,
            297
        ],
        "frame_end": [
            27,
            54,
            81,
            108,
            135,
            162,
            189,
            216,
            243,
            270,
            297,
            324
        ],
        "duration": [
            27,
            27,
            27,
            27,
            27,
            27,
            27,
            27,
            27,
            27,
            27,
            27
        ],
        "transition_start": [
            0,
            0,
            0,
            0,
            0,
            0,
            0,
            0,
            0,
            0,
            0,
            0
        ],
        "transition_end": [
            0,
            0,
            0,
            0,
            0,
            0,
            0,
            0,
            0,
            0,
            0,
            0
        ],
        "max_change": [
            455.5254615217925,
            444.56650633070944,
            420.9494469973932,
            462.6010997338717,
            425.99597828310823,
            431.918621250102,
            422.8564114798053,
            444.2648573665695,
            443.0662843102799,
            441.18535285628235,
            400.0082135456947,
            377.1469018831441
        ],
        "is_static": [
            false,
            false,
            false,
            false,
            false,
            false,
            false,
            false,
            false,
            false,
            false,
            false
        ],
        "intensity_range": [
            254.95450719398434,
            254.698920749383,
            254.87263863405428,
            254.80945194300423,
            254.3725464710468,
            253.15814377405022,
            252.35829547792713,
            254.49165606710534,
            251.97286773190473,
            254.51661036896905,
            255.0,
            253.61187841970434
        ],
        "margin_left": [
            0,
            0,
            0,
            0,
            0,
            0,
            0,
            0,
            0,
            0,
            0,
            0
        ],
        "margin_right": [
            0,
            0,
            0,
            0,
            0,
            0,
            0,
            0,
            0,
            0,
            0,
            0
        ],
        "margin_top": [
            0,
            0,
            0,
            0,
            0,
            0,
            0,
            0,
            0,
            0,
            0,
            0
        ],
        "margin_bottom": [
            0,
            0,
            0,
            0,
            0,
            0,
            0,
            0,
            0,
            0,
            0,
            0
        ],
        "background_color": [
            125.9921568627451,
            131.01176470588234,
            122.98039215686273,
            139.04313725490195,
            129.00392156862745,
            138.0392156862745,
            124.98823529411764,
            132.0156862745098,
            141.05098039215687,
            130.0078431372549,
            120.97254901960784,
            119.96862745098039
        ],
        "background_proportion": [
            0.010039718062789246,
            0.010295915014949883,
            0.009991681134259153,
            0.009783521110628893,
            0.010712235062210687,
            0.010295915014949883,
            0.009831558039158986,
            0.009783521110628893,
            0.009815545729648954,
            0.010151804229359605,
            0.009991681134259293,
            0.010408001181520098
        ],
        "is_uniform": [
            false,
            false,
            false,
            false,
            false,
            false,
            false,
            false,
            false,
            false,
            false,
            false
        ],
        "bad_properties": [
            false,
            false,
            false,
            false,
            false,
            false,
            false,
            false,
            false,
            false,
            false,
            false
        ]
    }
}