{
    "recording": "dynamic29647-19-8-Video-9b4f6a1a067fe51e15306b9628efea20",
    "trial": "314",
    "trial_type": "final_test_bonus",
    "first_label": "NaturalImages",
    "label": "NaturalImages",
    "ID": null,
    "sampling_freq": 30,
    "valid_frames": 306,
    "peaks": [
        13,
        29,
        43,
        58,
        73,
        88,
        104,
        119,
        137,
        152,
        167,
        183,
        199,
        215,
        231,
        246,
        260,
        276,
        290
    ],
    "n_peaks": 19,
    "segments_n_peaks": 20,
    "segments_bad_n": 0,
    "segments_avg_duration": 15.3,
    "segments": {
        "frame_start": [
            0,
            14,
            30,
            44,
            59,
            74,
            89,
            105,
            120,
            138,
            153,
            168,
            184,
            200,
            216,
            232,
            247,
            261,
            277,
            291
        ],
        "frame_end": [
            14,
            30,
            44,
            59,
            74,
            89,
            105,
            120,
            138,
            153,
            168,
            184,
            200,
            216,
            232,
            247,
            261,
            277,
            291,
            306
        ],
        "duration": [
            14,
            16,
            14,
            15,
            15,
            15,
            16,
            15,
            18,
            15,
            15,
            16,
            16,
            16,
            16,
            15,
            14,
            16,
            14,
            15
        ],
        "transition_start": [
            1,
            0,
            0,
            0,
            1,
            0,
            1,
            0,
            1,
            0,
            1,
            1,
            0,
            1,
            0,
            0,
            0,
            0,
            0,
            0
        ],
        "transition_end": [
            0,
            0,
            0,
            0,
            0,
            0,
            0,
            0,
            0,
            0,
            0,
            0,
            0,
            0,
            1,
            0,
            0,
            1,
            1,
            0
        ],
        "max_change": [
            2.0194839173657902e-28,
            36.73411434402872,
            8.495334183177645,
            0.09535690656968146,
            12.7147926605496,
            0.4699275187959274,
            22.17876810655592,
            1.9511701495762754,
            7.964037664363423,
            1.4725499124239867,
            2.0194839173657902e-28,
            3.324368160749282,
            1.4884810784209006,
            3.8423858352374864,
            3.03797761656381,
            3.6934940944395853,
            5.015645866190362,
            5.977506731782943,
            2.0194839173657902e-28,
            12.733620776505084
        ],
        "is_static": [
            true,
            true,
            true,
            true,
            true,
            true,
            true,
            true,
            true,
            true,
            true,
            true,
            true,
            true,
            true,
            true,
            true,
            true,
            true,
            true
        ],
        "intensity_range": [
            1.4210854715202004e-14,
            166.75,
            15.610930672151255,
            249.8125,
            14.029291735772901,
            242.00000000000003,
            12.453888118028473,
            233.62500000000003,
            10.188907091694801,
            210.8125,
            1.4210854715202004e-14,
            227.0625,
            6.291555207842578,
            238.0625,
            7.744457473432277,
            251.1875,
            9.343510414239745,
            231.37499999999997,
            1.4210854715202004e-14,
            207.81723652173935
        ],
        "margin_left": [
            64,
            0,
            64,
            0,
            64,
            0,
            64,
            0,
            64,
            0,
            64,
            0,
            64,
            0,
            64,
            0,
            64,
            0,
            64,
            0
        ],
        "margin_right": [
            64,
            0,
            64,
            0,
            64,
            0,
            64,
            0,
            64,
            0,
            64,
            0,
            64,
            0,
            64,
            0,
            64,
            0,
            64,
            0
        ],
        "margin_top": [
            36,
            0,
            36,
            0,
            36,
            0,
            36,
            0,
            36,
            0,
            36,
            0,
            36,
            0,
            36,
            0,
            36,
            0,
            36,
            0
        ],
        "margin_bottom": [
            36,
            0,
            36,
            0,
            36,
            0,
            36,
            0,
            36,
            0,
            36,
            0,
            36,
            0,
            36,
            0,
            36,
            0,
            36,
            0
        ],
        "background_color": [
            128.0,
            50.69803921568628,
            128.0,
            111.93725490196078,
            128.0,
            91.85882352941177,
            128.0,
            1.5058823529411764,
            128.0,
            249.47450980392156,
            128.0,
            108.92549019607843,
            128.0,
            63.74901960784314,
            128.0,
            66.76078431372548,
            128.0,
            211.32549019607842,
            128.0,
            178.19607843137254
        ],
        "background_proportion": [
            0.9960937500000036,
            0.02002239227294915,
            0.9364010038830017,
            0.019426133897569513,
            0.9309350876581134,
            0.011327107747395872,
            0.933693779839413,
            0.054877387152777776,
            0.9439595540364617,
            0.011298285590277818,
            0.9960937500000034,
            0.020550198025173685,
            0.951320330301924,
            0.015102810329861164,
            0.9421674940321214,
            0.041071573893228734,
            0.8686792282831132,
            0.010865953233506982,
            0.9960937500000036,
            0.011240641276041706
        ],
        "is_uniform": [
            true,
            false,
            true,
            false,
            true,
            false,
            true,
            false,
            true,
            false,
            true,
            false,
            true,
            false,
            true,
            false,
            true,
            false,
            true,
            false
        ],
        "bad_properties": [
            false,
            false,
            false,
            false,
            false,
            false,
            false,
            false,
            false,
            false,
            false,
            false,
            false,
            false,
            false,
            false,
            false,
            false,
            false,
            false
        ]
    }
}