{
    "recording": "dynamic29647-19-8-Video-9b4f6a1a067fe51e15306b9628efea20",
    "trial": "342",
    "trial_type": "train",
    "first_label": "NaturalVideo",
    "label": "NaturalVideo",
    "ID": null,
    "sampling_freq": 30,
    "valid_frames": 300,
    "peaks": [
        283
    ],
    "n_peaks": 1,
    "segments_n_peaks": 2,
    "segments_bad_n": 0,
    "segments_avg_duration": 150.0,
    "segments": {
        "frame_start": [
            0,
            284
        ],
        "frame_end": [
            284,
            300
        ],
        "duration": [
            284,
            16
        ],
        "transition_start": [
            0,
            1
        ],
        "transition_end": [
            0,
            0
        ],
        "max_change": [
            1512.0357166675187,
            28.567732032070012
        ],
        "is_static": [
            false,
            true
        ],
        "intensity_range": [
            236.18750000000003,
            164.09370196578578
        ],
        "margin_left": [
            0,
            0
        ],
        "margin_right": [
            0,
            0
        ],
        "margin_top": [
            0,
            0
        ],
        "margin_bottom": [
            0,
            0
        ],
        "background_color": [
            88.84705882352941,
            8.533333333333333
        ],
        "background_proportion": [
            0.015460448645649997,
            0.022625393337673612
        ],
        "is_uniform": [
            false,
            false
        ],
        "bad_properties": [
            false,
            false
        ]
    }
}