{
    "recording": "dynamic29647-19-8-Video-9b4f6a1a067fe51e15306b9628efea20",
    "trial": "343",
    "trial_type": "train",
    "first_label": "NaturalVideo",
    "label": "NaturalVideo",
    "ID": null,
    "sampling_freq": 30,
    "valid_frames": 300,
    "peaks": [
        141
    ],
    "n_peaks": 1,
    "segments_n_peaks": 2,
    "segments_bad_n": 0,
    "segments_avg_duration": 150.0,
    "segments": {
        "frame_start": [
            0,
            142
        ],
        "frame_end": [
            142,
            300
        ],
        "duration": [
            142,
            158
        ],
        "transition_start": [
            0,
            0
        ],
        "transition_end": [
            0,
            0
        ],
        "max_change": [
            241.50043179318357,
            175.72212064690746
        ],
        "is_static": [
            false,
            false
        ],
        "intensity_range": [
            216.47123692502254,
            212.66428685405083
        ],
        "margin_left": [
            5,
            5
        ],
        "margin_right": [
            6,
            6
        ],
        "margin_top": [
            0,
            0
        ],
        "margin_bottom": [
            0,
            0
        ],
        "background_color": [
            0.5019607843137255,
            0.5019607843137255
        ],
        "background_proportion": [
            0.17114881058813822,
            0.1711789867545985
        ],
        "is_uniform": [
            false,
            false
        ],
        "bad_properties": [
            false,
            false
        ]
    }
}