{
    "recording": "dynamic29647-19-8-Video-9b4f6a1a067fe51e15306b9628efea20",
    "trial": "353",
    "trial_type": "final_test_bonus",
    "first_label": "PinkNoise",
    "label": "PinkNoise",
    "ID": null,
    "sampling_freq": 30,
    "valid_frames": 324,
    "peaks": [
        26,
        53,
        80,
        108,
        134,
        161,
        188,
        215,
        242,
        269,
        296
    ],
    "n_peaks": 11,
    "segments_n_peaks": 12,
    "segments_bad_n": 0,
    "segments_avg_duration": 27.0,
    "segments": {
        "frame_start": [
            0,
            27,
            54,
            81,
            109,
            135,
            162,
            189,
            216,
            243,
            270,
            297
        ],
        "frame_end": [
            27,
            54,
            81,
            109,
            135,
            162,
            189,
            216,
            243,
            270,
            297,
            324
        ],
        "duration": [
            27,
            27,
            27,
            28,
            26,
            27,
            27,
            27,
            27,
            27,
            27,
            27
        ],
        "transition_start": [
            0,
            0,
            0,
            0,
            0,
            0,
            0,
            0,
            0,
            0,
            0,
            0
        ],
        "transition_end": [
            0,
            0,
            0,
            0,
            0,
            0,
            0,
            0,
            0,
            0,
            0,
            0
        ],
        "max_change": [
            434.04537421869964,
            408.9612332173108,
            409.38253438370987,
            441.59198436177735,
            454.46770595115663,
            407.1092183498567,
            386.7056508458312,
            426.6433495921333,
            440.3091441199783,
            418.9825016612741,
            395.1588462281273,
            481.99244502115846
        ],
        "is_static": [
            false,
            false,
            false,
            false,
            false,
            false,
            false,
            false,
            false,
            false,
            false,
            false
        ],
        "intensity_range": [
            254.81648700235593,
            254.4261805877215,
            254.6585244261366,
            254.8822040740503,
            253.6286810946137,
            252.99770729496856,
            254.89771330363982,
            254.38979435747007,
            254.37091634824426,
            254.72886002915433,
            254.69893935978416,
            254.22717399362998
        ],
        "margin_left": [
            0,
            0,
            0,
            0,
            0,
            0,
            0,
            0,
            0,
            0,
            0,
            0
        ],
        "margin_right": [
            0,
            0,
            0,
            0,
            0,
            0,
            0,
            0,
            0,
            0,
            0,
            0
        ],
        "margin_top": [
            0,
            0,
            0,
            0,
            0,
            0,
            0,
            0,
            0,
            0,
            0,
            0
        ],
        "margin_bottom": [
            0,
            0,
            0,
            0,
            0,
            0,
            0,
            0,
            0,
            0,
            0,
            0
        ],
        "background_color": [
            135.02745098039216,
            139.04313725490195,
            123.9843137254902,
            123.9843137254902,
            120.97254901960784,
            122.98039215686273,
            121.97647058823529,
            121.97647058823529,
            140.04705882352943,
            138.0392156862745,
            134.0235294117647,
            136.0313725490196
        ],
        "background_proportion": [
            0.010231865776909758,
            0.009975668824749264,
            0.010840333538290933,
            0.009959084647042446,
            0.010093297713842184,
            0.01016781653886949,
            0.010504075038580283,
            0.009383213372878119,
            0.009959656515238951,
            0.010151804229359605,
            0.010888370466821026,
            0.009879594967689078
        ],
        "is_uniform": [
            false,
            false,
            false,
            false,
            false,
            false,
            false,
            false,
            false,
            false,
            false,
            false
        ],
        "bad_properties": [
            false,
            false,
            false,
            false,
            false,
            false,
            false,
            false,
            false,
            false,
            false,
            false
        ]
    }
}