{
    "recording": "dynamic29647-19-8-Video-9b4f6a1a067fe51e15306b9628efea20",
    "trial": "356",
    "trial_type": "final_test_bonus",
    "first_label": "NaturalImages",
    "label": "NaturalImages",
    "ID": null,
    "sampling_freq": 30,
    "valid_frames": 313,
    "peaks": [
        14,
        29,
        44,
        60,
        78,
        94,
        113,
        128,
        145,
        161,
        175,
        190,
        204,
        220,
        236,
        251,
        265,
        281,
        297
    ],
    "n_peaks": 19,
    "segments_n_peaks": 20,
    "segments_bad_n": 0,
    "segments_avg_duration": 15.65,
    "segments": {
        "frame_start": [
            0,
            15,
            30,
            45,
            61,
            79,
            95,
            114,
            129,
            146,
            162,
            176,
            191,
            205,
            221,
            237,
            252,
            266,
            282,
            298
        ],
        "frame_end": [
            15,
            30,
            45,
            61,
            79,
            95,
            114,
            129,
            146,
            162,
            176,
            191,
            205,
            221,
            237,
            252,
            266,
            282,
            298,
            313
        ],
        "duration": [
            15,
            15,
            15,
            16,
            18,
            16,
            19,
            15,
            17,
            16,
            14,
            15,
            14,
            16,
            16,
            15,
            14,
            16,
            16,
            15
        ],
        "transition_start": [
            1,
            0,
            1,
            0,
            0,
            1,
            0,
            0,
            1,
            1,
            0,
            0,
            1,
            1,
            0,
            0,
            0,
            0,
            0,
            0
        ],
        "transition_end": [
            0,
            0,
            0,
            0,
            0,
            0,
            0,
            0,
            0,
            0,
            0,
            0,
            0,
            0,
            1,
            0,
            0,
            1,
            0,
            0
        ],
        "max_change": [
            29.340476985576906,
            0.03351710555336511,
            2.0194839173657902e-28,
            42.44843664755648,
            0.15150964162594713,
            5.526522006526367,
            12.943155598373242,
            1.4106093793114343,
            2.0194839173657902e-28,
            8.884754936331543,
            2.636328429218173,
            0.9688696423867255,
            2.0194839173657902e-28,
            5.476416052371986,
            4.7059152023009005,
            3.7555399967531278,
            5.543687045153727,
            6.268798888376879,
            1.211482464376076,
            4.127994531522815
        ],
        "is_static": [
            true,
            true,
            true,
            true,
            true,
            true,
            true,
            true,
            true,
            true,
            true,
            true,
            true,
            true,
            true,
            true,
            true,
            true,
            true,
            true
        ],
        "intensity_range": [
            15.958273925610428,
            238.68750000000003,
            1.4210854715202004e-14,
            204.75000000000003,
            1.8789382733935156,
            204.125,
            12.350764428915511,
            237.6875,
            1.4210854715202004e-14,
            236.9375,
            10.171712699686495,
            238.5625,
            1.4210854715202004e-14,
            244.8125,
            8.139519523936855,
            220.43750000000003,
            8.413044776357339,
            239.75000000000006,
            4.9861482854214785,
            205.3125
        ],
        "margin_left": [
            64,
            0,
            64,
            0,
            64,
            1,
            64,
            0,
            64,
            0,
            64,
            0,
            64,
            0,
            64,
            0,
            64,
            0,
            64,
            0
        ],
        "margin_right": [
            64,
            0,
            64,
            3,
            64,
            0,
            64,
            0,
            64,
            0,
            64,
            0,
            64,
            0,
            64,
            0,
            64,
            0,
            64,
            0
        ],
        "margin_top": [
            36,
            0,
            36,
            0,
            36,
            0,
            36,
            0,
            36,
            0,
            36,
            0,
            36,
            0,
            36,
            0,
            36,
            0,
            36,
            0
        ],
        "margin_bottom": [
            36,
            0,
            36,
            0,
            36,
            0,
            36,
            0,
            36,
            0,
            36,
            0,
            36,
            0,
            36,
            0,
            36,
            0,
            36,
            0
        ],
        "background_color": [
            128.0,
            4.517647058823529,
            128.0,
            92.86274509803921,
            128.0,
            157.1137254901961,
            128.0,
            37.647058823529406,
            128.0,
            255.49803921568628,
            128.0,
            101.89803921568628,
            128.0,
            77.80392156862746,
            128.0,
            65.75686274509803,
            128.0,
            254.49411764705883,
            128.0,
            153.09803921568627
        ],
        "background_proportion": [
            0.926797049386164,
            0.021299574110243056,
            0.9960937500000034,
            0.021967887878418045,
            0.9848771271882268,
            0.015996297200520888,
            0.9229840730365987,
            0.01807149251302077,
            0.9960937500000036,
            0.07101779513888914,
            0.8772949945359034,
            0.03314548068576354,
            0.9960937500000036,
            0.014411078559027625,
            0.9383917914496561,
            0.015563964843750056,
            0.8658999488467293,
            0.0290527343750001,
            0.9490235646565789,
            0.018100314670138954
        ],
        "is_uniform": [
            true,
            false,
            true,
            false,
            true,
            false,
            true,
            false,
            true,
            false,
            true,
            false,
            true,
            false,
            true,
            false,
            true,
            false,
            true,
            false
        ],
        "bad_properties": [
            false,
            false,
            false,
            false,
            false,
            false,
            false,
            false,
            false,
            false,
            false,
            false,
            false,
            false,
            false,
            false,
            false,
            false,
            false,
            false
        ]
    }
}