{
    "recording": "dynamic29647-19-8-Video-9b4f6a1a067fe51e15306b9628efea20",
    "trial": "389",
    "trial_type": "final_test_bonus",
    "first_label": "NaturalVideo",
    "label": "NaturalVideo",
    "ID": null,
    "sampling_freq": 30,
    "valid_frames": 300,
    "peaks": [
        61,
        156,
        213,
        273
    ],
    "n_peaks": 4,
    "segments_n_peaks": 5,
    "segments_bad_n": 0,
    "segments_avg_duration": 60.0,
    "segments": {
        "frame_start": [
            0,
            62,
            157,
            214,
            274
        ],
        "frame_end": [
            62,
            157,
            214,
            274,
            300
        ],
        "duration": [
            62,
            95,
            57,
            60,
            26
        ],
        "transition_start": [
            0,
            0,
            0,
            0,
            0
        ],
        "transition_end": [
            0,
            0,
            0,
            0,
            0
        ],
        "max_change": [
            184.33192570344661,
            456.35863522924996,
            1607.9702529540225,
            1279.209975955719,
            243.98698867727865
        ],
        "is_static": [
            false,
            false,
            false,
            false,
            false
        ],
        "intensity_range": [
            209.33896070298312,
            245.37499999999997,
            203.28195018004632,
            202.47787358595264,
            183.85576545922206
        ],
        "margin_left": [
            0,
            0,
            0,
            0,
            0
        ],
        "margin_right": [
            0,
            0,
            0,
            0,
            0
        ],
        "margin_top": [
            0,
            0,
            0,
            0,
            0
        ],
        "margin_bottom": [
            0,
            0,
            0,
            0,
            0
        ],
        "background_color": [
            1.5058823529411764,
            60.73725490196078,
            52.705882352941174,
            72.7843137254902,
            3.5137254901960784
        ],
        "background_proportion": [
            0.04253592542422715,
            0.02816531532689155,
            0.020789877015944883,
            0.029751671685112953,
            0.07313068096454327
        ],
        "is_uniform": [
            false,
            false,
            false,
            false,
            false
        ],
        "bad_properties": [
            false,
            false,
            false,
            false,
            false
        ]
    }
}