{
    "recording": "dynamic29647-19-8-Video-9b4f6a1a067fe51e15306b9628efea20",
    "trial": "445",
    "trial_type": "live_test_main",
    "first_label": "NaturalVideo",
    "label": "NaturalVideo",
    "ID": null,
    "sampling_freq": 30,
    "valid_frames": 300,
    "peaks": [
        58,
        188
    ],
    "n_peaks": 2,
    "segments_n_peaks": 3,
    "segments_bad_n": 0,
    "segments_avg_duration": 100.0,
    "segments": {
        "frame_start": [
            0,
            59,
            189
        ],
        "frame_end": [
            59,
            189,
            300
        ],
        "duration": [
            59,
            130,
            111
        ],
        "transition_start": [
            0,
            0,
            0
        ],
        "transition_end": [
            0,
            0,
            0
        ],
        "max_change": [
            5867.341936236956,
            642.6565766107374,
            267.52524958708517
        ],
        "is_static": [
            false,
            false,
            false
        ],
        "intensity_range": [
            254.1855231069672,
            255.0,
            216.56324985013583
        ],
        "margin_left": [
            0,
            0,
            0
        ],
        "margin_right": [
            0,
            0,
            0
        ],
        "margin_top": [
            0,
            0,
            0
        ],
        "margin_bottom": [
            0,
            0,
            0
        ],
        "background_color": [
            145.06666666666666,
            253.49019607843138,
            2.5098039215686274
        ],
        "background_proportion": [
            0.017945456639521604,
            0.07847497402093377,
            0.022368330855269333
        ],
        "is_uniform": [
            false,
            false,
            false
        ],
        "bad_properties": [
            false,
            false,
            false
        ]
    }
}