{
    "recording": "dynamic29647-19-8-Video-9b4f6a1a067fe51e15306b9628efea20",
    "trial": "50",
    "trial_type": "final_test_bonus",
    "first_label": "NaturalImages",
    "label": "NaturalImages",
    "ID": null,
    "sampling_freq": 30,
    "valid_frames": 319,
    "peaks": [
        14,
        30,
        45,
        61,
        76,
        91,
        109,
        125,
        142,
        158,
        172,
        188,
        206,
        221,
        240,
        255,
        273,
        288,
        303
    ],
    "n_peaks": 19,
    "segments_n_peaks": 20,
    "segments_bad_n": 0,
    "segments_avg_duration": 15.95,
    "segments": {
        "frame_start": [
            0,
            15,
            31,
            46,
            62,
            77,
            92,
            110,
            126,
            143,
            159,
            173,
            189,
            207,
            222,
            241,
            256,
            274,
            289,
            304
        ],
        "frame_end": [
            15,
            31,
            46,
            62,
            77,
            92,
            110,
            126,
            143,
            159,
            173,
            189,
            207,
            222,
            241,
            256,
            274,
            289,
            304,
            319
        ],
        "duration": [
            15,
            16,
            15,
            16,
            15,
            15,
            18,
            16,
            17,
            16,
            14,
            16,
            18,
            15,
            19,
            15,
            18,
            15,
            15,
            15
        ],
        "transition_start": [
            1,
            0,
            0,
            1,
            0,
            0,
            1,
            1,
            0,
            1,
            0,
            1,
            0,
            0,
            1,
            0,
            0,
            0,
            0,
            0
        ],
        "transition_end": [
            0,
            0,
            0,
            0,
            0,
            0,
            0,
            0,
            0,
            0,
            0,
            0,
            0,
            0,
            1,
            0,
            1,
            0,
            1,
            0
        ],
        "max_change": [
            2.0194839173657902e-28,
            19.080552826986015,
            0.0437914840498998,
            8.80537967762662,
            14.593015913612545,
            0.5885991128121619,
            2.0194839173657902e-28,
            33.753405756238415,
            4.794081484111867,
            5.844667606258552,
            1.627744849734812,
            12.967657940835567,
            6.292321737419517,
            3.4226245596149165,
            2.0194839173657902e-28,
            2.358313353895335,
            3.701297752299556,
            2.773202143747173,
            7.89295213177012,
            4.331596725435663
        ],
        "is_static": [
            true,
            true,
            true,
            true,
            true,
            true,
            true,
            true,
            true,
            true,
            true,
            true,
            true,
            true,
            true,
            true,
            true,
            true,
            true,
            true
        ],
        "intensity_range": [
            1.4210854715202004e-14,
            157.56250000000003,
            0.7328826609259522,
            198.93750000000003,
            14.632773624762066,
            254.25000000000003,
            1.4210854715202004e-14,
            233.12500000000003,
            4.409946739237924,
            226.5625,
            5.409236078364273,
            217.75,
            6.895329128206441,
            115.25000000000003,
            1.4210854715202004e-14,
            217.9375,
            8.376198112558399,
            249.75000000000003,
            10.837039068240188,
            231.27104070603377
        ],
        "margin_left": [
            64,
            2,
            64,
            0,
            64,
            0,
            64,
            0,
            64,
            0,
            64,
            0,
            64,
            4,
            64,
            0,
            64,
            0,
            64,
            0
        ],
        "margin_right": [
            64,
            0,
            64,
            0,
            64,
            0,
            64,
            0,
            64,
            0,
            64,
            0,
            64,
            3,
            64,
            0,
            64,
            0,
            64,
            0
        ],
        "margin_top": [
            36,
            0,
            36,
            0,
            36,
            0,
            36,
            0,
            36,
            0,
            36,
            0,
            36,
            0,
            36,
            0,
            36,
            0,
            36,
            0
        ],
        "margin_bottom": [
            36,
            0,
            36,
            0,
            36,
            0,
            36,
            0,
            36,
            0,
            36,
            0,
            36,
            0,
            36,
            0,
            36,
            0,
            36,
            0
        ],
        "background_color": [
            128.0,
            106.91764705882352,
            128.0,
            110.93333333333334,
            128.0,
            95.87450980392157,
            128.0,
            254.49411764705883,
            128.0,
            148.078431372549,
            128.0,
            32.627450980392155,
            128.0,
            184.21960784313725,
            128.0,
            173.1764705882353,
            128.0,
            230.4,
            128.0,
            25.6
        ],
        "background_proportion": [
            0.9960937500000034,
            0.024183591206868235,
            0.9923180474175383,
            0.025853474934895926,
            0.9162851969401075,
            0.016976250542534783,
            0.9960937500000036,
            0.2525973849826398,
            0.9384663899739617,
            0.011384752061631986,
            0.9459123157319602,
            0.031589084201389,
            0.8871219776294881,
            0.13549296061197963,
            0.9960937500000036,
            0.021126641167534797,
            0.9442647298177117,
            0.016169230143229223,
            0.9364627656482548,
            0.031502617730034724
        ],
        "is_uniform": [
            true,
            false,
            true,
            false,
            true,
            false,
            true,
            false,
            true,
            false,
            true,
            false,
            true,
            false,
            true,
            false,
            true,
            false,
            true,
            false
        ],
        "bad_properties": [
            false,
            false,
            false,
            false,
            false,
            false,
            false,
            false,
            false,
            false,
            false,
            false,
            false,
            false,
            false,
            false,
            false,
            false,
            false,
            false
        ]
    }
}