{
    "recording": "dynamic29647-19-8-Video-9b4f6a1a067fe51e15306b9628efea20",
    "trial": "534",
    "trial_type": "final_test_bonus",
    "first_label": "NaturalImages",
    "label": "NaturalImages",
    "ID": null,
    "sampling_freq": 30,
    "valid_frames": 306,
    "peaks": [
        13,
        29,
        43,
        58,
        73,
        88,
        104,
        119,
        137,
        152,
        167,
        183,
        199,
        215,
        231,
        246,
        260,
        276,
        290
    ],
    "n_peaks": 19,
    "segments_n_peaks": 20,
    "segments_bad_n": 0,
    "segments_avg_duration": 15.3,
    "segments": {
        "frame_start": [
            0,
            14,
            30,
            44,
            59,
            74,
            89,
            105,
            120,
            138,
            153,
            168,
            184,
            200,
            216,
            232,
            247,
            261,
            277,
            291
        ],
        "frame_end": [
            14,
            30,
            44,
            59,
            74,
            89,
            105,
            120,
            138,
            153,
            168,
            184,
            200,
            216,
            232,
            247,
            261,
            277,
            291,
            306
        ],
        "duration": [
            14,
            16,
            14,
            15,
            15,
            15,
            16,
            15,
            18,
            15,
            15,
            16,
            16,
            16,
            16,
            15,
            14,
            16,
            14,
            15
        ],
        "transition_start": [
            1,
            0,
            0,
            0,
            1,
            0,
            1,
            0,
            1,
            0,
            1,
            1,
            0,
            1,
            0,
            0,
            0,
            0,
            0,
            0
        ],
        "transition_end": [
            0,
            0,
            0,
            0,
            0,
            0,
            0,
            0,
            0,
            0,
            0,
            0,
            0,
            0,
            1,
            0,
            0,
            1,
            1,
            0
        ],
        "max_change": [
            2.0194839173657902e-28,
            36.72490884315635,
            8.496138040950285,
            0.09558414512579831,
            12.714360384818134,
            0.47001062831129087,
            22.169748741954646,
            1.9523864760433784,
            7.963388125634316,
            1.473527650172731,
            2.0194839173657902e-28,
            3.322627856827482,
            1.4895400633888534,
            3.840523069379072,
            3.039266193917932,
            3.6903019693627623,
            5.018569699621964,
            5.980804029749203,
            2.0194839173657902e-28,
            12.720547617579099
        ],
        "is_static": [
            true,
            true,
            true,
            true,
            true,
            true,
            true,
            true,
            true,
            true,
            true,
            true,
            true,
            true,
            true,
            true,
            true,
            true,
            true,
            true
        ],
        "intensity_range": [
            1.4210854715202004e-14,
            166.74999999999997,
            15.611669234687199,
            249.8125,
            14.029053250802875,
            242.00000000000003,
            12.451355570250186,
            233.625,
            10.188491584825684,
            210.81250000000003,
            1.4210854715202004e-14,
            227.0625,
            6.293792884177378,
            238.0625,
            7.746099729532332,
            251.1875,
            9.346233382395127,
            231.37499999999994,
            1.4210854715202004e-14,
            207.8167206255335
        ],
        "margin_left": [
            64,
            0,
            64,
            0,
            64,
            0,
            64,
            0,
            64,
            0,
            64,
            0,
            64,
            0,
            64,
            0,
            64,
            0,
            64,
            0
        ],
        "margin_right": [
            64,
            0,
            64,
            0,
            64,
            0,
            64,
            0,
            64,
            0,
            64,
            0,
            64,
            0,
            64,
            0,
            64,
            0,
            64,
            0
        ],
        "margin_top": [
            36,
            0,
            36,
            0,
            36,
            0,
            36,
            0,
            36,
            0,
            36,
            0,
            36,
            0,
            36,
            0,
            36,
            0,
            36,
            0
        ],
        "margin_bottom": [
            36,
            0,
            36,
            0,
            36,
            0,
            36,
            0,
            36,
            0,
            36,
            0,
            36,
            0,
            36,
            0,
            36,
            0,
            36,
            0
        ],
        "background_color": [
            128.0,
            50.69803921568628,
            128.0,
            111.93725490196078,
            128.0,
            91.85882352941177,
            128.0,
            1.5058823529411764,
            128.0,
            249.47450980392156,
            128.0,
            108.92549019607843,
            128.0,
            63.74901960784314,
            128.0,
            66.76078431372548,
            128.0,
            211.32549019607842,
            128.0,
            178.19607843137254
        ],
        "background_proportion": [
            0.9960937500000036,
            0.01999537150065097,
            0.9364010038830017,
            0.019426133897569513,
            0.9309350876581134,
            0.011327107747395872,
            0.933693779839413,
            0.054877387152777776,
            0.9439595540364617,
            0.011298285590277818,
            0.9960937500000034,
            0.020550198025173685,
            0.951320330301924,
            0.015102810329861164,
            0.9421674940321214,
            0.041071573893228734,
            0.8686792282831132,
            0.010865953233506982,
            0.9960937500000036,
            0.011240641276041706
        ],
        "is_uniform": [
            true,
            false,
            true,
            false,
            true,
            false,
            true,
            false,
            true,
            false,
            true,
            false,
            true,
            false,
            true,
            false,
            true,
            false,
            true,
            false
        ],
        "bad_properties": [
            false,
            false,
            false,
            false,
            false,
            false,
            false,
            false,
            false,
            false,
            false,
            false,
            false,
            false,
            false,
            false,
            false,
            false,
            false,
            false
        ]
    }
}