{
    "recording": "dynamic29647-19-8-Video-9b4f6a1a067fe51e15306b9628efea20",
    "trial": "61",
    "trial_type": "final_test_bonus",
    "first_label": "NaturalImages",
    "label": "NaturalImages",
    "ID": null,
    "sampling_freq": 30,
    "valid_frames": 305,
    "peaks": [
        13,
        29,
        43,
        58,
        73,
        88,
        103,
        119,
        136,
        152,
        167,
        182,
        199,
        214,
        230,
        246,
        260,
        275,
        289
    ],
    "n_peaks": 19,
    "segments_n_peaks": 20,
    "segments_bad_n": 0,
    "segments_avg_duration": 15.25,
    "segments": {
        "frame_start": [
            0,
            14,
            30,
            44,
            59,
            74,
            89,
            104,
            120,
            137,
            153,
            168,
            183,
            200,
            215,
            231,
            247,
            261,
            276,
            290
        ],
        "frame_end": [
            14,
            30,
            44,
            59,
            74,
            89,
            104,
            120,
            137,
            153,
            168,
            183,
            200,
            215,
            231,
            247,
            261,
            276,
            290,
            305
        ],
        "duration": [
            14,
            16,
            14,
            15,
            15,
            15,
            15,
            16,
            17,
            16,
            15,
            15,
            17,
            15,
            16,
            16,
            14,
            15,
            14,
            15
        ],
        "transition_start": [
            1,
            0,
            0,
            0,
            1,
            0,
            1,
            1,
            0,
            1,
            0,
            0,
            1,
            0,
            1,
            0,
            0,
            0,
            0,
            0
        ],
        "transition_end": [
            0,
            0,
            0,
            0,
            0,
            0,
            0,
            0,
            0,
            0,
            0,
            0,
            0,
            0,
            0,
            1,
            1,
            0,
            0,
            0
        ],
        "max_change": [
            2.0194839173657902e-28,
            36.688095745995945,
            8.500157900264773,
            0.09493156318713933,
            12.727331853294153,
            0.46718902733091183,
            2.0194839173657902e-28,
            20.37286910776776,
            2.5332014846622304,
            7.2575957745598965,
            3.733975245056774,
            1.2338269743417174,
            4.384572369116293,
            2.5889769445260518,
            4.295687445013089,
            4.361119885291714,
            2.0194839173657902e-28,
            2.961909243910055,
            6.643678973709288,
            5.916801935360315
        ],
        "is_static": [
            true,
            true,
            true,
            true,
            true,
            true,
            true,
            true,
            true,
            true,
            true,
            true,
            true,
            true,
            true,
            true,
            true,
            true,
            true,
            true
        ],
        "intensity_range": [
            1.4210854715202004e-14,
            166.75,
            15.615362047366887,
            249.8125,
            14.036207799903664,
            242.00000000000003,
            1.4210854715202004e-14,
            233.62500000000003,
            4.208924318866849,
            210.81250000000003,
            9.964879925536195,
            227.0625,
            9.30384219899517,
            238.0625,
            8.646950615708732,
            251.1875,
            1.4210854715202004e-14,
            231.37499999999994,
            9.588639847565204,
            206.81250000000003
        ],
        "margin_left": [
            64,
            0,
            64,
            0,
            64,
            0,
            64,
            0,
            64,
            0,
            64,
            0,
            64,
            0,
            64,
            0,
            64,
            0,
            64,
            0
        ],
        "margin_right": [
            64,
            0,
            64,
            0,
            64,
            0,
            64,
            0,
            64,
            0,
            64,
            0,
            64,
            0,
            64,
            0,
            64,
            0,
            64,
            0
        ],
        "margin_top": [
            36,
            0,
            36,
            0,
            36,
            0,
            36,
            0,
            36,
            0,
            36,
            0,
            36,
            0,
            36,
            0,
            36,
            0,
            36,
            0
        ],
        "margin_bottom": [
            36,
            0,
            36,
            0,
            36,
            0,
            36,
            0,
            36,
            0,
            36,
            0,
            36,
            0,
            36,
            0,
            36,
            0,
            36,
            0
        ],
        "background_color": [
            128.0,
            50.69803921568628,
            128.0,
            111.93725490196078,
            128.0,
            91.85882352941177,
            128.0,
            1.5058823529411764,
            128.0,
            249.47450980392156,
            128.0,
            108.92549019607843,
            128.0,
            63.74901960784314,
            128.0,
            66.76078431372548,
            128.0,
            211.32549019607842,
            128.0,
            178.19607843137254
        ],
        "background_proportion": [
            0.9960937500000036,
            0.01999537150065097,
            0.9364010038830017,
            0.019426133897569513,
            0.9309350876581134,
            0.011327107747395872,
            0.9960937500000034,
            0.054877387152777776,
            0.9452056884765658,
            0.011298285590277818,
            0.8909793429904546,
            0.020348442925347293,
            0.9437274932861361,
            0.015045166015625052,
            0.937267727322052,
            0.040869818793402346,
            0.9960937500000036,
            0.010923597547743096,
            0.8713967459542441,
            0.011528862847222264
        ],
        "is_uniform": [
            true,
            false,
            true,
            false,
            true,
            false,
            true,
            false,
            true,
            false,
            true,
            false,
            true,
            false,
            true,
            false,
            true,
            false,
            true,
            false
        ],
        "bad_properties": [
            false,
            false,
            false,
            false,
            false,
            false,
            false,
            false,
            false,
            false,
            false,
            false,
            false,
            false,
            false,
            false,
            false,
            false,
            false,
            false
        ]
    }
}