{
    "recording": "dynamic29647-19-8-Video-9b4f6a1a067fe51e15306b9628efea20",
    "trial": "653",
    "trial_type": "final_test_bonus",
    "first_label": "PinkNoise",
    "label": "PinkNoise",
    "ID": null,
    "sampling_freq": 30,
    "valid_frames": 324,
    "peaks": [
        26,
        53,
        80,
        134,
        161,
        188,
        215,
        242,
        269,
        296
    ],
    "n_peaks": 10,
    "segments_n_peaks": 11,
    "segments_bad_n": 0,
    "segments_avg_duration": 27.0,
    "segments": {
        "frame_start": [
            0,
            27,
            54,
            81,
            108,
            135,
            162,
            189,
            216,
            243,
            270,
            297
        ],
        "frame_end": [
            27,
            54,
            81,
            108,
            135,
            162,
            189,
            216,
            243,
            270,
            297,
            324
        ],
        "duration": [
            27,
            27,
            27,
            27,
            27,
            27,
            27,
            27,
            27,
            27,
            27,
            27
        ],
        "transition_start": [
            0,
            0,
            0,
            0,
            0,
            0,
            0,
            0,
            0,
            0,
            0,
            0
        ],
        "transition_end": [
            0,
            0,
            0,
            0,
            0,
            0,
            0,
            0,
            0,
            0,
            0,
            0
        ],
        "max_change": [
            452.1822931947743,
            422.91003841202087,
            446.13026772576615,
            468.10644510490823,
            474.8678189990834,
            405.1082227677333,
            399.4136233806134,
            437.7776940931083,
            390.7486679954421,
            392.1062730834419,
            385.5635123489012,
            424.47892305454627
        ],
        "is_static": [
            false,
            false,
            false,
            false,
            false,
            false,
            false,
            false,
            false,
            false,
            false,
            false
        ],
        "intensity_range": [
            254.09664846823898,
            254.8137744324279,
            254.76052400551333,
            254.81457399926737,
            254.37554980518925,
            253.89321900534358,
            253.28340248405266,
            254.73638307831226,
            254.65752983826783,
            253.68744466299628,
            253.15604239908834,
            252.73062874216407
        ],
        "margin_left": [
            0,
            0,
            0,
            0,
            0,
            0,
            0,
            0,
            0,
            0,
            0,
            0
        ],
        "margin_right": [
            0,
            0,
            0,
            0,
            0,
            0,
            0,
            0,
            0,
            0,
            0,
            0
        ],
        "margin_top": [
            0,
            0,
            0,
            0,
            0,
            0,
            0,
            0,
            0,
            0,
            0,
            0
        ],
        "margin_bottom": [
            0,
            0,
            0,
            0,
            0,
            0,
            0,
            0,
            0,
            0,
            0,
            0
        ],
        "background_color": [
            126.99607843137255,
            126.99607843137255,
            125.9921568627451,
            125.9921568627451,
            125.9921568627451,
            128.0,
            108.92549019607843,
            129.00392156862745,
            129.00392156862745,
            129.00392156862745,
            126.99607843137255,
            145.06666666666666
        ],
        "background_proportion": [
            0.009991681134259293,
            0.01096843201437118,
            0.010760271990740627,
            0.00992763189621903,
            0.00944726261091811,
            0.01005573037229942,
            0.010167816538869636,
            0.010391988872010068,
            0.010552111967110377,
            0.010231865776909758,
            0.009671434944058676,
            0.009991681134259293
        ],
        "is_uniform": [
            false,
            false,
            false,
            false,
            false,
            false,
            false,
            false,
            false,
            false,
            false,
            false
        ],
        "bad_properties": [
            false,
            false,
            false,
            false,
            false,
            false,
            false,
            false,
            false,
            false,
            false,
            false
        ]
    }
}