{
    "recording": "dynamic29647-19-8-Video-9b4f6a1a067fe51e15306b9628efea20",
    "trial": "663",
    "trial_type": "train",
    "first_label": "NaturalVideo",
    "label": "NaturalVideo",
    "ID": null,
    "sampling_freq": 30,
    "valid_frames": 300,
    "peaks": [
        40,
        100,
        137,
        219
    ],
    "n_peaks": 4,
    "segments_n_peaks": 5,
    "segments_bad_n": 0,
    "segments_avg_duration": 60.0,
    "segments": {
        "frame_start": [
            0,
            41,
            101,
            138,
            220
        ],
        "frame_end": [
            41,
            101,
            138,
            220,
            300
        ],
        "duration": [
            41,
            60,
            37,
            82,
            80
        ],
        "transition_start": [
            0,
            0,
            0,
            1,
            0
        ],
        "transition_end": [
            0,
            0,
            0,
            0,
            0
        ],
        "max_change": [
            165.59997693254138,
            336.6060746492706,
            160.9770899029721,
            46.15182991757266,
            263.04332350137156
        ],
        "is_static": [
            false,
            false,
            false,
            true,
            false
        ],
        "intensity_range": [
            245.2149747797702,
            222.56880595068836,
            210.59789625948764,
            243.24268535785484,
            241.62228245596486
        ],
        "margin_left": [
            0,
            0,
            0,
            0,
            0
        ],
        "margin_right": [
            0,
            0,
            0,
            0,
            0
        ],
        "margin_top": [
            0,
            0,
            0,
            0,
            0
        ],
        "margin_bottom": [
            0,
            0,
            0,
            0,
            0
        ],
        "background_color": [
            97.88235294117646,
            217.34901960784313,
            17.568627450980394,
            75.79607843137255,
            182.21176470588236
        ],
        "background_proportion": [
            0.013370668985010211,
            0.013719346788194494,
            0.02882605200415259,
            0.01928415808658057,
            0.023643175760905032
        ],
        "is_uniform": [
            false,
            false,
            false,
            false,
            false
        ],
        "bad_properties": [
            false,
            false,
            false,
            false,
            false
        ]
    }
}