{
    "recording": "dynamic29647-19-8-Video-9b4f6a1a067fe51e15306b9628efea20",
    "trial": "669",
    "trial_type": "live_test_main",
    "first_label": "NaturalVideo",
    "label": "NaturalVideo",
    "ID": null,
    "sampling_freq": 30,
    "valid_frames": 300,
    "peaks": [
        26
    ],
    "n_peaks": 1,
    "segments_n_peaks": 2,
    "segments_bad_n": 0,
    "segments_avg_duration": 150.0,
    "segments": {
        "frame_start": [
            0,
            27
        ],
        "frame_end": [
            27,
            300
        ],
        "duration": [
            27,
            273
        ],
        "transition_start": [
            0,
            0
        ],
        "transition_end": [
            0,
            0
        ],
        "max_change": [
            11.186940627520906,
            42.343366906358405
        ],
        "is_static": [
            true,
            true
        ],
        "intensity_range": [
            203.50631600005715,
            213.18750000000006
        ],
        "margin_left": [
            21,
            19
        ],
        "margin_right": [
            16,
            14
        ],
        "margin_top": [
            0,
            0
        ],
        "margin_bottom": [
            0,
            0
        ],
        "background_color": [
            68.76862745098039,
            60.73725490196078
        ],
        "background_proportion": [
            0.053080806025752506,
            0.042881668705643465
        ],
        "is_uniform": [
            false,
            false
        ],
        "bad_properties": [
            false,
            false
        ]
    }
}