{
    "recording": "dynamic29647-19-8-Video-9b4f6a1a067fe51e15306b9628efea20",
    "trial": "676",
    "trial_type": "train",
    "first_label": "NaturalVideo",
    "label": "NaturalVideo",
    "ID": null,
    "sampling_freq": 30,
    "valid_frames": 300,
    "peaks": [
        63,
        132
    ],
    "n_peaks": 2,
    "segments_n_peaks": 3,
    "segments_bad_n": 0,
    "segments_avg_duration": 100.0,
    "segments": {
        "frame_start": [
            0,
            64,
            133
        ],
        "frame_end": [
            64,
            133,
            300
        ],
        "duration": [
            64,
            69,
            167
        ],
        "transition_start": [
            0,
            0,
            0
        ],
        "transition_end": [
            0,
            0,
            0
        ],
        "max_change": [
            352.5872932642926,
            641.7966955501506,
            2586.0349082705047
        ],
        "is_static": [
            false,
            false,
            false
        ],
        "intensity_range": [
            242.79882268337585,
            189.06249999999997,
            249.0202526524489
        ],
        "margin_left": [
            0,
            0,
            0
        ],
        "margin_right": [
            0,
            0,
            0
        ],
        "margin_top": [
            0,
            0,
            0
        ],
        "margin_bottom": [
            0,
            0,
            0
        ],
        "background_color": [
            15.56078431372549,
            27.607843137254903,
            16.56470588235294
        ],
        "background_proportion": [
            0.026102066040039062,
            0.023527652169195352,
            0.01758324171968563
        ],
        "is_uniform": [
            false,
            false,
            false
        ],
        "bad_properties": [
            false,
            false,
            false
        ]
    }
}