{
    "recording": "dynamic29647-19-8-Video-9b4f6a1a067fe51e15306b9628efea20",
    "trial": "697",
    "trial_type": "live_test_bonus",
    "first_label": "NaturalImages",
    "label": "NaturalImages",
    "ID": null,
    "sampling_freq": 30,
    "valid_frames": 310,
    "peaks": [
        13,
        29,
        43,
        59,
        72,
        88,
        106,
        121,
        138,
        153,
        168,
        184,
        202,
        217,
        233,
        249,
        263,
        279,
        294
    ],
    "n_peaks": 19,
    "segments_n_peaks": 20,
    "segments_bad_n": 0,
    "segments_avg_duration": 15.5,
    "segments": {
        "frame_start": [
            0,
            14,
            30,
            44,
            60,
            73,
            89,
            107,
            122,
            139,
            154,
            169,
            185,
            203,
            218,
            234,
            250,
            264,
            280,
            295
        ],
        "frame_end": [
            14,
            30,
            44,
            60,
            73,
            89,
            107,
            122,
            139,
            154,
            169,
            185,
            203,
            218,
            234,
            250,
            264,
            280,
            295,
            310
        ],
        "duration": [
            14,
            16,
            14,
            16,
            13,
            16,
            18,
            15,
            17,
            15,
            15,
            16,
            18,
            15,
            16,
            16,
            14,
            16,
            15,
            15
        ],
        "transition_start": [
            1,
            0,
            0,
            1,
            0,
            1,
            0,
            0,
            1,
            0,
            1,
            1,
            0,
            0,
            1,
            0,
            0,
            0,
            0,
            0
        ],
        "transition_end": [
            0,
            0,
            0,
            0,
            0,
            0,
            0,
            0,
            0,
            0,
            0,
            0,
            0,
            0,
            0,
            1,
            0,
            1,
            0,
            0
        ],
        "max_change": [
            2.0194839173657902e-28,
            24.640206072723775,
            0.05509705155152714,
            13.800712385980193,
            0.31041764254914533,
            14.28556136602664,
            12.54314787535464,
            1.1531381927643265,
            2.4207950677261394,
            0.45401418320474146,
            2.0194839173657902e-28,
            4.824169777634243,
            3.4742701954838697,
            2.168154480201185,
            5.527653807138851,
            5.925760329538902,
            0.7143667278972397,
            1.29669168359849,
            3.3935377619453395,
            10.848479265345617
        ],
        "is_static": [
            true,
            true,
            true,
            true,
            true,
            true,
            true,
            true,
            true,
            true,
            true,
            true,
            true,
            true,
            true,
            true,
            true,
            true,
            true,
            true
        ],
        "intensity_range": [
            1.4210854715202004e-14,
            227.5625,
            1.0255427088830515,
            235.43750000000003,
            2.1220650284880236,
            229.4375,
            12.602781536270129,
            237.625,
            9.036272332096942,
            187.375,
            1.4210854715202004e-14,
            200.0,
            6.701075708122602,
            156.62500000000003,
            7.35372199156626,
            216.5625,
            5.076415643167991,
            172.43750000000003,
            6.230240005066079,
            251.3125
        ],
        "margin_left": [
            64,
            0,
            64,
            0,
            64,
            0,
            64,
            0,
            64,
            0,
            64,
            0,
            64,
            0,
            64,
            0,
            64,
            1,
            64,
            0
        ],
        "margin_right": [
            64,
            0,
            64,
            0,
            64,
            0,
            64,
            0,
            64,
            0,
            64,
            0,
            64,
            0,
            64,
            0,
            64,
            0,
            64,
            0
        ],
        "margin_top": [
            36,
            0,
            36,
            0,
            36,
            0,
            36,
            0,
            36,
            0,
            36,
            0,
            36,
            0,
            36,
            0,
            36,
            0,
            36,
            0
        ],
        "margin_bottom": [
            36,
            0,
            36,
            0,
            36,
            0,
            36,
            0,
            36,
            0,
            36,
            0,
            36,
            0,
            36,
            0,
            36,
            0,
            36,
            0
        ],
        "background_color": [
            128.0,
            183.2156862745098,
            128.0,
            144.06274509803922,
            128.0,
            0.5019607843137255,
            128.0,
            54.71372549019608,
            128.0,
            71.78039215686275,
            128.0,
            59.733333333333334,
            128.0,
            95.87450980392157,
            128.0,
            70.7764705882353,
            128.0,
            150.08627450980393,
            128.0,
            190.24313725490197
        ],
        "background_proportion": [
            0.9960937500000036,
            0.012618700663248742,
            0.9955378941127268,
            0.013114081488715323,
            0.9610083164312935,
            0.042368570963541664,
            0.9144309714988459,
            0.012307061089409679,
            0.946753819783532,
            0.02170308430989591,
            0.9960937500000034,
            0.01660156250000006,
            0.9027579978660333,
            0.025853474934895926,
            0.9369795057508714,
            0.011096530490451428,
            0.9538487025669676,
            0.02527703179253481,
            0.9370659722222255,
            0.0124799940321181
        ],
        "is_uniform": [
            true,
            false,
            true,
            false,
            true,
            false,
            true,
            false,
            true,
            false,
            true,
            false,
            true,
            false,
            true,
            false,
            true,
            false,
            true,
            false
        ],
        "bad_properties": [
            false,
            false,
            false,
            false,
            false,
            false,
            false,
            false,
            false,
            false,
            false,
            false,
            false,
            false,
            false,
            false,
            false,
            false,
            false,
            false
        ]
    }
}