{
    "recording": "dynamic29647-19-8-Video-9b4f6a1a067fe51e15306b9628efea20",
    "trial": "82",
    "trial_type": "train",
    "first_label": "NaturalVideo",
    "label": "NaturalVideo",
    "ID": null,
    "sampling_freq": 30,
    "valid_frames": 300,
    "peaks": [
        114,
        246,
        285
    ],
    "n_peaks": 3,
    "segments_n_peaks": 4,
    "segments_bad_n": 0,
    "segments_avg_duration": 75.0,
    "segments": {
        "frame_start": [
            0,
            115,
            247,
            286
        ],
        "frame_end": [
            115,
            247,
            286,
            300
        ],
        "duration": [
            115,
            132,
            39,
            14
        ],
        "transition_start": [
            0,
            0,
            0,
            0
        ],
        "transition_end": [
            0,
            0,
            0,
            0
        ],
        "max_change": [
            7421.979872437146,
            4020.5878431390393,
            550.9541101431,
            566.9218028065256
        ],
        "is_static": [
            false,
            false,
            false,
            false
        ],
        "intensity_range": [
            253.12500000000003,
            248.78334416960794,
            234.4375,
            236.47672880257974
        ],
        "margin_left": [
            0,
            0,
            0,
            0
        ],
        "margin_right": [
            0,
            0,
            0,
            0
        ],
        "margin_top": [
            0,
            0,
            0,
            0
        ],
        "margin_bottom": [
            0,
            0,
            0,
            0
        ],
        "background_color": [
            3.5137254901960784,
            3.5137254901960784,
            4.517647058823529,
            3.5137254901960784
        ],
        "background_proportion": [
            0.011518837749094202,
            0.015888214111328125,
            0.04691360343215812,
            0.037304106212797616
        ],
        "is_uniform": [
            false,
            false,
            false,
            false
        ],
        "bad_properties": [
            false,
            false,
            false,
            false
        ]
    }
}