{
    "recording": "dynamic29623-4-9-Video-9b4f6a1a067fe51e15306b9628efea20",
    "trial": "428",
    "trial_type": "oracle",
    "first_label": "NaturalImages",
    "label": "NaturalImages",
    "ID": null,
    "sampling_freq": 30,
    "valid_frames": 325,
    "peaks": [
        15,
        31,
        50,
        65,
        84,
        99,
        116,
        131,
        148,
        164,
        178,
        193,
        212,
        228,
        247,
        262,
        279,
        294,
        309
    ],
    "n_peaks": 19,
    "segments_n_peaks": 20,
    "segments_bad_n": 0,
    "segments_avg_duration": 16.25,
    "segments": {
        "frame_start": [
            0,
            16,
            32,
            51,
            66,
            85,
            100,
            117,
            132,
            149,
            165,
            179,
            194,
            213,
            229,
            248,
            263,
            280,
            295,
            310
        ],
        "frame_end": [
            16,
            32,
            51,
            66,
            85,
            100,
            117,
            132,
            149,
            165,
            179,
            194,
            213,
            229,
            248,
            263,
            280,
            295,
            310,
            325
        ],
        "duration": [
            16,
            16,
            19,
            15,
            19,
            15,
            17,
            15,
            17,
            16,
            14,
            15,
            19,
            16,
            19,
            15,
            17,
            15,
            15,
            15
        ],
        "transition_start": [
            1,
            0,
            0,
            0,
            1,
            0,
            1,
            0,
            1,
            1,
            0,
            0,
            1,
            1,
            0,
            0,
            0,
            0,
            0,
            0
        ],
        "transition_end": [
            0,
            0,
            0,
            0,
            0,
            0,
            0,
            0,
            0,
            0,
            0,
            0,
            0,
            0,
            1,
            0,
            1,
            0,
            0,
            0
        ],
        "max_change": [
            2.0194839173657902e-28,
            19.554938340996316,
            28.35567497466027,
            0.4414080838248849,
            12.913476468456281,
            0.6643639001512014,
            16.803638425765996,
            1.9586366114824207,
            2.0194839173657902e-28,
            9.993880130156448,
            3.1329841103377913,
            1.2108565907661175,
            2.0194839173657902e-28,
            2.6583481568674405,
            2.6211735521460517,
            5.642453151105495,
            10.09500073702578,
            2.3225164004488956,
            7.458827139861835,
            10.094037951245447
        ],
        "is_static": [
            true,
            true,
            true,
            true,
            true,
            true,
            true,
            true,
            true,
            true,
            true,
            true,
            true,
            true,
            true,
            true,
            true,
            true,
            true,
            true
        ],
        "intensity_range": [
            1.4210854715202004e-14,
            200.25,
            15.489974679860296,
            252.06250000000003,
            13.749909211810504,
            244.06250000000003,
            10.620750451641484,
            206.12500000000006,
            1.4210854715202004e-14,
            242.5625,
            9.09702629055164,
            215.5625,
            1.4210854715202004e-14,
            183.9375,
            6.33450929291682,
            247.8125,
            9.800393214283915,
            239.8125,
            10.63819779408044,
            237.4375
        ],
        "margin_left": [
            64,
            13,
            64,
            0,
            64,
            0,
            64,
            12,
            64,
            0,
            64,
            0,
            64,
            6,
            64,
            2,
            64,
            0,
            64,
            0
        ],
        "margin_right": [
            64,
            28,
            64,
            6,
            64,
            0,
            64,
            16,
            64,
            0,
            64,
            0,
            64,
            9,
            64,
            2,
            64,
            0,
            64,
            0
        ],
        "margin_top": [
            36,
            7,
            36,
            0,
            36,
            0,
            36,
            2,
            36,
            0,
            36,
            1,
            36,
            0,
            36,
            0,
            36,
            0,
            36,
            0
        ],
        "margin_bottom": [
            36,
            0,
            36,
            0,
            36,
            0,
            36,
            0,
            36,
            0,
            36,
            0,
            36,
            0,
            36,
            0,
            36,
            0,
            36,
            0
        ],
        "background_color": [
            128.0,
            86.83921568627451,
            128.0,
            14.556862745098039,
            128.0,
            6.525490196078431,
            128.0,
            33.6313725490196,
            128.0,
            255.49803921568628,
            128.0,
            82.8235294117647,
            128.0,
            121.97647058823529,
            128.0,
            53.70980392156862,
            128.0,
            255.49803921568628,
            128.0,
            115.95294117647059
        ],
        "background_proportion": [
            0.9960937500000036,
            0.09927431742350296,
            0.944486919202306,
            0.034673055013020836,
            0.9470000090422487,
            0.017322116427951388,
            0.9365399678548211,
            0.16056823730468692,
            0.9960937500000036,
            0.05447387695312519,
            0.8800125122070344,
            0.029946221245659408,
            0.9960937500000036,
            0.049055311414930726,
            0.973540412055125,
            0.02187601725260409,
            0.9342702229817742,
            0.03833346896701403,
            0.8912963867187531,
            0.01360405815972227
        ],
        "is_uniform": [
            true,
            false,
            true,
            false,
            true,
            false,
            true,
            false,
            true,
            false,
            true,
            false,
            true,
            false,
            true,
            false,
            true,
            false,
            true,
            false
        ],
        "bad_properties": [
            false,
            false,
            false,
            false,
            false,
            false,
            false,
            false,
            false,
            false,
            false,
            false,
            false,
            false,
            false,
            false,
            false,
            false,
            false,
            false
        ]
    }
}