{
    "recording": "dynamic29234-6-9-Video-8744edeac3b4d1ce16b680916b5267ce",
    "trial": "13",
    "trial_type": "live_test_bonus",
    "first_label": "NaturalVideo",
    "label": "NaturalVideo",
    "ID": null,
    "sampling_freq": 30,
    "valid_frames": 300,
    "peaks": [
        67,
        208
    ],
    "n_peaks": 2,
    "segments_n_peaks": 3,
    "segments_bad_n": 0,
    "segments_avg_duration": 100.0,
    "segments": {
        "frame_start": [
            0,
            68,
            209
        ],
        "frame_end": [
            68,
            209,
            300
        ],
        "duration": [
            68,
            141,
            91
        ],
        "transition_start": [
            0,
            0,
            0
        ],
        "transition_end": [
            0,
            0,
            0
        ],
        "max_change": [
            1093.0002144717382,
            522.8579708532225,
            1983.0180656260627
        ],
        "is_static": [
            false,
            false,
            false
        ],
        "intensity_range": [
            218.70555114746094,
            217.7826385498047,
            212.30848693847656
        ],
        "margin_left": [
            7,
            7,
            7
        ],
        "margin_right": [
            7,
            7,
            8
        ],
        "margin_top": [
            0,
            0,
            0
        ],
        "margin_bottom": [
            0,
            0,
            0
        ],
        "background_color": [
            0.501960813999176,
            0.501960813999176,
            0.501960813999176
        ],
        "background_proportion": [
            0.2186775078195876,
            0.21892266748633263,
            0.2188789322072506
        ],
        "is_uniform": [
            false,
            false,
            false
        ],
        "bad_properties": [
            false,
            false,
            false
        ]
    }
}