{
    "recording": "dynamic29234-6-9-Video-8744edeac3b4d1ce16b680916b5267ce",
    "trial": "245",
    "trial_type": "train",
    "first_label": "NaturalVideo",
    "label": "NaturalVideo",
    "ID": null,
    "sampling_freq": 30,
    "valid_frames": 300,
    "peaks": [
        90,
        145,
        261
    ],
    "n_peaks": 3,
    "segments_n_peaks": 4,
    "segments_bad_n": 0,
    "segments_avg_duration": 75.0,
    "segments": {
        "frame_start": [
            0,
            91,
            146,
            262
        ],
        "frame_end": [
            91,
            146,
            262,
            300
        ],
        "duration": [
            91,
            55,
            116,
            38
        ],
        "transition_start": [
            0,
            0,
            0,
            1
        ],
        "transition_end": [
            0,
            0,
            0,
            0
        ],
        "max_change": [
            6.652037677562586,
            11.718893275041305,
            20.125800065140353,
            6.5487019251474266
        ],
        "is_static": [
            true,
            true,
            true,
            true
        ],
        "intensity_range": [
            212.1152801513672,
            103.75406646728516,
            250.9375,
            206.0625
        ],
        "margin_left": [
            0,
            0,
            0,
            0
        ],
        "margin_right": [
            0,
            0,
            0,
            0
        ],
        "margin_top": [
            0,
            0,
            0,
            0
        ],
        "margin_bottom": [
            0,
            0,
            0,
            0
        ],
        "background_color": [
            37.64706039428711,
            4.5176472663879395,
            3.513725757598877,
            28.611764907836914
        ],
        "background_proportion": [
            0.025792664888009378,
            0.040607801603652224,
            0.051041298041128204,
            0.026477437265819012
        ],
        "is_uniform": [
            false,
            false,
            false,
            false
        ],
        "bad_properties": [
            false,
            false,
            false,
            false
        ]
    }
}