{
    "recording": "dynamic29234-6-9-Video-8744edeac3b4d1ce16b680916b5267ce",
    "trial": "59",
    "trial_type": "train",
    "first_label": "Gabor",
    "label": "Gabor",
    "ID": null,
    "sampling_freq": 30,
    "valid_frames": 300,
    "peaks": [
        24,
        49,
        74,
        99,
        124,
        149,
        174,
        199,
        224,
        249,
        274
    ],
    "n_peaks": 11,
    "segments_n_peaks": 12,
    "segments_bad_n": 0,
    "segments_avg_duration": 25.0,
    "segments": {
        "frame_start": [
            0,
            25,
            50,
            75,
            100,
            125,
            150,
            175,
            200,
            225,
            250,
            275
        ],
        "frame_end": [
            25,
            50,
            75,
            100,
            125,
            150,
            175,
            200,
            225,
            250,
            275,
            300
        ],
        "duration": [
            25,
            25,
            25,
            25,
            25,
            25,
            25,
            25,
            25,
            25,
            25,
            25
        ],
        "transition_start": [
            0,
            0,
            0,
            0,
            0,
            0,
            0,
            0,
            0,
            0,
            0,
            0
        ],
        "transition_end": [
            0,
            0,
            0,
            0,
            0,
            0,
            0,
            0,
            0,
            0,
            0,
            0
        ],
        "max_change": [
            232.5556059342358,
            2.589394113705339,
            107.89115930434689,
            4.599893558284521,
            14.155484462927385,
            78.62338278630243,
            17.5263669834847,
            100.38368556361517,
            77.01181883233511,
            30.312609185589434,
            96.67287297266151,
            38.55842311232126
        ],
        "is_static": [
            false,
            true,
            false,
            true,
            true,
            false,
            true,
            false,
            false,
            true,
            false,
            true
        ],
        "intensity_range": [
            186.76895141601562,
            219.49363708496094,
            188.74920654296875,
            219.5965118408203,
            219.91290283203125,
            211.5000762939453,
            222.8369903564453,
            182.27203369140625,
            209.03109741210938,
            216.42628479003906,
            178.98895263671875,
            222.83831787109375
        ],
        "margin_left": [
            23,
            22,
            23,
            22,
            22,
            22,
            22,
            23,
            22,
            22,
            23,
            22
        ],
        "margin_right": [
            23,
            22,
            23,
            22,
            22,
            22,
            22,
            23,
            22,
            22,
            23,
            22
        ],
        "margin_top": [
            9,
            8,
            9,
            8,
            8,
            8,
            8,
            9,
            8,
            8,
            9,
            8
        ],
        "margin_bottom": [
            9,
            8,
            9,
            8,
            8,
            8,
            8,
            9,
            8,
            8,
            9,
            8
        ],
        "background_color": [
            128.0,
            128.0,
            128.0,
            128.0,
            128.0,
            128.0,
            128.0,
            128.0,
            128.0,
            128.0,
            128.0,
            128.0
        ],
        "background_proportion": [
            0.6481131959168543,
            0.6424064518362588,
            0.64711019241178,
            0.6416801389532739,
            0.6425275039834228,
            0.6416628457893933,
            0.6384117309798418,
            0.6489605609470034,
            0.6402793926789458,
            0.6424410381640199,
            0.6501019097631225,
            0.6387575942574536
        ],
        "is_uniform": [
            false,
            false,
            false,
            false,
            false,
            false,
            false,
            false,
            false,
            false,
            false,
            false
        ],
        "bad_properties": [
            false,
            false,
            false,
            false,
            false,
            false,
            false,
            false,
            false,
            false,
            false,
            false
        ]
    }
}