{
    "recording": "dynamic29755-2-8-Video-9b4f6a1a067fe51e15306b9628efea20",
    "trial": "132",
    "trial_type": "live_test_bonus",
    "first_label": "NaturalVideo",
    "label": "NaturalVideo",
    "ID": null,
    "sampling_freq": 30,
    "valid_frames": 300,
    "peaks": [
        98,
        194,
        233,
        278
    ],
    "n_peaks": 4,
    "segments_n_peaks": 5,
    "segments_bad_n": 0,
    "segments_avg_duration": 60.0,
    "segments": {
        "frame_start": [
            0,
            99,
            195,
            234,
            279
        ],
        "frame_end": [
            99,
            195,
            234,
            279,
            300
        ],
        "duration": [
            99,
            96,
            39,
            45,
            21
        ],
        "transition_start": [
            0,
            0,
            3,
            0,
            0
        ],
        "transition_end": [
            0,
            0,
            1,
            0,
            0
        ],
        "max_change": [
            550.473146077022,
            135.36151304981166,
            40.014887806348725,
            1383.7531101356744,
            1022.5173975626554
        ],
        "is_static": [
            false,
            false,
            true,
            false,
            false
        ],
        "intensity_range": [
            216.17173028545542,
            216.069994610176,
            164.3598815748715,
            209.40234730352716,
            227.13879746257862
        ],
        "margin_left": [
            0,
            0,
            0,
            0,
            0
        ],
        "margin_right": [
            0,
            0,
            0,
            0,
            0
        ],
        "margin_top": [
            0,
            0,
            0,
            0,
            0
        ],
        "margin_bottom": [
            0,
            0,
            0,
            0,
            0
        ],
        "background_color": [
            152.09411764705882,
            138.0392156862745,
            118.96470588235294,
            16.56470588235294,
            23.5921568627451
        ],
        "background_proportion": [
            0.04726397068010854,
            0.01225392023722335,
            0.022765386672247107,
            0.053032769097222224,
            0.028533935546875
        ],
        "is_uniform": [
            false,
            false,
            false,
            false,
            false
        ],
        "bad_properties": [
            false,
            false,
            false,
            false,
            false
        ]
    }
}