{
    "recording": "dynamic29755-2-8-Video-9b4f6a1a067fe51e15306b9628efea20",
    "trial": "186",
    "trial_type": "train",
    "first_label": "Gabor",
    "label": "Gabor",
    "ID": null,
    "sampling_freq": 30,
    "valid_frames": 300,
    "peaks": [
        24,
        49,
        74,
        99,
        124,
        149,
        174,
        199,
        224,
        249,
        274
    ],
    "n_peaks": 11,
    "segments_n_peaks": 12,
    "segments_bad_n": 0,
    "segments_avg_duration": 25.0,
    "segments": {
        "frame_start": [
            0,
            25,
            50,
            75,
            100,
            125,
            150,
            175,
            200,
            225,
            250,
            275
        ],
        "frame_end": [
            25,
            50,
            75,
            100,
            125,
            150,
            175,
            200,
            225,
            250,
            275,
            300
        ],
        "duration": [
            25,
            25,
            25,
            25,
            25,
            25,
            25,
            25,
            25,
            25,
            25,
            25
        ],
        "transition_start": [
            0,
            0,
            0,
            0,
            0,
            0,
            0,
            0,
            0,
            0,
            0,
            0
        ],
        "transition_end": [
            0,
            0,
            0,
            0,
            0,
            0,
            0,
            0,
            0,
            0,
            0,
            0
        ],
        "max_change": [
            22.487287499318697,
            109.73434106984243,
            28.906054268203206,
            105.58091864949313,
            6.464587932326773,
            78.63439628701589,
            17.148560357889664,
            77.52154417389819,
            176.88512827278646,
            27.61918620739612,
            76.17449654236631,
            48.93844565149235
        ],
        "is_static": [
            true,
            false,
            true,
            false,
            true,
            false,
            true,
            false,
            false,
            true,
            false,
            true
        ],
        "intensity_range": [
            224.4189475412027,
            190.51491228258513,
            191.22268868978358,
            186.73742059344073,
            219.65831657381665,
            211.50805740309147,
            216.4626371912882,
            210.4252518686082,
            177.54291497568184,
            223.0147649999316,
            208.0275158157614,
            213.5713938614961
        ],
        "margin_left": [
            22,
            23,
            23,
            23,
            22,
            22,
            22,
            22,
            23,
            22,
            22,
            22
        ],
        "margin_right": [
            22,
            22,
            22,
            23,
            22,
            22,
            22,
            22,
            23,
            22,
            22,
            22
        ],
        "margin_top": [
            8,
            9,
            9,
            9,
            10,
            8,
            8,
            8,
            9,
            8,
            8,
            8
        ],
        "margin_bottom": [
            8,
            8,
            8,
            9,
            9,
            8,
            8,
            8,
            9,
            8,
            8,
            8
        ],
        "background_color": [
            128.0,
            128.0,
            128.0,
            128.0,
            128.0,
            128.0,
            128.0,
            128.0,
            128.0,
            128.0,
            128.0,
            128.0
        ],
        "background_proportion": [
            0.6403533935546898,
            0.6463714599609398,
            0.6456797281901064,
            0.6463714599609398,
            0.6413909912109398,
            0.6420308430989606,
            0.6427571614583356,
            0.6407857259114607,
            0.6504699707031273,
            0.6380015055338565,
            0.642411295572919,
            0.645005289713544
        ],
        "is_uniform": [
            false,
            false,
            false,
            false,
            false,
            false,
            false,
            false,
            false,
            false,
            false,
            false
        ],
        "bad_properties": [
            false,
            false,
            false,
            false,
            false,
            false,
            false,
            false,
            false,
            false,
            false,
            false
        ]
    }
}