{
    "recording": "dynamic29755-2-8-Video-9b4f6a1a067fe51e15306b9628efea20",
    "trial": "187",
    "trial_type": "train",
    "first_label": "NaturalVideo",
    "label": "NaturalVideo",
    "ID": null,
    "sampling_freq": 30,
    "valid_frames": 300,
    "peaks": [
        98,
        189,
        239
    ],
    "n_peaks": 3,
    "segments_n_peaks": 4,
    "segments_bad_n": 0,
    "segments_avg_duration": 75.0,
    "segments": {
        "frame_start": [
            0,
            99,
            190,
            240
        ],
        "frame_end": [
            99,
            190,
            240,
            300
        ],
        "duration": [
            99,
            91,
            50,
            60
        ],
        "transition_start": [
            0,
            0,
            3,
            0
        ],
        "transition_end": [
            0,
            0,
            0,
            0
        ],
        "max_change": [
            69.54705321674595,
            139.5041610308373,
            28.542289051909716,
            287.36589879065986
        ],
        "is_static": [
            false,
            false,
            true,
            false
        ],
        "intensity_range": [
            219.45475566161502,
            240.5118347348942,
            236.70808529335983,
            220.3125
        ],
        "margin_left": [
            0,
            0,
            0,
            0
        ],
        "margin_right": [
            0,
            0,
            0,
            0
        ],
        "margin_top": [
            0,
            0,
            0,
            0
        ],
        "margin_bottom": [
            0,
            0,
            0,
            0
        ],
        "background_color": [
            1.5058823529411764,
            5.52156862745098,
            8.533333333333333,
            8.533333333333333
        ],
        "background_proportion": [
            0.08544459487452652,
            0.05198440272292811,
            0.04670109309203236,
            0.04625235663519965
        ],
        "is_uniform": [
            false,
            false,
            false,
            false
        ],
        "bad_properties": [
            false,
            false,
            false,
            false
        ]
    }
}