{
    "recording": "dynamic29755-2-8-Video-9b4f6a1a067fe51e15306b9628efea20",
    "trial": "305",
    "trial_type": "final_test_bonus",
    "first_label": "NaturalImages",
    "label": "NaturalImages",
    "ID": null,
    "sampling_freq": 30,
    "valid_frames": 318,
    "peaks": [
        14,
        29,
        44,
        59,
        74,
        89,
        108,
        123,
        141,
        156,
        175,
        190,
        205,
        221,
        239,
        254,
        270,
        286,
        302
    ],
    "n_peaks": 19,
    "segments_n_peaks": 20,
    "segments_bad_n": 0,
    "segments_avg_duration": 15.9,
    "segments": {
        "frame_start": [
            0,
            15,
            30,
            45,
            60,
            75,
            90,
            109,
            124,
            142,
            157,
            176,
            191,
            206,
            222,
            240,
            255,
            271,
            287,
            303
        ],
        "frame_end": [
            15,
            30,
            45,
            60,
            75,
            90,
            109,
            124,
            142,
            157,
            176,
            191,
            206,
            222,
            240,
            255,
            271,
            287,
            303,
            318
        ],
        "duration": [
            15,
            15,
            15,
            15,
            15,
            15,
            19,
            15,
            18,
            15,
            19,
            15,
            15,
            16,
            18,
            15,
            16,
            16,
            16,
            15
        ],
        "transition_start": [
            1,
            0,
            1,
            0,
            1,
            0,
            1,
            0,
            1,
            0,
            1,
            0,
            1,
            1,
            0,
            0,
            0,
            0,
            0,
            0
        ],
        "transition_end": [
            0,
            0,
            0,
            0,
            0,
            0,
            0,
            0,
            0,
            0,
            0,
            0,
            0,
            0,
            1,
            0,
            0,
            1,
            0,
            0
        ],
        "max_change": [
            40.19277977697407,
            0.04543496867868831,
            37.657857245155256,
            0.44079651064196,
            6.6491068712821635,
            0.2512956036232683,
            9.301078448502661,
            0.8926612297290271,
            8.886331184933395,
            1.762286171037459,
            6.413660077957811,
            2.4477236369783393,
            0.0,
            4.639917155104401,
            4.0067168351219244,
            5.7352589608351074,
            8.797734661224744,
            7.89429663279605,
            1.8853432468540785,
            6.94054087285156
        ],
        "is_static": [
            true,
            true,
            true,
            true,
            true,
            true,
            true,
            true,
            true,
            true,
            true,
            true,
            true,
            true,
            true,
            true,
            true,
            true,
            true,
            true
        ],
        "intensity_range": [
            13.848048173009843,
            207.125,
            14.981692303800841,
            240.25,
            11.95172011801401,
            206.5625,
            12.56595924558843,
            238.1875,
            11.43181725680239,
            239.125,
            9.974269206403363,
            233.50000000000003,
            0.0,
            244.68750000000006,
            8.144735713980054,
            233.3125,
            8.920475520695504,
            229.125,
            5.650073377880489,
            238.62500000000003
        ],
        "margin_left": [
            64,
            4,
            64,
            0,
            64,
            0,
            64,
            0,
            64,
            0,
            64,
            0,
            64,
            0,
            64,
            0,
            64,
            0,
            64,
            0
        ],
        "margin_right": [
            64,
            6,
            64,
            0,
            64,
            0,
            64,
            0,
            64,
            0,
            64,
            0,
            64,
            0,
            64,
            0,
            64,
            0,
            64,
            0
        ],
        "margin_top": [
            36,
            4,
            36,
            0,
            36,
            0,
            36,
            0,
            36,
            0,
            36,
            0,
            36,
            0,
            36,
            0,
            36,
            0,
            36,
            0
        ],
        "margin_bottom": [
            36,
            0,
            36,
            0,
            36,
            0,
            36,
            0,
            36,
            1,
            36,
            0,
            36,
            0,
            36,
            0,
            36,
            0,
            36,
            0
        ],
        "background_color": [
            128.0,
            255.49803921568628,
            128.0,
            255.49803921568628,
            128.0,
            154.10196078431372,
            128.0,
            221.36470588235295,
            128.0,
            94.87058823529412,
            128.0,
            206.30588235294118,
            128.0,
            84.8313725490196,
            128.0,
            236.42352941176472,
            128.0,
            250.478431372549,
            128.0,
            74.79215686274509
        ],
        "background_proportion": [
            0.9263029552641402,
            0.1880357530381951,
            0.9253765287853455,
            0.1145968967013893,
            0.9338378906250032,
            0.017235649956597286,
            0.9459191781503217,
            0.01660156250000006,
            0.9418996175130242,
            0.018302069769965342,
            0.9460392704716468,
            0.020089043511284793,
            0.9960937500000034,
            0.017610337999132007,
            0.9456634521484408,
            0.023778279622395246,
            0.890334447224938,
            0.039947509765625146,
            0.9467808405558302,
            0.013315836588541526
        ],
        "is_uniform": [
            true,
            false,
            true,
            false,
            true,
            false,
            true,
            false,
            true,
            false,
            true,
            false,
            true,
            false,
            true,
            false,
            true,
            false,
            true,
            false
        ],
        "bad_properties": [
            false,
            false,
            false,
            false,
            false,
            false,
            false,
            false,
            false,
            false,
            false,
            false,
            false,
            false,
            false,
            false,
            false,
            false,
            false,
            false
        ]
    }
}