{
    "recording": "dynamic29755-2-8-Video-9b4f6a1a067fe51e15306b9628efea20",
    "trial": "319",
    "trial_type": "train",
    "first_label": "NaturalImages",
    "label": "NaturalImages",
    "ID": null,
    "sampling_freq": 30,
    "valid_frames": 313,
    "peaks": [
        15,
        30,
        44,
        59,
        78,
        93,
        109,
        124,
        141,
        156,
        170,
        185,
        199,
        214,
        234,
        249,
        264,
        279,
        297
    ],
    "n_peaks": 19,
    "segments_n_peaks": 20,
    "segments_bad_n": 0,
    "segments_avg_duration": 15.65,
    "segments": {
        "frame_start": [
            0,
            16,
            31,
            45,
            60,
            79,
            94,
            110,
            125,
            142,
            157,
            171,
            186,
            200,
            215,
            235,
            250,
            265,
            280,
            298
        ],
        "frame_end": [
            16,
            31,
            45,
            60,
            79,
            94,
            110,
            125,
            142,
            157,
            171,
            186,
            200,
            215,
            235,
            250,
            265,
            280,
            298,
            313
        ],
        "duration": [
            16,
            15,
            14,
            15,
            19,
            15,
            16,
            15,
            17,
            15,
            14,
            15,
            14,
            15,
            20,
            15,
            15,
            15,
            18,
            15
        ],
        "transition_start": [
            1,
            0,
            1,
            0,
            1,
            0,
            1,
            0,
            1,
            0,
            1,
            0,
            1,
            0,
            1,
            0,
            0,
            0,
            0,
            0
        ],
        "transition_end": [
            0,
            0,
            0,
            0,
            0,
            0,
            0,
            0,
            0,
            0,
            0,
            0,
            0,
            0,
            1,
            0,
            1,
            0,
            1,
            0
        ],
        "max_change": [
            33.88653850023703,
            0.04377385509948057,
            21.201777895701095,
            0.24766789171365636,
            8.803996925032571,
            0.3763795241869999,
            23.897113799719094,
            2.346546864320013,
            7.233685293220424,
            1.4329926320878554,
            6.9554206678432235,
            2.4188154787975398,
            1.7380370026550027,
            1.0204136963515604,
            2.0194839173657902e-28,
            1.155772098383095,
            1.62289790021598,
            1.3272658361746623,
            3.1772371416242073,
            5.601137213232281
        ],
        "is_static": [
            true,
            true,
            true,
            true,
            true,
            true,
            true,
            true,
            true,
            true,
            true,
            true,
            true,
            true,
            true,
            true,
            true,
            true,
            true,
            true
        ],
        "intensity_range": [
            14.292137915266679,
            214.25,
            14.886373725164688,
            238.68750000000003,
            11.209469713207923,
            195.75000000000003,
            13.292811357499787,
            252.62500000000003,
            9.25050044371666,
            193.43749999999997,
            10.030693935419464,
            230.75000000000003,
            7.314458397676276,
            186.93750000000003,
            1.4210854715202004e-14,
            161.875,
            6.066722831336278,
            203.87500000000003,
            8.557975752695597,
            254.06250000000003
        ],
        "margin_left": [
            64,
            0,
            64,
            0,
            64,
            0,
            64,
            0,
            64,
            3,
            64,
            0,
            64,
            0,
            64,
            0,
            64,
            0,
            64,
            0
        ],
        "margin_right": [
            64,
            0,
            64,
            0,
            64,
            6,
            64,
            0,
            64,
            2,
            64,
            0,
            64,
            0,
            64,
            0,
            64,
            0,
            64,
            0
        ],
        "margin_top": [
            36,
            0,
            36,
            0,
            36,
            0,
            36,
            0,
            36,
            0,
            36,
            0,
            36,
            0,
            36,
            0,
            36,
            0,
            36,
            0
        ],
        "margin_bottom": [
            36,
            0,
            36,
            0,
            36,
            0,
            36,
            0,
            36,
            0,
            36,
            0,
            36,
            0,
            36,
            0,
            36,
            0,
            36,
            0
        ],
        "background_color": [
            128.0,
            13.552941176470588,
            128.0,
            40.65882352941176,
            128.0,
            83.82745098039216,
            128.0,
            254.49411764705883,
            128.0,
            96.87843137254902,
            128.0,
            95.87450980392157,
            128.0,
            140.04705882352943,
            128.0,
            95.87450980392157,
            128.0,
            95.87450980392157,
            128.0,
            253.49019607843138
        ],
        "background_proportion": [
            0.9317338731553853,
            0.026112874348958332,
            0.9233621450570946,
            0.011990017361111154,
            0.9464956212926827,
            0.06623331705729191,
            0.9317050509982672,
            0.04640367296006961,
            0.9398365020751986,
            0.02083841959635424,
            0.9297806177383847,
            0.011672973632812542,
            0.9391921605819343,
            0.015794542100694052,
            0.9960937500000036,
            0.02150132921006952,
            0.9383464994884706,
            0.015362209743923667,
            0.9489695231119825,
            0.02582465277777787
        ],
        "is_uniform": [
            true,
            false,
            true,
            false,
            true,
            false,
            true,
            false,
            true,
            false,
            true,
            false,
            true,
            false,
            true,
            false,
            true,
            false,
            true,
            false
        ],
        "bad_properties": [
            false,
            false,
            false,
            false,
            false,
            false,
            false,
            false,
            false,
            false,
            false,
            false,
            false,
            false,
            false,
            false,
            false,
            false,
            false,
            false
        ]
    }
}