{
    "recording": "dynamic29755-2-8-Video-9b4f6a1a067fe51e15306b9628efea20",
    "trial": "361",
    "trial_type": "live_test_bonus",
    "first_label": "NaturalImages",
    "label": "NaturalImages",
    "ID": null,
    "sampling_freq": 30,
    "valid_frames": 322,
    "peaks": [
        14,
        30,
        48,
        64,
        79,
        95,
        109,
        125,
        143,
        159,
        176,
        191,
        210,
        225,
        239,
        255,
        272,
        288,
        306
    ],
    "n_peaks": 19,
    "segments_n_peaks": 20,
    "segments_bad_n": 0,
    "segments_avg_duration": 16.1,
    "segments": {
        "frame_start": [
            0,
            15,
            31,
            49,
            65,
            80,
            96,
            110,
            126,
            144,
            160,
            177,
            192,
            211,
            226,
            240,
            256,
            273,
            289,
            307
        ],
        "frame_end": [
            15,
            31,
            49,
            65,
            80,
            96,
            110,
            126,
            144,
            160,
            177,
            192,
            211,
            226,
            240,
            256,
            273,
            289,
            307,
            322
        ],
        "duration": [
            15,
            16,
            18,
            16,
            15,
            16,
            14,
            16,
            18,
            16,
            17,
            15,
            19,
            15,
            14,
            16,
            17,
            16,
            18,
            15
        ],
        "transition_start": [
            1,
            0,
            0,
            1,
            0,
            1,
            0,
            1,
            0,
            1,
            0,
            0,
            1,
            0,
            1,
            0,
            0,
            0,
            0,
            0
        ],
        "transition_end": [
            0,
            0,
            0,
            0,
            0,
            0,
            0,
            0,
            0,
            0,
            0,
            0,
            0,
            0,
            0,
            1,
            0,
            1,
            1,
            0
        ],
        "max_change": [
            2.0194839173657902e-28,
            38.75330535071857,
            0.08886601989472585,
            16.372340335253025,
            0.4416465377573991,
            14.62449665542688,
            1.014707849133033,
            13.9617163564197,
            1.9815151639586246,
            5.643609260316599,
            7.272030788864151,
            2.8362682062779303,
            7.700322703000909,
            5.51101324157026,
            4.288371565715739,
            5.084997135344232,
            3.3466235649994927,
            7.104211621709609,
            2.0194839173657902e-28,
            20.835654882565176
        ],
        "is_static": [
            true,
            true,
            true,
            true,
            true,
            true,
            true,
            true,
            true,
            true,
            true,
            true,
            true,
            true,
            true,
            true,
            true,
            true,
            true,
            true
        ],
        "intensity_range": [
            1.4210854715202004e-14,
            222.06250000000003,
            1.0324588266734196,
            216.56250000000003,
            2.111221752801029,
            249.25,
            3.5914517684354905,
            235.0625,
            4.444976210291372,
            223.18750000000003,
            8.918164252088104,
            209.625,
            5.742165730698318,
            153.375,
            7.094923949245526,
            214.4375,
            6.416721566625327,
            228.12500000000003,
            1.4210854715202004e-14,
            169.86853219149606
        ],
        "margin_left": [
            64,
            0,
            64,
            0,
            64,
            0,
            64,
            0,
            64,
            0,
            64,
            0,
            64,
            0,
            64,
            0,
            64,
            0,
            64,
            1
        ],
        "margin_right": [
            64,
            0,
            64,
            0,
            64,
            0,
            64,
            0,
            64,
            0,
            64,
            0,
            64,
            0,
            64,
            0,
            64,
            0,
            64,
            2
        ],
        "margin_top": [
            36,
            0,
            36,
            0,
            36,
            0,
            36,
            0,
            36,
            0,
            36,
            0,
            36,
            0,
            36,
            0,
            36,
            0,
            36,
            5
        ],
        "margin_bottom": [
            36,
            0,
            36,
            0,
            36,
            0,
            36,
            0,
            36,
            0,
            36,
            0,
            36,
            0,
            36,
            0,
            36,
            0,
            36,
            3
        ],
        "background_color": [
            128.0,
            29.615686274509805,
            128.0,
            57.725490196078425,
            128.0,
            61.74117647058823,
            128.0,
            39.654901960784315,
            128.0,
            136.0313725490196,
            128.0,
            18.57254901960784,
            128.0,
            0.5019607843137255,
            128.0,
            39.654901960784315,
            128.0,
            190.24313725490197,
            128.0,
            255.49803921568628
        ],
        "background_proportion": [
            0.9960937500000034,
            0.009781519571940104,
            0.9942443282515949,
            0.01570807562934022,
            0.9479607476128505,
            0.012335883246527735,
            0.9402919950939393,
            0.01971435546875007,
            0.9478406552915253,
            0.011701795789930596,
            0.9050496419270865,
            0.013805813259548612,
            0.9445261072229489,
            0.043982611762152776,
            0.931509947165468,
            0.01452636718750005,
            0.9401194254557325,
            0.039082845052083474,
            0.9960937500000036,
            0.36558024088541796
        ],
        "is_uniform": [
            true,
            false,
            true,
            false,
            true,
            false,
            true,
            false,
            true,
            false,
            true,
            false,
            true,
            false,
            true,
            false,
            true,
            false,
            true,
            false
        ],
        "bad_properties": [
            false,
            false,
            false,
            false,
            false,
            false,
            false,
            false,
            false,
            false,
            false,
            false,
            false,
            false,
            false,
            false,
            false,
            false,
            false,
            false
        ]
    }
}