{
    "recording": "dynamic29755-2-8-Video-9b4f6a1a067fe51e15306b9628efea20",
    "trial": "406",
    "trial_type": "live_test_main",
    "first_label": "NaturalVideo",
    "label": "NaturalVideo",
    "ID": null,
    "sampling_freq": 30,
    "valid_frames": 300,
    "peaks": [
        65,
        250
    ],
    "n_peaks": 2,
    "segments_n_peaks": 3,
    "segments_bad_n": 0,
    "segments_avg_duration": 100.0,
    "segments": {
        "frame_start": [
            0,
            66,
            251
        ],
        "frame_end": [
            66,
            251,
            300
        ],
        "duration": [
            66,
            185,
            49
        ],
        "transition_start": [
            0,
            0,
            0
        ],
        "transition_end": [
            0,
            0,
            0
        ],
        "max_change": [
            1809.6722339537532,
            1644.0536930309681,
            1854.3706159621054
        ],
        "is_static": [
            false,
            false,
            false
        ],
        "intensity_range": [
            238.2941455765803,
            237.8284295456171,
            234.31889498538968
        ],
        "margin_left": [
            0,
            0,
            0
        ],
        "margin_right": [
            0,
            0,
            0
        ],
        "margin_top": [
            0,
            0,
            0
        ],
        "margin_bottom": [
            0,
            0,
            0
        ],
        "background_color": [
            234.4156862745098,
            235.41960784313724,
            232.4078431372549
        ],
        "background_proportion": [
            0.07350960163155014,
            0.08643375431095189,
            0.05781783538610777
        ],
        "is_uniform": [
            false,
            false,
            false
        ],
        "bad_properties": [
            false,
            false,
            false
        ]
    }
}