{
    "recording": "dynamic29755-2-8-Video-9b4f6a1a067fe51e15306b9628efea20",
    "trial": "44",
    "trial_type": "final_test_bonus",
    "first_label": "NaturalVideo",
    "label": "NaturalVideo",
    "ID": null,
    "sampling_freq": 30,
    "valid_frames": 300,
    "peaks": [
        64,
        157,
        215,
        248
    ],
    "n_peaks": 4,
    "segments_n_peaks": 5,
    "segments_bad_n": 0,
    "segments_avg_duration": 60.0,
    "segments": {
        "frame_start": [
            0,
            65,
            158,
            216,
            249
        ],
        "frame_end": [
            65,
            158,
            216,
            249,
            300
        ],
        "duration": [
            65,
            93,
            58,
            33,
            51
        ],
        "transition_start": [
            0,
            0,
            0,
            0,
            0
        ],
        "transition_end": [
            0,
            0,
            0,
            0,
            0
        ],
        "max_change": [
            129.20640953458076,
            3831.9169567210856,
            703.3103254916828,
            70.19625426829019,
            397.77757493399776
        ],
        "is_static": [
            false,
            false,
            false,
            false,
            false
        ],
        "intensity_range": [
            126.85164324531546,
            252.31250000000003,
            251.75000000000003,
            219.0315206946094,
            246.3414454506484
        ],
        "margin_left": [
            0,
            0,
            0,
            0,
            3
        ],
        "margin_right": [
            0,
            0,
            0,
            0,
            0
        ],
        "margin_top": [
            1,
            0,
            0,
            2,
            0
        ],
        "margin_bottom": [
            0,
            0,
            0,
            0,
            0
        ],
        "background_color": [
            8.533333333333333,
            8.533333333333333,
            18.57254901960784,
            2.5098039215686274,
            3.5137254901960784
        ],
        "background_proportion": [
            0.0785381610576923,
            0.036873766171034945,
            0.01928351391320941,
            0.03704957287720959,
            0.05969577365451389
        ],
        "is_uniform": [
            false,
            false,
            false,
            false,
            false
        ],
        "bad_properties": [
            false,
            false,
            false,
            false,
            false
        ]
    }
}