{
    "recording": "dynamic29755-2-8-Video-9b4f6a1a067fe51e15306b9628efea20",
    "trial": "521",
    "trial_type": "train",
    "first_label": "PinkNoise",
    "label": "PinkNoise",
    "ID": null,
    "sampling_freq": 30,
    "valid_frames": 324,
    "peaks": [
        26,
        53,
        80,
        107,
        134,
        188,
        215,
        269,
        296
    ],
    "n_peaks": 9,
    "segments_n_peaks": 10,
    "segments_bad_n": 0,
    "segments_avg_duration": 27.0,
    "segments": {
        "frame_start": [
            0,
            27,
            54,
            81,
            108,
            135,
            162,
            189,
            216,
            243,
            270,
            297
        ],
        "frame_end": [
            27,
            54,
            81,
            108,
            135,
            162,
            189,
            216,
            243,
            270,
            297,
            324
        ],
        "duration": [
            27,
            27,
            27,
            27,
            27,
            27,
            27,
            27,
            27,
            27,
            27,
            27
        ],
        "transition_start": [
            0,
            0,
            0,
            0,
            0,
            0,
            0,
            0,
            0,
            0,
            0,
            0
        ],
        "transition_end": [
            0,
            0,
            0,
            0,
            0,
            0,
            0,
            0,
            0,
            0,
            0,
            0
        ],
        "max_change": [
            458.31221680126896,
            415.4732043851476,
            460.9084441773645,
            426.7890083463835,
            433.690586486698,
            420.04950546053465,
            385.7955279021427,
            376.2657827830404,
            403.7710178893924,
            396.471901832869,
            411.9610099691488,
            485.6704880886565
        ],
        "is_static": [
            false,
            false,
            false,
            false,
            false,
            false,
            false,
            false,
            false,
            false,
            false,
            false
        ],
        "intensity_range": [
            254.94635202124297,
            254.92470412511665,
            254.89306745871517,
            254.02997781414578,
            254.05513206864794,
            254.5599457982689,
            254.0969051174305,
            253.75196259353024,
            253.78837705752542,
            254.64634859948018,
            253.57638971764524,
            253.06147744261278
        ],
        "margin_left": [
            0,
            0,
            0,
            0,
            0,
            0,
            0,
            0,
            0,
            0,
            0,
            0
        ],
        "margin_right": [
            0,
            0,
            0,
            0,
            0,
            0,
            0,
            0,
            0,
            0,
            0,
            0
        ],
        "margin_top": [
            0,
            0,
            0,
            0,
            0,
            0,
            0,
            0,
            0,
            0,
            0,
            0
        ],
        "margin_bottom": [
            0,
            0,
            0,
            0,
            0,
            0,
            0,
            0,
            0,
            0,
            0,
            0
        ],
        "background_color": [
            125.9921568627451,
            134.0235294117647,
            124.98823529411764,
            132.0156862745098,
            131.01176470588234,
            126.99607843137255,
            129.00392156862745,
            133.01960784313724,
            135.02745098039216,
            134.0235294117647,
            117.9607843137255,
            119.96862745098039
        ],
        "background_proportion": [
            0.01013579191984943,
            0.010408001181520098,
            0.009527324158468398,
            0.010359964252990005,
            0.009991681134259293,
            0.010311927324459912,
            0.010408001181520098,
            0.010055730372299135,
            0.010904382776331057,
            0.010872358157310994,
            0.010215853467399583,
            0.010023705753279356
        ],
        "is_uniform": [
            false,
            false,
            false,
            false,
            false,
            false,
            false,
            false,
            false,
            false,
            false,
            false
        ],
        "bad_properties": [
            false,
            false,
            false,
            false,
            false,
            false,
            false,
            false,
            false,
            false,
            false,
            false
        ]
    }
}