{
    "recording": "dynamic29755-2-8-Video-9b4f6a1a067fe51e15306b9628efea20",
    "trial": "54",
    "trial_type": "final_test_bonus",
    "first_label": "Gabor",
    "label": "Gabor",
    "ID": null,
    "sampling_freq": 30,
    "valid_frames": 300,
    "peaks": [
        24,
        49,
        74,
        99,
        124,
        149,
        174,
        199,
        224,
        249,
        274
    ],
    "n_peaks": 11,
    "segments_n_peaks": 12,
    "segments_bad_n": 0,
    "segments_avg_duration": 25.0,
    "segments": {
        "frame_start": [
            0,
            25,
            50,
            75,
            100,
            125,
            150,
            175,
            200,
            225,
            250,
            275
        ],
        "frame_end": [
            25,
            50,
            75,
            100,
            125,
            150,
            175,
            200,
            225,
            250,
            275,
            300
        ],
        "duration": [
            25,
            25,
            25,
            25,
            25,
            25,
            25,
            25,
            25,
            25,
            25,
            25
        ],
        "transition_start": [
            0,
            0,
            0,
            0,
            0,
            0,
            0,
            0,
            0,
            0,
            0,
            0
        ],
        "transition_end": [
            0,
            0,
            0,
            0,
            0,
            0,
            0,
            0,
            0,
            0,
            0,
            0
        ],
        "max_change": [
            111.04406537149364,
            224.00980637105926,
            9.430226024470825,
            79.93338173908809,
            79.2605595054633,
            25.710949125856303,
            101.65159291444573,
            182.90001774126597,
            22.458852348952405,
            39.250441582088165,
            38.07322987192011,
            44.877746127444645
        ],
        "is_static": [
            false,
            false,
            true,
            false,
            false,
            true,
            false,
            false,
            true,
            true,
            true,
            true
        ],
        "intensity_range": [
            191.66628663079004,
            181.4514429520106,
            217.10365465495943,
            212.34065786643694,
            213.22033417152696,
            216.58673306793665,
            183.33429124725728,
            183.15308396060928,
            216.6792535500257,
            213.69107640191683,
            188.3448615740344,
            213.3903602254939
        ],
        "margin_left": [
            23,
            23,
            22,
            22,
            22,
            22,
            23,
            23,
            22,
            22,
            23,
            22
        ],
        "margin_right": [
            22,
            23,
            22,
            22,
            22,
            22,
            23,
            23,
            22,
            22,
            23,
            22
        ],
        "margin_top": [
            9,
            9,
            8,
            8,
            8,
            8,
            9,
            9,
            8,
            8,
            9,
            8
        ],
        "margin_bottom": [
            8,
            9,
            8,
            8,
            8,
            8,
            9,
            9,
            8,
            8,
            9,
            8
        ],
        "background_color": [
            128.0,
            128.0,
            128.0,
            128.0,
            128.0,
            128.0,
            128.0,
            128.0,
            128.0,
            128.0,
            128.0,
            128.0
        ],
        "background_proportion": [
            0.6490865071614607,
            0.6480834960937523,
            0.6424458821614606,
            0.6399383544921897,
            0.6417887369791689,
            0.6421691894531273,
            0.6490173339843772,
            0.6494150797526065,
            0.6425150553385439,
            0.6415639241536482,
            0.6457143147786482,
            0.6414255777994814
        ],
        "is_uniform": [
            false,
            false,
            false,
            false,
            false,
            false,
            false,
            false,
            false,
            false,
            false,
            false
        ],
        "bad_properties": [
            false,
            false,
            false,
            false,
            false,
            false,
            false,
            false,
            false,
            false,
            false,
            false
        ]
    }
}