{
    "recording": "dynamic29755-2-8-Video-9b4f6a1a067fe51e15306b9628efea20",
    "trial": "544",
    "trial_type": "final_test_bonus",
    "first_label": "PinkNoise",
    "label": "PinkNoise",
    "ID": null,
    "sampling_freq": 30,
    "valid_frames": 324,
    "peaks": [
        26,
        53,
        107,
        134,
        161,
        188,
        215,
        242,
        269,
        296
    ],
    "n_peaks": 10,
    "segments_n_peaks": 11,
    "segments_bad_n": 0,
    "segments_avg_duration": 27.0,
    "segments": {
        "frame_start": [
            0,
            27,
            54,
            81,
            108,
            135,
            162,
            189,
            216,
            243,
            270,
            297
        ],
        "frame_end": [
            27,
            54,
            81,
            108,
            135,
            162,
            189,
            216,
            243,
            270,
            297,
            324
        ],
        "duration": [
            27,
            27,
            27,
            27,
            27,
            27,
            27,
            27,
            27,
            27,
            27,
            27
        ],
        "transition_start": [
            0,
            0,
            0,
            0,
            0,
            0,
            0,
            0,
            0,
            0,
            0,
            0
        ],
        "transition_end": [
            0,
            0,
            0,
            0,
            0,
            0,
            0,
            0,
            0,
            0,
            0,
            0
        ],
        "max_change": [
            486.2814810935896,
            431.31375419053455,
            423.63511273134986,
            374.4033954215653,
            387.70872488522275,
            434.33684539011097,
            412.8540073372294,
            428.8615012583436,
            434.8188544241372,
            369.76430119840813,
            403.9690354074659,
            439.6072678685368
        ],
        "is_static": [
            false,
            false,
            false,
            false,
            false,
            false,
            false,
            false,
            false,
            false,
            false,
            false
        ],
        "intensity_range": [
            254.33733473758173,
            254.25823108919602,
            254.89482335336191,
            253.9837807503341,
            253.976880310355,
            254.97779572515915,
            253.23847687093195,
            254.86965018646566,
            254.3904699000456,
            253.80737976740494,
            255.0,
            254.435557819909
        ],
        "margin_left": [
            0,
            0,
            0,
            0,
            0,
            0,
            0,
            0,
            0,
            0,
            0,
            0
        ],
        "margin_right": [
            0,
            0,
            0,
            0,
            0,
            0,
            0,
            0,
            0,
            0,
            0,
            0
        ],
        "margin_top": [
            0,
            0,
            0,
            0,
            0,
            0,
            0,
            0,
            0,
            0,
            0,
            0
        ],
        "margin_bottom": [
            0,
            0,
            0,
            0,
            0,
            0,
            0,
            0,
            0,
            0,
            0,
            0
        ],
        "background_color": [
            114.94901960784313,
            124.98823529411764,
            119.96862745098039,
            135.02745098039216,
            122.98039215686273,
            116.95686274509804,
            134.0235294117647,
            129.00392156862745,
            130.0078431372549,
            135.02745098039216,
            129.00392156862745,
            133.01960784313724
        ],
        "background_proportion": [
            0.01015180422935946,
            0.010023705753279356,
            0.00975149649160883,
            0.010632173514660533,
            0.01039198887200992,
            0.010135791919849573,
            0.010215853467399729,
            0.010632173514660533,
            0.009767508801118862,
            0.010536099657600346,
            0.010135791919849573,
            0.009447262610917976
        ],
        "is_uniform": [
            false,
            false,
            false,
            false,
            false,
            false,
            false,
            false,
            false,
            false,
            false,
            false
        ],
        "bad_properties": [
            false,
            false,
            false,
            false,
            false,
            false,
            false,
            false,
            false,
            false,
            false,
            false
        ]
    }
}