{
    "recording": "dynamic29755-2-8-Video-9b4f6a1a067fe51e15306b9628efea20",
    "trial": "60",
    "trial_type": "train",
    "first_label": "NaturalVideo",
    "label": "NaturalVideo",
    "ID": null,
    "sampling_freq": 30,
    "valid_frames": 300,
    "peaks": [
        11,
        273
    ],
    "n_peaks": 2,
    "segments_n_peaks": 3,
    "segments_bad_n": 0,
    "segments_avg_duration": 100.0,
    "segments": {
        "frame_start": [
            0,
            12,
            274
        ],
        "frame_end": [
            12,
            274,
            300
        ],
        "duration": [
            12,
            262,
            26
        ],
        "transition_start": [
            0,
            0,
            1
        ],
        "transition_end": [
            0,
            0,
            0
        ],
        "max_change": [
            76.92929848456367,
            4217.243035877881,
            5.185656488200615
        ],
        "is_static": [
            false,
            false,
            true
        ],
        "intensity_range": [
            231.56918003524302,
            236.06062055411746,
            239.44953406663288
        ],
        "margin_left": [
            0,
            0,
            0
        ],
        "margin_right": [
            0,
            0,
            0
        ],
        "margin_top": [
            0,
            0,
            0
        ],
        "margin_bottom": [
            0,
            0,
            0
        ],
        "background_color": [
            234.4156862745098,
            230.4,
            241.44313725490196
        ],
        "background_proportion": [
            0.017293294270833395,
            0.016831259691078303,
            0.05352274576822936
        ],
        "is_uniform": [
            false,
            false,
            false
        ],
        "bad_properties": [
            false,
            false,
            false
        ]
    }
}