{
    "recording": "dynamic29755-2-8-Video-9b4f6a1a067fe51e15306b9628efea20",
    "trial": "613",
    "trial_type": "train",
    "first_label": "NaturalVideo",
    "label": "NaturalVideo",
    "ID": null,
    "sampling_freq": 30,
    "valid_frames": 300,
    "peaks": [
        60,
        120,
        240
    ],
    "n_peaks": 3,
    "segments_n_peaks": 4,
    "segments_bad_n": 0,
    "segments_avg_duration": 75.0,
    "segments": {
        "frame_start": [
            0,
            61,
            121,
            241
        ],
        "frame_end": [
            61,
            121,
            241,
            300
        ],
        "duration": [
            61,
            60,
            120,
            59
        ],
        "transition_start": [
            0,
            0,
            1,
            1
        ],
        "transition_end": [
            0,
            0,
            0,
            0
        ],
        "max_change": [
            19022.408254111637,
            34.607484674798314,
            0.0032116585385406115,
            6.0257373465811686
        ],
        "is_static": [
            false,
            true,
            true,
            true
        ],
        "intensity_range": [
            252.1875,
            227.91667175292972,
            199.47917175292974,
            253.05835679275216
        ],
        "margin_left": [
            0,
            0,
            0,
            0
        ],
        "margin_right": [
            0,
            0,
            0,
            0
        ],
        "margin_top": [
            0,
            0,
            0,
            0
        ],
        "margin_bottom": [
            0,
            0,
            0,
            0
        ],
        "background_color": [
            0.5019607843137255,
            155.10588235294117,
            0.5019607843137255,
            103.90588235294118
        ],
        "background_proportion": [
            0.3340299012231045,
            0.01906585693359382,
            0.5127461751302084,
            0.010823216931573315
        ],
        "is_uniform": [
            false,
            false,
            false,
            false
        ],
        "bad_properties": [
            false,
            false,
            false,
            false
        ]
    }
}