{
    "recording": "dynamic29755-2-8-Video-9b4f6a1a067fe51e15306b9628efea20",
    "trial": "69",
    "trial_type": "train",
    "first_label": "NaturalVideo",
    "label": "NaturalVideo",
    "ID": null,
    "sampling_freq": 30,
    "valid_frames": 300,
    "peaks": [
        48,
        97
    ],
    "n_peaks": 2,
    "segments_n_peaks": 3,
    "segments_bad_n": 0,
    "segments_avg_duration": 100.0,
    "segments": {
        "frame_start": [
            0,
            49,
            98
        ],
        "frame_end": [
            49,
            98,
            300
        ],
        "duration": [
            49,
            49,
            202
        ],
        "transition_start": [
            0,
            0,
            0
        ],
        "transition_end": [
            0,
            0,
            0
        ],
        "max_change": [
            1.3126195552126534,
            35.22631721949753,
            53.02105328599441
        ],
        "is_static": [
            true,
            true,
            false
        ],
        "intensity_range": [
            101.04614365787613,
            104.13952382475655,
            80.1875
        ],
        "margin_left": [
            0,
            0,
            0
        ],
        "margin_right": [
            20,
            1,
            11
        ],
        "margin_top": [
            0,
            0,
            2
        ],
        "margin_bottom": [
            7,
            0,
            0
        ],
        "background_color": [
            2.5098039215686274,
            1.5058823529411764,
            2.5098039215686274
        ],
        "background_proportion": [
            0.38140536976509354,
            0.07498760612643494,
            0.13124069364944307
        ],
        "is_uniform": [
            false,
            false,
            false
        ],
        "bad_properties": [
            false,
            false,
            false
        ]
    }
}