{
    "recording": "dynamic29755-2-8-Video-9b4f6a1a067fe51e15306b9628efea20",
    "trial": "697",
    "trial_type": "train",
    "first_label": "NaturalVideo",
    "label": "NaturalVideo",
    "ID": null,
    "sampling_freq": 30,
    "valid_frames": 300,
    "peaks": [
        49,
        98,
        235
    ],
    "n_peaks": 3,
    "segments_n_peaks": 4,
    "segments_bad_n": 0,
    "segments_avg_duration": 75.0,
    "segments": {
        "frame_start": [
            0,
            50,
            99,
            236
        ],
        "frame_end": [
            50,
            99,
            236,
            300
        ],
        "duration": [
            50,
            49,
            137,
            64
        ],
        "transition_start": [
            0,
            0,
            0,
            0
        ],
        "transition_end": [
            0,
            0,
            0,
            0
        ],
        "max_change": [
            101.19146210958014,
            590.2473929578045,
            1765.3521639360936,
            252.03541418708951
        ],
        "is_static": [
            false,
            false,
            false,
            false
        ],
        "intensity_range": [
            159.07533059089232,
            159.8125,
            179.94466737875462,
            233.81250000000003
        ],
        "margin_left": [
            1,
            0,
            0,
            0
        ],
        "margin_right": [
            0,
            0,
            0,
            0
        ],
        "margin_top": [
            0,
            0,
            0,
            0
        ],
        "margin_bottom": [
            0,
            0,
            0,
            0
        ],
        "background_color": [
            1.5058823529411764,
            28.61176470588235,
            88.84705882352941,
            2.5098039215686274
        ],
        "background_proportion": [
            0.024833170572916667,
            0.02789867167570153,
            0.030812358624163736,
            0.06695747375488281
        ],
        "is_uniform": [
            false,
            false,
            false,
            false
        ],
        "bad_properties": [
            false,
            false,
            false,
            false
        ]
    }
}