{
    "recording": "dynamic29513-3-5-Video-8744edeac3b4d1ce16b680916b5267ce",
    "trial": "667",
    "trial_type": "final_test_bonus",
    "first_label": "NaturalImages",
    "label": "NaturalImages",
    "ID": null,
    "sampling_freq": 30,
    "valid_frames": 313,
    "peaks": [
        14,
        29,
        44,
        60,
        78,
        94,
        113,
        128,
        145,
        161,
        175,
        190,
        204,
        220,
        236,
        251,
        265,
        281,
        297
    ],
    "n_peaks": 19,
    "segments_n_peaks": 20,
    "segments_bad_n": 0,
    "segments_avg_duration": 15.65,
    "segments": {
        "frame_start": [
            0,
            15,
            30,
            45,
            61,
            79,
            95,
            114,
            129,
            146,
            162,
            176,
            191,
            205,
            221,
            237,
            252,
            266,
            282,
            298
        ],
        "frame_end": [
            15,
            30,
            45,
            61,
            79,
            95,
            114,
            129,
            146,
            162,
            176,
            191,
            205,
            221,
            237,
            252,
            266,
            282,
            298,
            313
        ],
        "duration": [
            15,
            15,
            15,
            16,
            18,
            16,
            19,
            15,
            17,
            16,
            14,
            15,
            14,
            16,
            16,
            15,
            14,
            16,
            16,
            15
        ],
        "transition_start": [
            1,
            0,
            1,
            0,
            0,
            1,
            0,
            0,
            1,
            1,
            0,
            0,
            1,
            1,
            0,
            0,
            0,
            0,
            0,
            0
        ],
        "transition_end": [
            0,
            0,
            0,
            0,
            0,
            0,
            0,
            0,
            0,
            0,
            0,
            0,
            0,
            0,
            1,
            0,
            0,
            1,
            0,
            0
        ],
        "max_change": [
            29.34218084182473,
            0.0331672425113791,
            0.0,
            42.280370880442334,
            0.1505998532768697,
            5.5360639792257995,
            12.971526274266454,
            1.3999321358961525,
            0.0,
            8.914523118425299,
            2.618448984835772,
            0.962317762801048,
            0.0,
            5.508664046843958,
            4.674166136689968,
            3.785488788601722,
            5.505995550495072,
            6.226267316429989,
            1.225879604424487,
            4.100634633392271
        ],
        "is_static": [
            true,
            true,
            true,
            true,
            true,
            true,
            true,
            true,
            true,
            true,
            true,
            true,
            true,
            true,
            true,
            true,
            true,
            true,
            true,
            true
        ],
        "intensity_range": [
            15.958732604980469,
            238.6875,
            0.0,
            204.75,
            1.8732833862304688,
            204.125,
            12.364295959472656,
            237.6875,
            0.0,
            236.9375,
            10.19146728515625,
            238.5625,
            0.0,
            244.8125,
            8.112007141113281,
            220.4375,
            8.412635803222656,
            239.75,
            5.01568603515625,
            205.3125
        ],
        "margin_left": [
            64,
            0,
            64,
            0,
            64,
            1,
            64,
            0,
            64,
            0,
            64,
            0,
            64,
            0,
            64,
            0,
            64,
            0,
            64,
            0
        ],
        "margin_right": [
            64,
            0,
            64,
            3,
            64,
            0,
            64,
            0,
            64,
            0,
            64,
            0,
            64,
            0,
            64,
            0,
            64,
            0,
            64,
            0
        ],
        "margin_top": [
            36,
            0,
            36,
            0,
            36,
            0,
            36,
            0,
            36,
            0,
            36,
            0,
            36,
            0,
            36,
            0,
            36,
            0,
            36,
            0
        ],
        "margin_bottom": [
            36,
            0,
            36,
            0,
            36,
            0,
            36,
            0,
            36,
            0,
            36,
            0,
            36,
            0,
            36,
            0,
            36,
            0,
            36,
            0
        ],
        "background_color": [
            128.0,
            4.5176472663879395,
            128.0,
            92.86274719238281,
            128.0,
            157.11373901367188,
            128.0,
            37.64706039428711,
            128.0,
            255.498046875,
            128.0,
            101.89804077148438,
            128.0,
            77.80392456054688,
            128.0,
            65.75686645507812,
            128.0,
            254.49411010742188,
            128.0,
            153.09805297851562
        ],
        "background_proportion": [
            0.9267900614006233,
            0.02129957537979668,
            0.9960862395221413,
            0.0219678891878062,
            0.984941756132426,
            0.015996298153974502,
            0.9230681304526386,
            0.017985027113657816,
            0.9960862395221413,
            0.07101779937187959,
            0.8772883797924266,
            0.03314548266138861,
            0.9960862395221413,
            0.014411079417995047,
            0.9384135379803645,
            0.015563965771434651,
            0.8658625393713206,
            0.029052736106678013,
            0.9488813062418358,
            0.01815796006667376
        ],
        "is_uniform": [
            true,
            false,
            true,
            false,
            true,
            false,
            true,
            false,
            true,
            false,
            true,
            false,
            true,
            false,
            true,
            false,
            true,
            false,
            true,
            false
        ],
        "bad_properties": [
            false,
            false,
            false,
            false,
            false,
            false,
            false,
            false,
            false,
            false,
            false,
            false,
            false,
            false,
            false,
            false,
            false,
            false,
            false,
            false
        ]
    }
}