{
    "recording": "dynamic29513-3-5-Video-8744edeac3b4d1ce16b680916b5267ce",
    "trial": "669",
    "trial_type": "train",
    "first_label": "NaturalImages",
    "label": "NaturalImages",
    "ID": null,
    "sampling_freq": 30,
    "valid_frames": 326,
    "peaks": [
        17,
        33,
        51,
        67,
        84,
        100,
        116,
        132,
        151,
        166,
        184,
        199,
        213,
        246,
        262,
        279,
        294,
        310
    ],
    "n_peaks": 18,
    "segments_n_peaks": 19,
    "segments_bad_n": 0,
    "segments_avg_duration": 16.3,
    "segments": {
        "frame_start": [
            0,
            18,
            34,
            52,
            68,
            85,
            101,
            117,
            133,
            152,
            167,
            185,
            200,
            214,
            230,
            247,
            263,
            280,
            295,
            311
        ],
        "frame_end": [
            18,
            34,
            52,
            68,
            85,
            101,
            117,
            133,
            152,
            167,
            185,
            200,
            214,
            230,
            247,
            263,
            280,
            295,
            311,
            326
        ],
        "duration": [
            18,
            16,
            18,
            16,
            17,
            16,
            16,
            16,
            19,
            15,
            18,
            15,
            14,
            16,
            17,
            16,
            17,
            15,
            16,
            15
        ],
        "transition_start": [
            1,
            0,
            0,
            1,
            0,
            1,
            0,
            1,
            0,
            0,
            1,
            0,
            1,
            0,
            0,
            0,
            0,
            0,
            0,
            0
        ],
        "transition_end": [
            0,
            0,
            0,
            0,
            0,
            0,
            0,
            0,
            0,
            0,
            0,
            0,
            0,
            1,
            0,
            1,
            1,
            0,
            0,
            0
        ],
        "max_change": [
            0.0,
            44.141932521610215,
            0.10875298923805429,
            26.74187504009147,
            0.8029670606028958,
            8.531969594448533,
            0.6734223390178866,
            6.053136266738041,
            16.109484208839703,
            3.908319217996172,
            4.7174193404012685,
            2.1252520841222426,
            2.244962847100725,
            1.6906606013991323,
            3.189332795961642,
            4.265915540076801,
            0.0,
            2.6630780684131676,
            8.453720140068931,
            4.2996213932955625
        ],
        "is_static": [
            true,
            true,
            true,
            true,
            true,
            true,
            true,
            true,
            true,
            true,
            true,
            true,
            true,
            true,
            true,
            true,
            true,
            true,
            true,
            true
        ],
        "intensity_range": [
            0.0,
            237.25,
            1.210296630859375,
            247.4375,
            2.5257568359375,
            236.75,
            3.5887298583984375,
            203.0,
            11.694480895996094,
            252.5625,
            9.886810302734375,
            239.0625,
            8.385581970214844,
            226.625,
            7.827705383300781,
            244.25,
            0.0,
            246.5625,
            10.914794921875,
            193.5625
        ],
        "margin_left": [
            64,
            0,
            64,
            0,
            64,
            0,
            64,
            0,
            64,
            4,
            64,
            0,
            64,
            0,
            64,
            0,
            64,
            0,
            64,
            5
        ],
        "margin_right": [
            64,
            4,
            64,
            0,
            64,
            0,
            64,
            0,
            64,
            0,
            64,
            0,
            64,
            0,
            64,
            0,
            64,
            0,
            64,
            3
        ],
        "margin_top": [
            36,
            0,
            36,
            0,
            36,
            0,
            36,
            0,
            36,
            0,
            36,
            0,
            36,
            0,
            36,
            0,
            36,
            0,
            36,
            0
        ],
        "margin_bottom": [
            36,
            0,
            36,
            0,
            36,
            0,
            36,
            0,
            36,
            0,
            36,
            0,
            36,
            0,
            36,
            0,
            36,
            0,
            36,
            0
        ],
        "background_color": [
            128.0,
            246.46273803710938,
            128.0,
            20.580392837524414,
            128.0,
            96.87843322753906,
            128.0,
            76.80000305175781,
            128.0,
            250.47842407226562,
            128.0,
            98.88627624511719,
            128.0,
            142.05490112304688,
            128.0,
            149.08236694335938,
            128.0,
            52.70588302612305,
            128.0,
            74.79216003417969
        ],
        "background_proportion": [
            0.9960862395221411,
            0.017779669231951387,
            0.9863828531224753,
            0.03213670710212895,
            0.9490132301942337,
            0.017898560637149848,
            0.9535018234661816,
            0.03268432812001277,
            0.9012468881348906,
            0.027035184988158708,
            0.9442830412504244,
            0.009770711845400641,
            0.9403490420916154,
            0.014987522594714848,
            0.9473602071762358,
            0.013056437952703512,
            0.9960862395221413,
            0.016255697583498416,
            0.8826268721243149,
            0.027352228735354603
        ],
        "is_uniform": [
            true,
            false,
            true,
            false,
            true,
            false,
            true,
            false,
            true,
            false,
            true,
            false,
            true,
            false,
            true,
            false,
            true,
            false,
            true,
            false
        ],
        "bad_properties": [
            false,
            false,
            false,
            false,
            false,
            false,
            false,
            false,
            false,
            false,
            false,
            false,
            false,
            false,
            false,
            false,
            false,
            false,
            false,
            false
        ]
    }
}