{
    "recording": "dynamic29234-6-9-Video-8744edeac3b4d1ce16b680916b5267ce",
    "trial": "0",
    "trial_type": "final_test_bonus",
    "first_label": "NaturalVideo",
    "label": "NaturalVideo",
    "ID": null,
    "sampling_freq": 30,
    "valid_frames": 300,
    "peaks": [
        37,
        239
    ],
    "n_peaks": 2,
    "segments_n_peaks": 3,
    "segments_bad_n": 0,
    "segments_avg_duration": 100.0,
    "segments": {
        "frame_start": [
            0,
            38,
            240
        ],
        "frame_end": [
            38,
            240,
            300
        ],
        "duration": [
            38,
            202,
            60
        ],
        "transition_start": [
            0,
            0,
            1
        ],
        "transition_end": [
            0,
            0,
            0
        ],
        "max_change": [
            189.98358386463428,
            47.2161203605672,
            28.24457443216375
        ],
        "is_static": [
            false,
            true,
            true
        ],
        "intensity_range": [
            93.12315368652344,
            194.3642120361328,
            91.4393310546875
        ],
        "margin_left": [
            0,
            0,
            9
        ],
        "margin_right": [
            0,
            0,
            0
        ],
        "margin_top": [
            0,
            0,
            0
        ],
        "margin_bottom": [
            0,
            0,
            0
        ],
        "background_color": [
            1.5058825016021729,
            1.5058825016021729,
            1.5058825016021729
        ],
        "background_proportion": [
            0.1014615718334103,
            0.04683314886825288,
            0.09591915619405231
        ],
        "is_uniform": [
            false,
            false,
            false
        ],
        "bad_properties": [
            false,
            false,
            false
        ]
    }
}