{
    "recording": "dynamic29234-6-9-Video-8744edeac3b4d1ce16b680916b5267ce",
    "trial": "131",
    "trial_type": "oracle",
    "first_label": "NaturalVideo",
    "label": "NaturalVideo",
    "ID": null,
    "sampling_freq": 30,
    "valid_frames": 300,
    "n_peaks": 2,
    "segments_n_peaks": 3,
    "segments_bad_n": 0,
    "segments_avg_duration": 100.0,
    "segments": {
        "frame_start": [
            0,
            16,
            209
        ],
        "frame_end": [
            16,
            209,
            300
        ],
        "duration": [
            16,
            193,
            91
        ],
        "transition_start": [
            0,
            0,
            0
        ],
        "transition_end": [
            0,
            0,
            0
        ],
        "max_change": [
            669.7273566751771,
            8862.993419269516,
            11459.836700924996
        ],
        "is_static": [
            false,
            false,
            false
        ],
        "intensity_range": [
            207.375,
            254.9346466064453,
            254.8125
        ],
        "margin_left": [
            0,
            0,
            0
        ],
        "margin_right": [
            0,
            0,
            0
        ],
        "margin_top": [
            0,
            0,
            0
        ],
        "margin_bottom": [
            0,
            0,
            0
        ],
        "background_color": [
            0.501960813999176,
            252.48626708984375,
            253.49020385742188
        ],
        "background_proportion": [
            0.025966960642888517,
            0.01318501763538635,
            0.056359989605167665
        ],
        "is_uniform": [
            false,
            false,
            false
        ],
        "bad_properties": [
            false,
            false,
            false
        ]
    }
}