{
    "recording": "dynamic29234-6-9-Video-8744edeac3b4d1ce16b680916b5267ce",
    "trial": "15",
    "trial_type": "final_test_bonus",
    "first_label": "NaturalVideo",
    "label": "NaturalVideo",
    "ID": null,
    "sampling_freq": 30,
    "valid_frames": 300,
    "peaks": [
        56,
        124,
        204
    ],
    "n_peaks": 3,
    "segments_n_peaks": 4,
    "segments_bad_n": 0,
    "segments_avg_duration": 75.0,
    "segments": {
        "frame_start": [
            0,
            57,
            125,
            205
        ],
        "frame_end": [
            57,
            125,
            205,
            300
        ],
        "duration": [
            57,
            68,
            80,
            95
        ],
        "transition_start": [
            0,
            0,
            0,
            0
        ],
        "transition_end": [
            0,
            0,
            0,
            0
        ],
        "max_change": [
            2686.414622834587,
            1933.596565781628,
            276.3351768534924,
            689.0321391334166
        ],
        "is_static": [
            false,
            false,
            false,
            false
        ],
        "intensity_range": [
            232.19125366210938,
            236.18490600585938,
            227.59512329101562,
            214.2579803466797
        ],
        "margin_left": [
            0,
            0,
            0,
            0
        ],
        "margin_right": [
            0,
            0,
            0,
            0
        ],
        "margin_top": [
            0,
            0,
            0,
            0
        ],
        "margin_bottom": [
            0,
            0,
            0,
            0
        ],
        "background_color": [
            16.564706802368164,
            9.53725528717041,
            16.564706802368164,
            9.53725528717041
        ],
        "background_proportion": [
            0.028367072117527092,
            0.019092560952458437,
            0.028544745557193694,
            0.017129464082947375
        ],
        "is_uniform": [
            false,
            false,
            false,
            false
        ],
        "bad_properties": [
            false,
            false,
            false,
            false
        ]
    }
}