{
    "recording": "dynamic29234-6-9-Video-8744edeac3b4d1ce16b680916b5267ce",
    "trial": "157",
    "trial_type": "train",
    "first_label": "NaturalVideo",
    "label": "NaturalVideo",
    "ID": null,
    "sampling_freq": 30,
    "valid_frames": 300,
    "n_peaks": 1,
    "segments_n_peaks": 2,
    "segments_bad_n": 0,
    "segments_avg_duration": 150.0,
    "segments": {
        "frame_start": [
            0,
            296
        ],
        "frame_end": [
            296,
            300
        ],
        "duration": [
            296,
            4
        ],
        "transition_start": [
            0,
            0
        ],
        "transition_end": [
            0,
            0
        ],
        "max_change": [
            153.47277434780491,
            308.81920344047467
        ],
        "is_static": [
            false,
            false
        ],
        "intensity_range": [
            191.9805145263672,
            124.7922592163086
        ],
        "margin_left": [
            1,
            0
        ],
        "margin_right": [
            0,
            0
        ],
        "margin_top": [
            0,
            0
        ],
        "margin_bottom": [
            0,
            0
        ],
        "background_color": [
            36.64313888549805,
            17.568628311157227
        ],
        "background_proportion": [
            0.06913812722941354,
            0.020643871266277907
        ],
        "is_uniform": [
            false,
            false
        ],
        "bad_properties": [
            false,
            false
        ]
    }
}