{
    "recording": "dynamic29234-6-9-Video-8744edeac3b4d1ce16b680916b5267ce",
    "trial": "162",
    "trial_type": "train",
    "first_label": "Gabor",
    "label": "Gabor",
    "ID": null,
    "sampling_freq": 30,
    "valid_frames": 300,
    "n_peaks": 10,
    "segments_n_peaks": 11,
    "segments_bad_n": 0,
    "segments_avg_duration": 25.0,
    "segments": {
        "frame_start": [
            0,
            25,
            50,
            75,
            100,
            125,
            150,
            175,
            200,
            225,
            250,
            275
        ],
        "frame_end": [
            25,
            50,
            75,
            100,
            125,
            150,
            175,
            200,
            225,
            250,
            275,
            300
        ],
        "duration": [
            25,
            25,
            25,
            25,
            25,
            25,
            25,
            25,
            25,
            25,
            25,
            25
        ],
        "transition_start": [
            0,
            0,
            0,
            0,
            0,
            0,
            0,
            0,
            0,
            0,
            0,
            0
        ],
        "transition_end": [
            0,
            0,
            0,
            0,
            0,
            0,
            0,
            0,
            0,
            0,
            0,
            0
        ],
        "max_change": [
            37.332274957862765,
            22.406014162171534,
            4.2242453742886585,
            5.109818645007433,
            22.251733443119317,
            22.230731893139186,
            28.652483676376203,
            100.40159613060743,
            176.8217362050568,
            31.46067396838041,
            76.17417000087033,
            41.83297280476609
        ],
        "is_static": [
            true,
            true,
            true,
            true,
            true,
            true,
            true,
            false,
            false,
            true,
            false,
            true
        ],
        "intensity_range": [
            217.4270782470703,
            223.55572509765625,
            219.43666076660156,
            219.2042236328125,
            222.99876403808594,
            223.0447540283203,
            189.95106506347656,
            182.28585815429688,
            172.08120727539062,
            190.34532165527344,
            207.6987762451172,
            219.013427734375
        ],
        "margin_left": [
            22,
            22,
            22,
            22,
            22,
            22,
            23,
            23,
            23,
            23,
            22,
            23
        ],
        "margin_right": [
            22,
            22,
            22,
            22,
            22,
            22,
            22,
            23,
            23,
            23,
            22,
            23
        ],
        "margin_top": [
            8,
            8,
            8,
            9,
            8,
            8,
            9,
            9,
            9,
            9,
            8,
            8
        ],
        "margin_bottom": [
            8,
            8,
            8,
            9,
            8,
            8,
            8,
            9,
            9,
            8,
            8,
            8
        ],
        "background_color": [
            128.0,
            128.0,
            128.0,
            128.0,
            128.0,
            128.0,
            128.0,
            128.0,
            128.0,
            128.0,
            128.0,
            128.0
        ],
        "background_proportion": [
            0.6397778909264087,
            0.641161344036856,
            0.6425275039834228,
            0.6426831424583482,
            0.6412996893479007,
            0.6416109662977515,
            0.6467470359702875,
            0.6489432677831228,
            0.6537680605058082,
            0.6473868830338694,
            0.6405214969732741,
            0.6437899049467061
        ],
        "is_uniform": [
            false,
            false,
            false,
            false,
            false,
            false,
            false,
            false,
            false,
            false,
            false,
            false
        ],
        "bad_properties": [
            false,
            false,
            false,
            false,
            false,
            false,
            false,
            false,
            false,
            false,
            false,
            false
        ]
    }
}