{
    "recording": "dynamic29234-6-9-Video-8744edeac3b4d1ce16b680916b5267ce",
    "trial": "17",
    "trial_type": "live_test_main",
    "first_label": "NaturalVideo",
    "label": "NaturalVideo",
    "ID": null,
    "sampling_freq": 30,
    "valid_frames": 300,
    "peaks": [
        21,
        76,
        107,
        288
    ],
    "n_peaks": 4,
    "segments_n_peaks": 5,
    "segments_bad_n": 0,
    "segments_avg_duration": 60.0,
    "segments": {
        "frame_start": [
            0,
            22,
            77,
            108,
            289
        ],
        "frame_end": [
            22,
            77,
            108,
            289,
            300
        ],
        "duration": [
            22,
            55,
            31,
            181,
            11
        ],
        "transition_start": [
            0,
            0,
            0,
            0,
            0
        ],
        "transition_end": [
            0,
            0,
            0,
            0,
            0
        ],
        "max_change": [
            15620.010316280233,
            5357.821932121175,
            1867.2165073847925,
            29238.186629507276,
            212.1831704707436
        ],
        "is_static": [
            false,
            false,
            false,
            false,
            false
        ],
        "intensity_range": [
            246.00497436523438,
            233.875,
            254.34683227539062,
            254.25,
            247.32032775878906
        ],
        "margin_left": [
            0,
            0,
            0,
            0,
            0
        ],
        "margin_right": [
            0,
            0,
            0,
            0,
            0
        ],
        "margin_top": [
            0,
            0,
            0,
            0,
            0
        ],
        "margin_bottom": [
            0,
            0,
            0,
            0,
            0
        ],
        "background_color": [
            253.49020385742188,
            31.623531341552734,
            4.5176472663879395,
            37.64706039428711,
            3.513725757598877
        ],
        "background_proportion": [
            0.04276160292757803,
            0.01917980016755535,
            0.0135557121235076,
            0.016980391754009967,
            0.09090768757555197
        ],
        "is_uniform": [
            false,
            false,
            false,
            false,
            false
        ],
        "bad_properties": [
            false,
            false,
            false,
            false,
            false
        ]
    }
}