{
    "recording": "dynamic29234-6-9-Video-8744edeac3b4d1ce16b680916b5267ce",
    "trial": "180",
    "trial_type": "final_test_main",
    "first_label": "Gabor",
    "label": "Gabor",
    "ID": null,
    "sampling_freq": 30,
    "valid_frames": 300,
    "n_peaks": 11,
    "segments_n_peaks": 12,
    "segments_bad_n": 0,
    "segments_avg_duration": 25.0,
    "segments": {
        "frame_start": [
            0,
            25,
            50,
            75,
            100,
            125,
            150,
            175,
            200,
            225,
            250,
            275
        ],
        "frame_end": [
            25,
            50,
            75,
            100,
            125,
            150,
            175,
            200,
            225,
            250,
            275,
            300
        ],
        "duration": [
            25,
            25,
            25,
            25,
            25,
            25,
            25,
            25,
            25,
            25,
            25,
            25
        ],
        "transition_start": [
            0,
            0,
            0,
            0,
            0,
            0,
            0,
            0,
            0,
            0,
            0,
            0
        ],
        "transition_end": [
            0,
            0,
            0,
            0,
            0,
            0,
            0,
            0,
            0,
            0,
            0,
            0
        ],
        "max_change": [
            37.30903236870821,
            9.448439691154968,
            107.28801876599408,
            106.17197241211915,
            28.686775624187476,
            28.579137004922206,
            101.1002192500511,
            18.649002423685918,
            176.8282660299866,
            26.65350258061901,
            44.186288836321964,
            165.32930939514588
        ],
        "is_static": [
            true,
            true,
            false,
            false,
            true,
            true,
            false,
            true,
            false,
            true,
            true,
            false
        ],
        "intensity_range": [
            217.41336059570312,
            217.5565185546875,
            188.06674194335938,
            188.13233947753906,
            190.275390625,
            189.97894287109375,
            182.2659912109375,
            216.75924682617188,
            172.52163696289062,
            216.16757202148438,
            213.76333618164062,
            159.43731689453125
        ],
        "margin_left": [
            22,
            22,
            23,
            23,
            23,
            23,
            23,
            22,
            23,
            22,
            22,
            23
        ],
        "margin_right": [
            22,
            22,
            23,
            23,
            22,
            22,
            23,
            22,
            23,
            22,
            22,
            23
        ],
        "margin_top": [
            8,
            8,
            9,
            9,
            9,
            9,
            9,
            8,
            9,
            8,
            8,
            9
        ],
        "margin_bottom": [
            8,
            8,
            9,
            9,
            8,
            8,
            9,
            8,
            9,
            8,
            8,
            9
        ],
        "background_color": [
            128.0,
            128.0,
            128.0,
            128.0,
            128.0,
            128.0,
            128.0,
            128.0,
            128.0,
            128.0,
            128.0,
            128.0
        ],
        "background_proportion": [
            0.6442395272076016,
            0.6422681065252139,
            0.6469891402646158,
            0.6472831240505859,
            0.6464530521843175,
            0.6441011818965567,
            0.6506725841711821,
            0.6421470543780499,
            0.6505169456962567,
            0.6429425399165571,
            0.6439109570938704,
            0.6511394995959581
        ],
        "is_uniform": [
            false,
            false,
            false,
            false,
            false,
            false,
            false,
            false,
            false,
            false,
            false,
            false
        ],
        "bad_properties": [
            false,
            false,
            false,
            false,
            false,
            false,
            false,
            false,
            false,
            false,
            false,
            false
        ]
    }
}