{
    "recording": "dynamic29234-6-9-Video-8744edeac3b4d1ce16b680916b5267ce",
    "trial": "184",
    "trial_type": "train",
    "first_label": "NaturalVideo",
    "label": "NaturalVideo",
    "ID": null,
    "sampling_freq": 30,
    "valid_frames": 300,
    "n_peaks": 2,
    "segments_n_peaks": 3,
    "segments_bad_n": 0,
    "segments_avg_duration": 100.0,
    "segments": {
        "frame_start": [
            0,
            41,
            164
        ],
        "frame_end": [
            41,
            164,
            300
        ],
        "duration": [
            41,
            123,
            136
        ],
        "transition_start": [
            0,
            0,
            0
        ],
        "transition_end": [
            0,
            0,
            0
        ],
        "max_change": [
            181.6869724948093,
            215.2399242344219,
            330.23779079799186
        ],
        "is_static": [
            false,
            false,
            false
        ],
        "intensity_range": [
            129.0754852294922,
            153.33839416503906,
            171.8267822265625
        ],
        "margin_left": [
            0,
            0,
            0
        ],
        "margin_right": [
            0,
            0,
            0
        ],
        "margin_top": [
            2,
            0,
            0
        ],
        "margin_bottom": [
            0,
            0,
            0
        ],
        "background_color": [
            89.85098266601562,
            100.89411926269531,
            78.80784606933594
        ],
        "background_proportion": [
            0.022175487816617254,
            0.017469040172545216,
            0.013039907596900518
        ],
        "is_uniform": [
            false,
            false,
            false
        ],
        "bad_properties": [
            false,
            false,
            false
        ]
    }
}