{
    "recording": "dynamic29234-6-9-Video-8744edeac3b4d1ce16b680916b5267ce",
    "trial": "273",
    "trial_type": "final_test_bonus",
    "first_label": "Gabor",
    "label": "Gabor",
    "ID": null,
    "sampling_freq": 30,
    "valid_frames": 300,
    "peaks": [
        24,
        49,
        74,
        99,
        124,
        149,
        174,
        199,
        224,
        274
    ],
    "n_peaks": 10,
    "segments_n_peaks": 11,
    "segments_bad_n": 0,
    "segments_avg_duration": 25.0,
    "segments": {
        "frame_start": [
            0,
            25,
            50,
            75,
            100,
            125,
            150,
            175,
            200,
            225,
            250,
            275
        ],
        "frame_end": [
            25,
            50,
            75,
            100,
            125,
            150,
            175,
            200,
            225,
            250,
            275,
            300
        ],
        "duration": [
            25,
            25,
            25,
            25,
            25,
            25,
            25,
            25,
            25,
            25,
            25,
            25
        ],
        "transition_start": [
            0,
            0,
            0,
            0,
            0,
            0,
            0,
            0,
            0,
            0,
            0,
            0
        ],
        "transition_end": [
            0,
            0,
            0,
            0,
            0,
            0,
            0,
            0,
            0,
            0,
            0,
            0
        ],
        "max_change": [
            29.169657811605752,
            29.204013926820227,
            36.97543208903234,
            207.20026671820563,
            22.255785917202527,
            22.22876343969367,
            101.07580255150482,
            182.87049726092243,
            22.506283730343082,
            172.07486641349308,
            76.15548122429443,
            165.21872637207161
        ],
        "is_static": [
            true,
            true,
            true,
            false,
            true,
            true,
            false,
            false,
            true,
            false,
            false,
            false
        ],
        "intensity_range": [
            192.23202514648438,
            192.23521423339844,
            215.96710205078125,
            180.3584442138672,
            222.88218688964844,
            222.85809326171875,
            182.61599731445312,
            177.32057189941406,
            216.20484924316406,
            173.82601928710938,
            207.98876953125,
            169.64051818847656
        ],
        "margin_left": [
            23,
            23,
            22,
            23,
            22,
            22,
            23,
            23,
            22,
            23,
            22,
            23
        ],
        "margin_right": [
            22,
            22,
            22,
            23,
            22,
            22,
            23,
            23,
            22,
            23,
            22,
            23
        ],
        "margin_top": [
            9,
            9,
            8,
            9,
            8,
            8,
            9,
            9,
            8,
            9,
            8,
            9
        ],
        "margin_bottom": [
            8,
            8,
            8,
            9,
            8,
            8,
            9,
            9,
            8,
            9,
            8,
            9
        ],
        "background_color": [
            128.0,
            128.0,
            128.0,
            128.0,
            128.0,
            128.0,
            128.0,
            128.0,
            128.0,
            128.0,
            128.0,
            128.0
        ],
        "background_proportion": [
            0.6477327463114814,
            0.6456575666458102,
            0.6418703637559603,
            0.6459515504317802,
            0.6408327739231248,
            0.6410057055619307,
            0.6492372515690928,
            0.6515545355290923,
            0.6422335201974528,
            0.6527304706729726,
            0.6420605885586469,
            0.6530244544589426
        ],
        "is_uniform": [
            false,
            false,
            false,
            false,
            false,
            false,
            false,
            false,
            false,
            false,
            false,
            false
        ],
        "bad_properties": [
            false,
            false,
            false,
            false,
            false,
            false,
            false,
            false,
            false,
            false,
            false,
            false
        ]
    }
}