{
    "recording": "dynamic29234-6-9-Video-8744edeac3b4d1ce16b680916b5267ce",
    "trial": "280",
    "trial_type": "train",
    "first_label": "NaturalVideo",
    "label": "NaturalVideo",
    "ID": null,
    "sampling_freq": 30,
    "valid_frames": 300,
    "peaks": [
        126
    ],
    "n_peaks": 1,
    "segments_n_peaks": 2,
    "segments_bad_n": 0,
    "segments_avg_duration": 150.0,
    "segments": {
        "frame_start": [
            0,
            127
        ],
        "frame_end": [
            127,
            300
        ],
        "duration": [
            127,
            173
        ],
        "transition_start": [
            0,
            1
        ],
        "transition_end": [
            0,
            0
        ],
        "max_change": [
            11.303192211806865,
            2.011258916904555
        ],
        "is_static": [
            true,
            true
        ],
        "intensity_range": [
            195.34405517578125,
            221.15692138671875
        ],
        "margin_left": [
            0,
            0
        ],
        "margin_right": [
            0,
            0
        ],
        "margin_top": [
            0,
            0
        ],
        "margin_bottom": [
            0,
            0
        ],
        "background_color": [
            110.93333435058594,
            181.20785522460938
        ],
        "background_proportion": [
            0.009882369342623534,
            0.05441104119093118
        ],
        "is_uniform": [
            false,
            false
        ],
        "bad_properties": [
            false,
            false
        ]
    }
}