{
    "recording": "dynamic29234-6-9-Video-8744edeac3b4d1ce16b680916b5267ce",
    "trial": "38",
    "trial_type": "final_test_main",
    "first_label": "NaturalVideo",
    "label": "NaturalVideo",
    "ID": null,
    "sampling_freq": 30,
    "valid_frames": 300,
    "peaks": [
        11,
        168
    ],
    "n_peaks": 2,
    "segments_n_peaks": 3,
    "segments_bad_n": 0,
    "segments_avg_duration": 100.0,
    "segments": {
        "frame_start": [
            0,
            12,
            169
        ],
        "frame_end": [
            12,
            169,
            300
        ],
        "duration": [
            12,
            157,
            131
        ],
        "transition_start": [
            0,
            0,
            0
        ],
        "transition_end": [
            0,
            0,
            0
        ],
        "max_change": [
            363.8034578034389,
            2160.855780319983,
            1783.251949346515
        ],
        "is_static": [
            false,
            false,
            false
        ],
        "intensity_range": [
            211.8653564453125,
            237.75833129882812,
            239.46583557128906
        ],
        "margin_left": [
            0,
            0,
            0
        ],
        "margin_right": [
            0,
            0,
            0
        ],
        "margin_top": [
            0,
            0,
            0
        ],
        "margin_bottom": [
            0,
            0,
            0
        ],
        "background_color": [
            101.89804077148438,
            116.95686340332031,
            110.93333435058594
        ],
        "background_proportion": [
            0.017797683081223883,
            0.011595870464173976,
            0.01049808632716998
        ],
        "is_uniform": [
            false,
            false,
            false
        ],
        "bad_properties": [
            false,
            false,
            false
        ]
    }
}