{
    "recording": "dynamic29234-6-9-Video-8744edeac3b4d1ce16b680916b5267ce",
    "trial": "4",
    "trial_type": "train",
    "first_label": "NaturalVideo",
    "label": "NaturalVideo",
    "ID": null,
    "sampling_freq": 30,
    "valid_frames": 300,
    "peaks": [
        96,
        227,
        294
    ],
    "n_peaks": 3,
    "segments_n_peaks": 4,
    "segments_bad_n": 0,
    "segments_avg_duration": 75.0,
    "segments": {
        "frame_start": [
            0,
            97,
            228,
            295
        ],
        "frame_end": [
            97,
            228,
            295,
            300
        ],
        "duration": [
            97,
            131,
            67,
            5
        ],
        "transition_start": [
            0,
            0,
            1,
            0
        ],
        "transition_end": [
            0,
            0,
            0,
            0
        ],
        "max_change": [
            152.9722287518506,
            45.127679568208855,
            5.584204629899905,
            167.98299083778926
        ],
        "is_static": [
            false,
            true,
            true,
            false
        ],
        "intensity_range": [
            221.6875,
            201.6875,
            196.12216186523438,
            250.1875
        ],
        "margin_left": [
            0,
            0,
            0,
            0
        ],
        "margin_right": [
            0,
            0,
            0,
            0
        ],
        "margin_top": [
            0,
            0,
            0,
            0
        ],
        "margin_bottom": [
            0,
            0,
            0,
            0
        ],
        "background_color": [
            37.64706039428711,
            31.623531341552734,
            31.623531341552734,
            15.560785293579102
        ],
        "background_proportion": [
            0.012011708978813398,
            0.021514270589025566,
            0.019435268817328114,
            0.021703064986693863
        ],
        "is_uniform": [
            false,
            false,
            false,
            false
        ],
        "bad_properties": [
            false,
            false,
            false,
            false
        ]
    }
}