{
    "recording": "dynamic29234-6-9-Video-8744edeac3b4d1ce16b680916b5267ce",
    "trial": "435",
    "trial_type": "train",
    "first_label": "NaturalVideo",
    "label": "NaturalVideo",
    "ID": null,
    "sampling_freq": 30,
    "valid_frames": 300,
    "peaks": [
        6,
        144,
        179,
        244
    ],
    "n_peaks": 4,
    "segments_n_peaks": 5,
    "segments_bad_n": 0,
    "segments_avg_duration": 60.0,
    "segments": {
        "frame_start": [
            0,
            7,
            145,
            180,
            245
        ],
        "frame_end": [
            7,
            145,
            180,
            245,
            300
        ],
        "duration": [
            7,
            138,
            35,
            65,
            55
        ],
        "transition_start": [
            0,
            0,
            1,
            0,
            1
        ],
        "transition_end": [
            0,
            0,
            0,
            0,
            1
        ],
        "max_change": [
            169.05058028308173,
            4506.659683792738,
            6.353496128144091,
            300.88885184956075,
            48.15419810735269
        ],
        "is_static": [
            false,
            false,
            true,
            false,
            true
        ],
        "intensity_range": [
            245.6243896484375,
            243.87071228027344,
            217.06405639648438,
            203.5362091064453,
            217.8180389404297
        ],
        "margin_left": [
            0,
            0,
            0,
            0,
            0
        ],
        "margin_right": [
            0,
            0,
            0,
            0,
            0
        ],
        "margin_top": [
            0,
            0,
            0,
            0,
            0
        ],
        "margin_bottom": [
            0,
            0,
            0,
            0,
            0
        ],
        "background_color": [
            174.18038940429688,
            194.25881958007812,
            179.20001220703125,
            171.16864013671875,
            175.184326171875
        ],
        "background_proportion": [
            0.03162202569434342,
            0.019501949864569382,
            0.06158193319530884,
            0.02709726348411315,
            0.05545274597180962
        ],
        "is_uniform": [
            false,
            false,
            false,
            false,
            false
        ],
        "bad_properties": [
            false,
            false,
            false,
            false,
            false
        ]
    }
}