{
    "recording": "dynamic29234-6-9-Video-8744edeac3b4d1ce16b680916b5267ce",
    "trial": "44",
    "trial_type": "train",
    "first_label": "NaturalVideo",
    "label": "NaturalVideo",
    "ID": null,
    "sampling_freq": 30,
    "valid_frames": 300,
    "peaks": [
        3,
        35
    ],
    "n_peaks": 2,
    "segments_n_peaks": 3,
    "segments_bad_n": 0,
    "segments_avg_duration": 100.0,
    "segments": {
        "frame_start": [
            0,
            4,
            36
        ],
        "frame_end": [
            4,
            36,
            300
        ],
        "duration": [
            4,
            32,
            264
        ],
        "transition_start": [
            0,
            0,
            0
        ],
        "transition_end": [
            0,
            0,
            0
        ],
        "max_change": [
            470.8926723903613,
            483.03263441686533,
            1326.2447799157733
        ],
        "is_static": [
            false,
            false,
            false
        ],
        "intensity_range": [
            214.9136199951172,
            228.93360900878906,
            241.4959716796875
        ],
        "margin_left": [
            0,
            0,
            0
        ],
        "margin_right": [
            0,
            0,
            0
        ],
        "margin_top": [
            0,
            0,
            0
        ],
        "margin_bottom": [
            0,
            0,
            0
        ],
        "background_color": [
            8.533333778381348,
            9.53725528717041,
            66.76078796386719
        ],
        "background_proportion": [
            0.04009882848057122,
            0.04743496859679432,
            0.01767813662696097
        ],
        "is_uniform": [
            false,
            false,
            false
        ],
        "bad_properties": [
            false,
            false,
            false
        ]
    }
}