{
    "recording": "dynamic29234-6-9-Video-8744edeac3b4d1ce16b680916b5267ce",
    "trial": "472",
    "trial_type": "train",
    "first_label": "Gabor",
    "label": "Gabor",
    "ID": null,
    "sampling_freq": 30,
    "valid_frames": 300,
    "peaks": [
        24,
        49,
        74,
        99,
        124,
        149,
        174,
        199,
        224,
        249,
        274
    ],
    "n_peaks": 11,
    "segments_n_peaks": 12,
    "segments_bad_n": 0,
    "segments_avg_duration": 25.0,
    "segments": {
        "frame_start": [
            0,
            25,
            50,
            75,
            100,
            125,
            150,
            175,
            200,
            225,
            250,
            275
        ],
        "frame_end": [
            25,
            50,
            75,
            100,
            125,
            150,
            175,
            200,
            225,
            250,
            275,
            300
        ],
        "duration": [
            25,
            25,
            25,
            25,
            25,
            25,
            25,
            25,
            25,
            25,
            25,
            25
        ],
        "transition_start": [
            0,
            0,
            0,
            0,
            0,
            0,
            0,
            0,
            0,
            0,
            0,
            0
        ],
        "transition_end": [
            0,
            0,
            0,
            0,
            0,
            0,
            0,
            0,
            0,
            0,
            0,
            0
        ],
        "max_change": [
            37.30766334568885,
            9.44881993512091,
            107.2763716703773,
            106.16692502822815,
            28.68528124979356,
            28.578424964731667,
            101.09536974436514,
            18.664630350561335,
            176.81417498348074,
            26.677448061483297,
            44.20923246204711,
            165.30217189862975
        ],
        "is_static": [
            true,
            true,
            false,
            false,
            true,
            true,
            false,
            true,
            false,
            true,
            true,
            false
        ],
        "intensity_range": [
            217.41236877441406,
            217.5561981201172,
            188.06134033203125,
            188.1306610107422,
            190.27426147460938,
            189.97711181640625,
            182.2627716064453,
            216.75881958007812,
            172.5145721435547,
            216.16734313964844,
            213.76260375976562,
            159.42433166503906
        ],
        "margin_left": [
            22,
            22,
            23,
            23,
            23,
            23,
            23,
            22,
            23,
            22,
            22,
            23
        ],
        "margin_right": [
            22,
            22,
            23,
            23,
            22,
            22,
            23,
            22,
            23,
            22,
            22,
            23
        ],
        "margin_top": [
            8,
            8,
            9,
            9,
            9,
            9,
            9,
            8,
            9,
            8,
            8,
            9
        ],
        "margin_bottom": [
            8,
            8,
            9,
            9,
            8,
            8,
            9,
            8,
            9,
            8,
            8,
            9
        ],
        "background_color": [
            128.0,
            128.0,
            128.0,
            128.0,
            128.0,
            128.0,
            128.0,
            128.0,
            128.0,
            128.0,
            128.0,
            128.0
        ],
        "background_proportion": [
            0.644222234043721,
            0.6422681065252139,
            0.6469891402646158,
            0.6473868830338694,
            0.6464530521843175,
            0.6441011818965567,
            0.6506898773350627,
            0.6421470543780499,
            0.6504823593684955,
            0.6429425399165571,
            0.6439109570938704,
            0.6511740859237193
        ],
        "is_uniform": [
            false,
            false,
            false,
            false,
            false,
            false,
            false,
            false,
            false,
            false,
            false,
            false
        ],
        "bad_properties": [
            false,
            false,
            false,
            false,
            false,
            false,
            false,
            false,
            false,
            false,
            false,
            false
        ]
    }
}