{
    "recording": "dynamic29234-6-9-Video-8744edeac3b4d1ce16b680916b5267ce",
    "trial": "479",
    "trial_type": "final_test_bonus",
    "first_label": "NaturalVideo",
    "label": "NaturalVideo",
    "ID": null,
    "sampling_freq": 30,
    "valid_frames": 300,
    "n_peaks": 3,
    "segments_n_peaks": 4,
    "segments_bad_n": 0,
    "segments_avg_duration": 75.0,
    "segments": {
        "frame_start": [
            0,
            104,
            158,
            243
        ],
        "frame_end": [
            104,
            158,
            243,
            300
        ],
        "duration": [
            104,
            54,
            85,
            57
        ],
        "transition_start": [
            0,
            0,
            0,
            0
        ],
        "transition_end": [
            0,
            0,
            0,
            0
        ],
        "max_change": [
            5109.483620104238,
            1617.9269068645772,
            1654.4685153058874,
            473.20889513660677
        ],
        "is_static": [
            false,
            false,
            false,
            false
        ],
        "intensity_range": [
            239.47933959960938,
            231.4940948486328,
            236.38055419921875,
            220.6283721923828
        ],
        "margin_left": [
            0,
            0,
            0,
            0
        ],
        "margin_right": [
            0,
            0,
            0,
            0
        ],
        "margin_top": [
            0,
            0,
            0,
            0
        ],
        "margin_bottom": [
            0,
            0,
            0,
            0
        ],
        "background_color": [
            223.37255859375,
            208.313720703125,
            10.541176795959473,
            17.568628311157227
        ],
        "background_proportion": [
            0.019671123405563238,
            0.03891792058381885,
            0.017395020568074022,
            0.013607092882043745
        ],
        "is_uniform": [
            false,
            false,
            false,
            false
        ],
        "bad_properties": [
            false,
            false,
            false,
            false
        ]
    }
}