{
    "recording": "dynamic29234-6-9-Video-8744edeac3b4d1ce16b680916b5267ce",
    "trial": "487",
    "trial_type": "train",
    "first_label": "NaturalVideo",
    "label": "NaturalVideo",
    "ID": null,
    "sampling_freq": 30,
    "valid_frames": 300,
    "peaks": [
        79,
        283
    ],
    "n_peaks": 2,
    "segments_n_peaks": 3,
    "segments_bad_n": 0,
    "segments_avg_duration": 100.0,
    "segments": {
        "frame_start": [
            0,
            80,
            284
        ],
        "frame_end": [
            80,
            284,
            300
        ],
        "duration": [
            80,
            204,
            16
        ],
        "transition_start": [
            0,
            0,
            0
        ],
        "transition_end": [
            0,
            0,
            0
        ],
        "max_change": [
            3161.17838033677,
            2732.486365082979,
            488.22637713012165
        ],
        "is_static": [
            false,
            false,
            false
        ],
        "intensity_range": [
            251.3438720703125,
            249.0625,
            251.23399353027344
        ],
        "margin_left": [
            0,
            0,
            0
        ],
        "margin_right": [
            0,
            0,
            0
        ],
        "margin_top": [
            0,
            0,
            0
        ],
        "margin_bottom": [
            0,
            0,
            0
        ],
        "background_color": [
            8.533333778381348,
            4.5176472663879395,
            101.89804077148438
        ],
        "background_proportion": [
            0.01882267110482878,
            0.05641301809229561,
            0.015347799580164726
        ],
        "is_uniform": [
            false,
            false,
            false
        ],
        "bad_properties": [
            false,
            false,
            false
        ]
    }
}