{
    "recording": "dynamic29234-6-9-Video-8744edeac3b4d1ce16b680916b5267ce",
    "trial": "491",
    "trial_type": "train",
    "first_label": "Gabor",
    "label": "Gabor",
    "ID": null,
    "sampling_freq": 30,
    "valid_frames": 300,
    "peaks": [
        24,
        49,
        74,
        99,
        124,
        149,
        174,
        199,
        224,
        274
    ],
    "n_peaks": 10,
    "segments_n_peaks": 11,
    "segments_bad_n": 0,
    "segments_avg_duration": 25.0,
    "segments": {
        "frame_start": [
            0,
            25,
            50,
            75,
            100,
            125,
            150,
            175,
            200,
            225,
            250,
            275
        ],
        "frame_end": [
            25,
            50,
            75,
            100,
            125,
            150,
            175,
            200,
            225,
            250,
            275,
            300
        ],
        "duration": [
            25,
            25,
            25,
            25,
            25,
            25,
            25,
            25,
            25,
            25,
            25,
            25
        ],
        "transition_start": [
            0,
            0,
            0,
            0,
            0,
            0,
            0,
            0,
            0,
            0,
            0,
            0
        ],
        "transition_end": [
            0,
            0,
            0,
            0,
            0,
            0,
            0,
            0,
            0,
            0,
            0,
            0
        ],
        "max_change": [
            29.1676177984536,
            29.207500439653536,
            36.97517251377134,
            207.25434049333225,
            22.25558911682846,
            22.229264944555933,
            101.09483233458279,
            182.95781393576863,
            22.425558437961044,
            172.16922385023528,
            76.16729100689241,
            165.31246830559868
        ],
        "is_static": [
            true,
            true,
            true,
            false,
            true,
            true,
            false,
            false,
            true,
            false,
            false,
            false
        ],
        "intensity_range": [
            192.2325897216797,
            192.23684692382812,
            215.97080993652344,
            180.38076782226562,
            222.88475036621094,
            222.86264038085938,
            182.63101196289062,
            177.3285675048828,
            216.20579528808594,
            173.84274291992188,
            208.01153564453125,
            169.66989135742188
        ],
        "margin_left": [
            23,
            23,
            22,
            23,
            22,
            22,
            23,
            23,
            22,
            23,
            22,
            23
        ],
        "margin_right": [
            22,
            22,
            22,
            23,
            22,
            22,
            23,
            23,
            22,
            23,
            22,
            23
        ],
        "margin_top": [
            9,
            9,
            8,
            9,
            8,
            8,
            9,
            9,
            8,
            9,
            8,
            9
        ],
        "margin_bottom": [
            8,
            8,
            8,
            9,
            8,
            8,
            9,
            9,
            8,
            9,
            8,
            9
        ],
        "background_color": [
            128.0,
            128.0,
            128.0,
            128.0,
            128.0,
            128.0,
            128.0,
            128.0,
            128.0,
            128.0,
            128.0,
            128.0
        ],
        "background_proportion": [
            0.6477327463114814,
            0.6456921529735713,
            0.6419049500837216,
            0.6459515504317802,
            0.6408327739231248,
            0.6409711192341696,
            0.6492372515690928,
            0.651606415020734,
            0.6422508133613335,
            0.6528861091478979,
            0.642095174886408,
            0.6530763339505845
        ],
        "is_uniform": [
            false,
            false,
            false,
            false,
            false,
            false,
            false,
            false,
            false,
            false,
            false,
            false
        ],
        "bad_properties": [
            false,
            false,
            false,
            false,
            false,
            false,
            false,
            false,
            false,
            false,
            false,
            false
        ]
    }
}