{
    "recording": "dynamic29234-6-9-Video-8744edeac3b4d1ce16b680916b5267ce",
    "trial": "534",
    "trial_type": "train",
    "first_label": "NaturalVideo",
    "label": "NaturalVideo",
    "ID": null,
    "sampling_freq": 30,
    "valid_frames": 300,
    "peaks": [
        7,
        163
    ],
    "n_peaks": 2,
    "segments_n_peaks": 3,
    "segments_bad_n": 0,
    "segments_avg_duration": 100.0,
    "segments": {
        "frame_start": [
            0,
            8,
            164
        ],
        "frame_end": [
            8,
            164,
            300
        ],
        "duration": [
            8,
            156,
            136
        ],
        "transition_start": [
            0,
            0,
            0
        ],
        "transition_end": [
            1,
            0,
            0
        ],
        "max_change": [
            3.3149452647390287,
            157.3430196429322,
            373.86322583003835
        ],
        "is_static": [
            true,
            false,
            false
        ],
        "intensity_range": [
            109.125,
            161.68792724609375,
            238.89608764648438
        ],
        "margin_left": [
            0,
            0,
            0
        ],
        "margin_right": [
            0,
            0,
            0
        ],
        "margin_top": [
            1,
            0,
            0
        ],
        "margin_bottom": [
            0,
            0,
            0
        ],
        "background_color": [
            10.541176795959473,
            16.564706802368164,
            12.549019813537598
        ],
        "background_proportion": [
            0.02507527818731138,
            0.03418197183491364,
            0.03527323615192788
        ],
        "is_uniform": [
            false,
            false,
            false
        ],
        "bad_properties": [
            false,
            false,
            false
        ]
    }
}