{
    "recording": "dynamic29234-6-9-Video-8744edeac3b4d1ce16b680916b5267ce",
    "trial": "544",
    "trial_type": "train",
    "first_label": "NaturalVideo",
    "label": "NaturalVideo",
    "ID": null,
    "sampling_freq": 30,
    "valid_frames": 300,
    "peaks": [
        64,
        253
    ],
    "n_peaks": 2,
    "segments_n_peaks": 3,
    "segments_bad_n": 0,
    "segments_avg_duration": 100.0,
    "segments": {
        "frame_start": [
            0,
            65,
            254
        ],
        "frame_end": [
            65,
            254,
            300
        ],
        "duration": [
            65,
            189,
            46
        ],
        "transition_start": [
            0,
            0,
            0
        ],
        "transition_end": [
            0,
            0,
            0
        ],
        "max_change": [
            401.13068532446016,
            63.52498431734926,
            247.6392290917931
        ],
        "is_static": [
            false,
            false,
            false
        ],
        "intensity_range": [
            152.375,
            103.61309814453125,
            210.09793090820312
        ],
        "margin_left": [
            0,
            0,
            0
        ],
        "margin_right": [
            0,
            0,
            0
        ],
        "margin_top": [
            0,
            0,
            0
        ],
        "margin_bottom": [
            0,
            0,
            0
        ],
        "background_color": [
            3.513725757598877,
            10.541176795959473,
            45.67843246459961
        ],
        "background_proportion": [
            0.07845833189699239,
            0.04247608471630953,
            0.033994483209709624
        ],
        "is_uniform": [
            false,
            false,
            false
        ],
        "bad_properties": [
            false,
            false,
            false
        ]
    }
}