{
    "recording": "dynamic29234-6-9-Video-8744edeac3b4d1ce16b680916b5267ce",
    "trial": "572",
    "trial_type": "live_test_bonus",
    "first_label": "Gabor",
    "label": "Gabor",
    "ID": null,
    "sampling_freq": 30,
    "valid_frames": 300,
    "n_peaks": 11,
    "segments_n_peaks": 12,
    "segments_bad_n": 0,
    "segments_avg_duration": 25.0,
    "segments": {
        "frame_start": [
            0,
            25,
            50,
            75,
            100,
            125,
            150,
            175,
            200,
            225,
            250,
            275
        ],
        "frame_end": [
            25,
            50,
            75,
            100,
            125,
            150,
            175,
            200,
            225,
            250,
            275,
            300
        ],
        "duration": [
            25,
            25,
            25,
            25,
            25,
            25,
            25,
            25,
            25,
            25,
            25,
            25
        ],
        "transition_start": [
            0,
            0,
            0,
            0,
            0,
            0,
            0,
            0,
            0,
            0,
            0,
            0
        ],
        "transition_end": [
            0,
            0,
            0,
            0,
            0,
            0,
            0,
            0,
            0,
            0,
            0,
            0
        ],
        "max_change": [
            82.2732798064547,
            10.035534913313919,
            80.65932222334239,
            36.8538235881974,
            36.6916711157842,
            9.85339574449467,
            32.208427437595596,
            77.5083947288586,
            77.01705447929051,
            29.529192208391503,
            35.4331256143073,
            43.851493344971104
        ],
        "is_static": [
            false,
            true,
            false,
            true,
            true,
            true,
            true,
            false,
            false,
            true,
            true,
            true
        ],
        "intensity_range": [
            216.6283721923828,
            223.32333374023438,
            213.64169311523438,
            216.11380004882812,
            214.7280731201172,
            219.62857055664062,
            222.74427795410156,
            210.71725463867188,
            209.50247192382812,
            216.13491821289062,
            222.94064331054688,
            189.199462890625
        ],
        "margin_left": [
            22,
            22,
            22,
            22,
            22,
            22,
            22,
            22,
            22,
            22,
            22,
            23
        ],
        "margin_right": [
            22,
            22,
            22,
            22,
            22,
            22,
            22,
            22,
            22,
            22,
            22,
            22
        ],
        "margin_top": [
            8,
            8,
            8,
            8,
            8,
            10,
            8,
            8,
            8,
            8,
            8,
            9
        ],
        "margin_bottom": [
            8,
            8,
            8,
            8,
            8,
            9,
            8,
            8,
            8,
            8,
            8,
            8
        ],
        "background_color": [
            128.0,
            128.0,
            128.0,
            128.0,
            128.0,
            128.0,
            128.0,
            128.0,
            128.0,
            128.0,
            128.0,
            128.0
        ],
        "background_proportion": [
            0.6406425491204383,
            0.6376335386052151,
            0.6405214969732741,
            0.6407117217759607,
            0.6391899233544684,
            0.6410921713813337,
            0.641714725281035,
            0.6420432953947662,
            0.6404696174816323,
            0.6434440416690943,
            0.6387403010935732,
            0.6478192121308843
        ],
        "is_uniform": [
            false,
            false,
            false,
            false,
            false,
            false,
            false,
            false,
            false,
            false,
            false,
            false
        ],
        "bad_properties": [
            false,
            false,
            false,
            false,
            false,
            false,
            false,
            false,
            false,
            false,
            false,
            false
        ]
    }
}