{
    "recording": "dynamic29234-6-9-Video-8744edeac3b4d1ce16b680916b5267ce",
    "trial": "596",
    "trial_type": "oracle",
    "first_label": "NaturalVideo",
    "label": "NaturalVideo",
    "ID": null,
    "sampling_freq": 30,
    "valid_frames": 300,
    "peaks": [
        158,
        203,
        257
    ],
    "n_peaks": 3,
    "segments_n_peaks": 4,
    "segments_bad_n": 0,
    "segments_avg_duration": 75.0,
    "segments": {
        "frame_start": [
            0,
            159,
            204,
            258
        ],
        "frame_end": [
            159,
            204,
            258,
            300
        ],
        "duration": [
            159,
            45,
            54,
            42
        ],
        "transition_start": [
            0,
            0,
            0,
            0
        ],
        "transition_end": [
            0,
            0,
            0,
            0
        ],
        "max_change": [
            600.9324857949197,
            912.4538452225048,
            646.4590215428008,
            290.0268931072355
        ],
        "is_static": [
            false,
            false,
            false,
            false
        ],
        "intensity_range": [
            225.36793518066406,
            242.98886108398438,
            229.13238525390625,
            216.55027770996094
        ],
        "margin_left": [
            0,
            0,
            0,
            0
        ],
        "margin_right": [
            0,
            0,
            0,
            0
        ],
        "margin_top": [
            0,
            0,
            0,
            0
        ],
        "margin_bottom": [
            0,
            0,
            0,
            0
        ],
        "background_color": [
            193.25491333007812,
            26.60392189025879,
            88.84706115722656,
            153.09805297851562
        ],
        "background_proportion": [
            0.02087431258338641,
            0.013949924876619207,
            0.010696223390245214,
            0.01157003804701888
        ],
        "is_uniform": [
            false,
            false,
            false,
            false
        ],
        "bad_properties": [
            false,
            false,
            false,
            false
        ]
    }
}