{
    "recording": "dynamic29234-6-9-Video-8744edeac3b4d1ce16b680916b5267ce",
    "trial": "637",
    "trial_type": "final_test_main",
    "first_label": "NaturalVideo",
    "label": "NaturalVideo",
    "ID": null,
    "sampling_freq": 30,
    "valid_frames": 300,
    "n_peaks": 2,
    "segments_n_peaks": 3,
    "segments_bad_n": 0,
    "segments_avg_duration": 100.0,
    "segments": {
        "frame_start": [
            0,
            81,
            219
        ],
        "frame_end": [
            81,
            219,
            300
        ],
        "duration": [
            81,
            138,
            81
        ],
        "transition_start": [
            0,
            0,
            0
        ],
        "transition_end": [
            0,
            0,
            0
        ],
        "max_change": [
            3216.76666913413,
            100.71695481036399,
            119.32861008413212
        ],
        "is_static": [
            false,
            false,
            false
        ],
        "intensity_range": [
            253.42112731933594,
            234.91567993164062,
            245.9791717529297
        ],
        "margin_left": [
            0,
            0,
            0
        ],
        "margin_right": [
            0,
            0,
            0
        ],
        "margin_top": [
            0,
            0,
            0
        ],
        "margin_bottom": [
            0,
            0,
            0
        ],
        "background_color": [
            253.49020385742188,
            200.2823486328125,
            202.29019165039062
        ],
        "background_proportion": [
            0.025806507031854095,
            0.012922978825919472,
            0.011299353751072412
        ],
        "is_uniform": [
            false,
            false,
            false
        ],
        "bad_properties": [
            false,
            false,
            false
        ]
    }
}