{
    "recording": "dynamic29234-6-9-Video-8744edeac3b4d1ce16b680916b5267ce",
    "trial": "667",
    "trial_type": "train",
    "first_label": "Gabor",
    "label": "Gabor",
    "ID": null,
    "sampling_freq": 30,
    "valid_frames": 300,
    "n_peaks": 11,
    "segments_n_peaks": 12,
    "segments_bad_n": 0,
    "segments_avg_duration": 25.0,
    "segments": {
        "frame_start": [
            0,
            25,
            50,
            75,
            100,
            125,
            150,
            175,
            200,
            225,
            250,
            275
        ],
        "frame_end": [
            25,
            50,
            75,
            100,
            125,
            150,
            175,
            200,
            225,
            250,
            275,
            300
        ],
        "duration": [
            25,
            25,
            25,
            25,
            25,
            25,
            25,
            25,
            25,
            25,
            25,
            25
        ],
        "transition_start": [
            0,
            0,
            0,
            0,
            0,
            0,
            0,
            0,
            0,
            0,
            0,
            0
        ],
        "transition_end": [
            0,
            0,
            0,
            0,
            0,
            0,
            0,
            0,
            0,
            0,
            0,
            0
        ],
        "max_change": [
            37.30626880703845,
            10.03621348271175,
            22.35340418757705,
            13.058364123903049,
            12.04130361728072,
            13.592292613932008,
            12.982790881982838,
            23.150875343258047,
            31.02421092329324,
            34.918048575612524,
            40.6793785388946,
            43.28537378539472
        ],
        "is_static": [
            true,
            true,
            true,
            true,
            true,
            true,
            true,
            true,
            true,
            true,
            true,
            true
        ],
        "intensity_range": [
            217.4127655029297,
            223.8207244873047,
            223.2152099609375,
            223.26698303222656,
            216.99560546875,
            217.1982879638672,
            219.599365234375,
            223.27906799316406,
            222.225341796875,
            188.4388427734375,
            213.47975158691406,
            222.58969116210938
        ],
        "margin_left": [
            22,
            22,
            22,
            22,
            22,
            22,
            23,
            22,
            22,
            23,
            22,
            22
        ],
        "margin_right": [
            22,
            22,
            22,
            22,
            22,
            22,
            23,
            22,
            22,
            23,
            22,
            22
        ],
        "margin_top": [
            8,
            8,
            8,
            8,
            8,
            8,
            8,
            8,
            8,
            9,
            8,
            8
        ],
        "margin_bottom": [
            8,
            8,
            8,
            8,
            8,
            8,
            8,
            8,
            8,
            9,
            8,
            8
        ],
        "background_color": [
            128.0,
            128.0,
            128.0,
            128.0,
            128.0,
            128.0,
            128.0,
            128.0,
            128.0,
            128.0,
            128.0,
            128.0
        ],
        "background_proportion": [
            0.644222234043721,
            0.6372185026720809,
            0.6409019465786471,
            0.6377891770801404,
            0.641420741495065,
            0.6424756244917812,
            0.641420741495065,
            0.6384981967992448,
            0.6422508133613335,
            0.6499289781243166,
            0.640486910645513,
            0.6380485745383493
        ],
        "is_uniform": [
            false,
            false,
            false,
            false,
            false,
            false,
            false,
            false,
            false,
            false,
            false,
            false
        ],
        "bad_properties": [
            false,
            false,
            false,
            false,
            false,
            false,
            false,
            false,
            false,
            false,
            false,
            false
        ]
    }
}