{
    "recording": "dynamic29234-6-9-Video-8744edeac3b4d1ce16b680916b5267ce",
    "trial": "669",
    "trial_type": "train",
    "first_label": "NaturalVideo",
    "label": "NaturalVideo",
    "ID": null,
    "sampling_freq": 30,
    "valid_frames": 300,
    "n_peaks": 2,
    "segments_n_peaks": 3,
    "segments_bad_n": 0,
    "segments_avg_duration": 100.0,
    "segments": {
        "frame_start": [
            0,
            59,
            148
        ],
        "frame_end": [
            59,
            148,
            300
        ],
        "duration": [
            59,
            89,
            152
        ],
        "transition_start": [
            0,
            0,
            1
        ],
        "transition_end": [
            0,
            0,
            0
        ],
        "max_change": [
            212.39218713501032,
            541.8664360988065,
            0.8407675564008881
        ],
        "is_static": [
            false,
            false,
            true
        ],
        "intensity_range": [
            219.81375122070312,
            229.54661560058594,
            194.93748474121094
        ],
        "margin_left": [
            0,
            0,
            0
        ],
        "margin_right": [
            0,
            0,
            0
        ],
        "margin_top": [
            0,
            0,
            0
        ],
        "margin_bottom": [
            0,
            0,
            0
        ],
        "background_color": [
            9.53725528717041,
            16.564706802368164,
            35.639217376708984
        ],
        "background_proportion": [
            0.05409284148998616,
            0.04497714078580319,
            0.027099509938673466
        ],
        "is_uniform": [
            false,
            false,
            false
        ],
        "bad_properties": [
            false,
            false,
            false
        ]
    }
}