{
    "recording": "dynamic29234-6-9-Video-8744edeac3b4d1ce16b680916b5267ce",
    "trial": "681",
    "trial_type": "final_test_bonus",
    "first_label": "NaturalImages",
    "label": "NaturalImages",
    "ID": null,
    "sampling_freq": 30,
    "valid_frames": 318,
    "n_peaks": 19,
    "segments_n_peaks": 20,
    "segments_bad_n": 0,
    "segments_avg_duration": 15.9,
    "segments": {
        "frame_start": [
            0,
            16,
            32,
            48,
            63,
            80,
            96,
            111,
            127,
            142,
            157,
            173,
            188,
            207,
            222,
            241,
            257,
            272,
            287,
            303
        ],
        "frame_end": [
            16,
            32,
            48,
            63,
            80,
            96,
            111,
            127,
            142,
            157,
            173,
            188,
            207,
            222,
            241,
            257,
            272,
            287,
            303,
            318
        ],
        "duration": [
            16,
            16,
            16,
            15,
            17,
            16,
            15,
            16,
            15,
            15,
            16,
            15,
            19,
            15,
            19,
            16,
            15,
            15,
            16,
            15
        ],
        "transition_start": [
            1,
            1,
            0,
            0,
            1,
            1,
            0,
            1,
            0,
            0,
            1,
            0,
            1,
            0,
            1,
            0,
            0,
            0,
            0,
            0
        ],
        "transition_end": [
            0,
            0,
            0,
            0,
            0,
            0,
            0,
            0,
            0,
            0,
            0,
            0,
            0,
            0,
            0,
            1,
            1,
            0,
            1,
            0
        ],
        "max_change": [
            0.0,
            34.98302260303232,
            6.167656807791015,
            0.08449597469436615,
            0.0,
            9.79109157725366,
            0.688131669308455,
            11.669232643226728,
            11.683065280954983,
            2.356177931229038,
            2.6905349885798335,
            0.9900958868697671,
            1.2080418002851983,
            0.8206894602535107,
            7.67957115441181,
            9.44067832752767,
            0.0,
            3.6012823345723115,
            10.121704125546508,
            6.621811560220926
        ],
        "is_static": [
            true,
            true,
            true,
            true,
            true,
            true,
            true,
            true,
            true,
            true,
            true,
            true,
            true,
            true,
            true,
            true,
            true,
            true,
            true,
            true
        ],
        "intensity_range": [
            0.0,
            218.0,
            9.966728210449219,
            161.0625,
            0.0,
            235.5,
            3.4109649658203125,
            227.625,
            7.748069763183594,
            162.4375,
            10.140312194824219,
            235.6875,
            8.09014892578125,
            213.5,
            8.144142150878906,
            248.375,
            0.0,
            223.0,
            9.654617309570312,
            236.18637084960938
        ],
        "margin_left": [
            64,
            5,
            64,
            0,
            64,
            0,
            64,
            0,
            64,
            0,
            64,
            0,
            64,
            0,
            64,
            0,
            64,
            9,
            64,
            0
        ],
        "margin_right": [
            64,
            0,
            64,
            0,
            64,
            0,
            64,
            0,
            64,
            0,
            64,
            0,
            64,
            0,
            64,
            0,
            64,
            0,
            64,
            0
        ],
        "margin_top": [
            36,
            0,
            36,
            0,
            36,
            0,
            36,
            0,
            36,
            0,
            36,
            0,
            36,
            0,
            36,
            0,
            36,
            0,
            36,
            0
        ],
        "margin_bottom": [
            36,
            0,
            36,
            1,
            36,
            0,
            36,
            0,
            36,
            0,
            36,
            0,
            36,
            0,
            36,
            0,
            36,
            0,
            36,
            0
        ],
        "background_color": [
            128.0,
            7.529412269592285,
            128.0,
            165.14511108398438,
            128.0,
            75.79608154296875,
            128.0,
            17.568628311157227,
            128.0,
            27.60784339904785,
            128.0,
            156.10980224609375,
            128.0,
            110.93333435058594,
            128.0,
            5.521568775177002,
            128.0,
            255.498046875,
            128.0,
            146.07058715820312
        ],
        "background_proportion": [
            0.9960862395221413,
            0.04640365368538993,
            0.9109444279787855,
            0.04819064957377544,
            0.9960862395221413,
            0.021818374238844505,
            0.9478383122952876,
            0.035508899685939795,
            0.8825566186460501,
            0.023057727068792076,
            0.9361077827962855,
            0.038304649093030836,
            0.9580893155511723,
            0.020521377091224948,
            0.9505956112029154,
            0.06093004377928305,
            0.9960862395221413,
            0.06335110512150623,
            0.9369724409903151,
            0.01815796006667376
        ],
        "is_uniform": [
            true,
            false,
            true,
            false,
            true,
            false,
            true,
            false,
            true,
            false,
            true,
            false,
            true,
            false,
            true,
            false,
            true,
            false,
            true,
            false
        ],
        "bad_properties": [
            false,
            false,
            false,
            false,
            false,
            false,
            false,
            false,
            false,
            false,
            false,
            false,
            false,
            false,
            false,
            false,
            false,
            false,
            false,
            false
        ]
    }
}