{
    "recording": "dynamic29234-6-9-Video-8744edeac3b4d1ce16b680916b5267ce",
    "trial": "684",
    "trial_type": "final_test_bonus",
    "first_label": "NaturalImages",
    "label": "NaturalImages",
    "ID": null,
    "sampling_freq": 30,
    "valid_frames": 313,
    "n_peaks": 19,
    "segments_n_peaks": 20,
    "segments_bad_n": 0,
    "segments_avg_duration": 15.65,
    "segments": {
        "frame_start": [
            0,
            15,
            31,
            46,
            62,
            77,
            93,
            109,
            125,
            139,
            154,
            168,
            183,
            198,
            213,
            233,
            248,
            266,
            282,
            298
        ],
        "frame_end": [
            15,
            31,
            46,
            62,
            77,
            93,
            109,
            125,
            139,
            154,
            168,
            183,
            198,
            213,
            233,
            248,
            266,
            282,
            298,
            313
        ],
        "duration": [
            15,
            16,
            15,
            16,
            15,
            16,
            16,
            16,
            14,
            15,
            14,
            15,
            15,
            15,
            20,
            15,
            18,
            16,
            16,
            15
        ],
        "transition_start": [
            1,
            0,
            0,
            1,
            0,
            1,
            0,
            1,
            0,
            0,
            1,
            0,
            1,
            0,
            1,
            0,
            0,
            0,
            0,
            0
        ],
        "transition_end": [
            0,
            0,
            0,
            0,
            0,
            0,
            0,
            0,
            0,
            0,
            0,
            0,
            0,
            0,
            1,
            0,
            0,
            1,
            0,
            0
        ],
        "max_change": [
            0.0,
            31.95042059728035,
            0.07385886338619861,
            9.515963806257837,
            0.2325288496710477,
            9.489078484554764,
            0.6139069676671371,
            9.383662447047856,
            1.5361717649931659,
            0.2904696900862594,
            1.6376589149158969,
            0.54710753034159,
            17.529789831964916,
            10.116021583251747,
            0.0,
            8.330285916588739,
            11.542709477036068,
            9.299540013730898,
            1.7156912214595903,
            5.906588782980963
        ],
        "is_static": [
            true,
            true,
            true,
            true,
            true,
            true,
            true,
            true,
            true,
            true,
            true,
            true,
            true,
            true,
            true,
            true,
            true,
            true,
            true,
            true
        ],
        "intensity_range": [
            0.0,
            187.75,
            0.8777389526367188,
            194.5625,
            1.8180160522460938,
            242.5625,
            3.3998031616210938,
            200.0625,
            7.7161407470703125,
            160.1875,
            6.506950378417969,
            148.5625,
            9.604896545410156,
            244.5,
            0.0,
            244.125,
            9.12359619140625,
            176.9375,
            5.8739776611328125,
            242.6875
        ],
        "margin_left": [
            64,
            0,
            64,
            0,
            64,
            0,
            64,
            2,
            64,
            2,
            64,
            0,
            64,
            16,
            64,
            0,
            64,
            0,
            64,
            0
        ],
        "margin_right": [
            64,
            0,
            64,
            0,
            64,
            0,
            64,
            2,
            64,
            0,
            64,
            0,
            64,
            16,
            64,
            0,
            64,
            0,
            64,
            0
        ],
        "margin_top": [
            36,
            0,
            36,
            0,
            36,
            0,
            36,
            1,
            36,
            0,
            36,
            0,
            36,
            0,
            36,
            0,
            36,
            0,
            36,
            0
        ],
        "margin_bottom": [
            36,
            0,
            36,
            0,
            36,
            0,
            36,
            6,
            36,
            0,
            36,
            0,
            36,
            0,
            36,
            0,
            36,
            0,
            36,
            0
        ],
        "background_color": [
            128.0,
            95.87451171875,
            128.0,
            64.75294494628906,
            128.0,
            147.07452392578125,
            128.0,
            187.23138427734375,
            128.0,
            144.062744140625,
            128.0,
            168.1568603515625,
            128.0,
            254.49411010742188,
            128.0,
            231.4039306640625,
            128.0,
            229.39608764648438,
            128.0,
            105.91372680664062
        ],
        "background_proportion": [
            0.9960862395221413,
            0.016806921371236724,
            0.9952504032679125,
            0.013776991923603266,
            0.9712129054738886,
            0.017581516889953956,
            0.9718217689521845,
            0.0820566862060638,
            0.8759296312018086,
            0.03158908608424514,
            0.9411471881168736,
            0.023144193545300045,
            0.9281179293414544,
            0.549984434908363,
            0.9960862395221411,
            0.03409661390297628,
            0.8906459764168606,
            0.05262926203451791,
            0.9479626069106794,
            0.010520087975136386
        ],
        "is_uniform": [
            true,
            false,
            true,
            false,
            true,
            false,
            true,
            false,
            true,
            false,
            true,
            false,
            true,
            false,
            true,
            false,
            true,
            false,
            true,
            false
        ],
        "bad_properties": [
            false,
            false,
            false,
            false,
            false,
            false,
            false,
            false,
            false,
            false,
            false,
            false,
            false,
            false,
            false,
            false,
            false,
            false,
            false,
            false
        ]
    }
}