{
    "recording": "dynamic29234-6-9-Video-8744edeac3b4d1ce16b680916b5267ce",
    "trial": "700",
    "trial_type": "live_test_bonus",
    "first_label": "NaturalImages",
    "label": "NaturalImages",
    "ID": null,
    "sampling_freq": 30,
    "valid_frames": 325,
    "n_peaks": 19,
    "segments_n_peaks": 20,
    "segments_bad_n": 0,
    "segments_avg_duration": 16.25,
    "segments": {
        "frame_start": [
            0,
            16,
            32,
            51,
            66,
            85,
            100,
            117,
            132,
            149,
            165,
            179,
            194,
            213,
            229,
            248,
            263,
            280,
            295,
            310
        ],
        "frame_end": [
            16,
            32,
            51,
            66,
            85,
            100,
            117,
            132,
            149,
            165,
            179,
            194,
            213,
            229,
            248,
            263,
            280,
            295,
            310,
            325
        ],
        "duration": [
            16,
            16,
            19,
            15,
            19,
            15,
            17,
            15,
            17,
            16,
            14,
            15,
            19,
            16,
            19,
            15,
            17,
            15,
            15,
            15
        ],
        "transition_start": [
            1,
            0,
            0,
            0,
            1,
            0,
            1,
            0,
            1,
            1,
            0,
            0,
            1,
            1,
            0,
            0,
            0,
            0,
            0,
            0
        ],
        "transition_end": [
            0,
            0,
            0,
            0,
            0,
            0,
            0,
            0,
            0,
            0,
            0,
            0,
            0,
            0,
            1,
            0,
            1,
            0,
            0,
            0
        ],
        "max_change": [
            0.0,
            19.649537159248514,
            28.32738983323806,
            0.4451604679790459,
            12.89188315675478,
            0.6700118856338627,
            16.76012107192302,
            1.974689032565013,
            0.0,
            9.950518723700851,
            3.1601744264504408,
            1.2208968224489734,
            0.0,
            2.6371643252862973,
            2.642518835624085,
            5.583768519337657,
            10.178186899798979,
            2.2903859503106156,
            7.519932311751997,
            10.176575310232188
        ],
        "is_static": [
            true,
            true,
            true,
            true,
            true,
            true,
            true,
            true,
            true,
            true,
            true,
            true,
            true,
            true,
            true,
            true,
            true,
            true,
            true,
            true
        ],
        "intensity_range": [
            0.0,
            200.25,
            15.482246398925781,
            252.0625,
            13.7384033203125,
            244.0625,
            10.60699462890625,
            206.125,
            0.0,
            242.5625,
            9.074806213378906,
            215.5625,
            0.0,
            183.9375,
            6.360252380371094,
            247.8125,
            9.840690612792969,
            239.8125,
            10.681686401367188,
            237.4375
        ],
        "margin_left": [
            64,
            13,
            64,
            0,
            64,
            0,
            64,
            12,
            64,
            0,
            64,
            0,
            64,
            6,
            64,
            2,
            64,
            0,
            64,
            0
        ],
        "margin_right": [
            64,
            28,
            64,
            6,
            64,
            0,
            64,
            16,
            64,
            0,
            64,
            0,
            64,
            9,
            64,
            2,
            64,
            0,
            64,
            0
        ],
        "margin_top": [
            36,
            7,
            36,
            0,
            36,
            0,
            36,
            2,
            36,
            0,
            36,
            1,
            36,
            0,
            36,
            0,
            36,
            0,
            36,
            0
        ],
        "margin_bottom": [
            36,
            0,
            36,
            0,
            36,
            0,
            36,
            0,
            36,
            0,
            36,
            0,
            36,
            0,
            36,
            0,
            36,
            0,
            36,
            0
        ],
        "background_color": [
            128.0,
            86.83921813964844,
            128.0,
            14.556862831115723,
            128.0,
            6.5254902839660645,
            128.0,
            33.63137435913086,
            128.0,
            255.498046875,
            128.0,
            82.82353210449219,
            128.0,
            121.97647094726562,
            128.0,
            53.70980453491211,
            128.0,
            255.498046875,
            128.0,
            115.95294189453125
        ],
        "background_proportion": [
            0.9960862395221413,
            0.09913921947116969,
            0.9444797978363725,
            0.03467305707969608,
            0.9469928687277919,
            0.017322117460430046,
            0.93653290640835,
            0.16056824687530083,
            0.9960862395221413,
            0.05447388020002127,
            0.8800058769736625,
            0.029946223030593706,
            0.9960862395221411,
            0.04905531433885514,
            0.9734610167783658,
            0.021760729921172523,
            0.9342631786490223,
            0.03833347125186683,
            0.8914625980445552,
            0.013604058970587325
        ],
        "is_uniform": [
            true,
            false,
            true,
            false,
            true,
            false,
            true,
            false,
            true,
            false,
            true,
            false,
            true,
            false,
            true,
            false,
            true,
            false,
            true,
            false
        ],
        "bad_properties": [
            false,
            false,
            false,
            false,
            false,
            false,
            false,
            false,
            false,
            false,
            false,
            false,
            false,
            false,
            false,
            false,
            false,
            false,
            false,
            false
        ]
    }
}