{
    "recording": "dynamic29234-6-9-Video-8744edeac3b4d1ce16b680916b5267ce",
    "trial": "706",
    "trial_type": "train",
    "first_label": "NaturalImages",
    "label": "NaturalImages",
    "ID": null,
    "sampling_freq": 30,
    "valid_frames": 310,
    "n_peaks": 19,
    "segments_n_peaks": 20,
    "segments_bad_n": 0,
    "segments_avg_duration": 15.5,
    "segments": {
        "frame_start": [
            0,
            16,
            32,
            48,
            64,
            78,
            94,
            109,
            124,
            138,
            153,
            167,
            183,
            199,
            215,
            232,
            248,
            262,
            277,
            295
        ],
        "frame_end": [
            16,
            32,
            48,
            64,
            78,
            94,
            109,
            124,
            138,
            153,
            167,
            183,
            199,
            215,
            232,
            248,
            262,
            277,
            295,
            310
        ],
        "duration": [
            16,
            16,
            16,
            16,
            14,
            16,
            15,
            15,
            14,
            15,
            14,
            16,
            16,
            16,
            17,
            16,
            14,
            15,
            18,
            15
        ],
        "transition_start": [
            1,
            0,
            0,
            0,
            0,
            1,
            0,
            0,
            1,
            0,
            1,
            1,
            0,
            1,
            0,
            0,
            0,
            0,
            0,
            0
        ],
        "transition_end": [
            0,
            0,
            0,
            0,
            0,
            0,
            0,
            0,
            0,
            0,
            0,
            0,
            0,
            0,
            0,
            1,
            1,
            0,
            1,
            0
        ],
        "max_change": [
            0.0,
            5.689949514241587,
            0.013472635051281637,
            46.21337133581569,
            0.16896289728573619,
            18.825144191788542,
            27.864895679121243,
            2.696478647308494,
            7.2537963745061615,
            1.337229524280752,
            0.0,
            4.090502607229054,
            1.7935024998227063,
            2.9551903637732773,
            7.469610655509642,
            7.77531162215122,
            0.0,
            4.724087287927584,
            10.895750557768022,
            11.062806143826391
        ],
        "is_static": [
            true,
            true,
            true,
            true,
            true,
            true,
            true,
            true,
            true,
            true,
            true,
            true,
            true,
            true,
            true,
            true,
            true,
            true,
            true,
            true
        ],
        "intensity_range": [
            0.0,
            134.25,
            0.647186279296875,
            205.375,
            1.9775009155273438,
            245.0625,
            12.654518127441406,
            240.0625,
            9.858024597167969,
            203.875,
            0.0,
            240.0625,
            6.60992431640625,
            232.0,
            8.117027282714844,
            225.375,
            0.0,
            255.0,
            10.626724243164062,
            178.94393920898438
        ],
        "margin_left": [
            64,
            0,
            64,
            0,
            64,
            0,
            64,
            12,
            64,
            0,
            64,
            0,
            64,
            0,
            64,
            0,
            64,
            0,
            64,
            0
        ],
        "margin_right": [
            64,
            0,
            64,
            0,
            64,
            0,
            64,
            10,
            64,
            0,
            64,
            0,
            64,
            0,
            64,
            0,
            64,
            0,
            64,
            2
        ],
        "margin_top": [
            36,
            0,
            36,
            0,
            36,
            0,
            36,
            1,
            36,
            0,
            36,
            0,
            36,
            0,
            36,
            0,
            36,
            0,
            36,
            0
        ],
        "margin_bottom": [
            36,
            0,
            36,
            0,
            36,
            0,
            36,
            1,
            36,
            0,
            36,
            0,
            36,
            0,
            36,
            0,
            36,
            0,
            36,
            0
        ],
        "background_color": [
            128.0,
            146.07058715820312,
            128.0,
            162.13333129882812,
            128.0,
            222.36862182617188,
            128.0,
            0.501960813999176,
            128.0,
            74.79216003417969,
            128.0,
            109.92941284179688,
            128.0,
            129.00393676757812,
            128.0,
            0.501960813999176,
            128.0,
            0.501960813999176,
            128.0,
            178.19607543945312
        ],
        "background_proportion": [
            0.9960862395221413,
            0.036883356385431075,
            0.9960862395221413,
            0.014888446423716133,
            0.9787621949917618,
            0.02374945888085584,
            0.873189488210729,
            0.36840479049590125,
            0.9224572686920791,
            0.02657403044678287,
            0.9960862395221413,
            0.013258193064555444,
            0.9537720291518159,
            0.013027615793867523,
            0.9015587540160189,
            0.07545640287265448,
            0.9960862395221413,
            0.048017710918961946,
            0.9391205232096005,
            0.031790841196097076
        ],
        "is_uniform": [
            true,
            false,
            true,
            false,
            true,
            false,
            true,
            false,
            true,
            false,
            true,
            false,
            true,
            false,
            true,
            false,
            true,
            false,
            true,
            false
        ],
        "bad_properties": [
            false,
            false,
            false,
            false,
            false,
            false,
            false,
            false,
            false,
            false,
            false,
            false,
            false,
            false,
            false,
            false,
            false,
            false,
            false,
            false
        ]
    }
}