{
    "recording": "dynamic29234-6-9-Video-8744edeac3b4d1ce16b680916b5267ce",
    "trial": "736",
    "trial_type": "oracle",
    "first_label": "NaturalImages",
    "label": "NaturalImages",
    "ID": null,
    "sampling_freq": 30,
    "valid_frames": 325,
    "n_peaks": 19,
    "segments_n_peaks": 20,
    "segments_bad_n": 0,
    "segments_avg_duration": 16.25,
    "segments": {
        "frame_start": [
            0,
            16,
            32,
            51,
            66,
            85,
            100,
            117,
            132,
            149,
            165,
            179,
            194,
            213,
            229,
            248,
            263,
            280,
            295,
            310
        ],
        "frame_end": [
            16,
            32,
            51,
            66,
            85,
            100,
            117,
            132,
            149,
            165,
            179,
            194,
            213,
            229,
            248,
            263,
            280,
            295,
            310,
            325
        ],
        "duration": [
            16,
            16,
            19,
            15,
            19,
            15,
            17,
            15,
            17,
            16,
            14,
            15,
            19,
            16,
            19,
            15,
            17,
            15,
            15,
            15
        ],
        "transition_start": [
            1,
            0,
            0,
            0,
            1,
            0,
            1,
            0,
            1,
            1,
            0,
            0,
            1,
            1,
            0,
            0,
            0,
            0,
            0,
            0
        ],
        "transition_end": [
            0,
            0,
            0,
            0,
            0,
            0,
            0,
            0,
            0,
            0,
            0,
            0,
            0,
            0,
            1,
            0,
            1,
            0,
            0,
            0
        ],
        "max_change": [
            0.0,
            19.60717453741783,
            28.343755419037127,
            0.4420891708580762,
            12.908589859353494,
            0.6647739673274171,
            16.800589192023534,
            1.958855988486246,
            0.0,
            9.992703780830652,
            3.1339794811785597,
            1.2106792542498017,
            0.0,
            2.658272321562789,
            2.6198232563336004,
            5.6437961573855215,
            10.092485534240646,
            2.3235585651121307,
            7.456506987389023,
            10.090197272449435
        ],
        "is_static": [
            true,
            true,
            true,
            true,
            true,
            true,
            true,
            true,
            true,
            true,
            true,
            true,
            true,
            true,
            true,
            true,
            true,
            true,
            true,
            true
        ],
        "intensity_range": [
            0.0,
            200.25,
            15.486717224121094,
            252.0625,
            13.747314453125,
            244.0625,
            10.619789123535156,
            206.125,
            0.0,
            242.5625,
            9.095619201660156,
            215.5625,
            0.0,
            183.9375,
            6.332878112792969,
            247.8125,
            9.799179077148438,
            239.8125,
            10.636543273925781,
            237.4375
        ],
        "margin_left": [
            64,
            13,
            64,
            0,
            64,
            0,
            64,
            12,
            64,
            0,
            64,
            0,
            64,
            6,
            64,
            2,
            64,
            0,
            64,
            0
        ],
        "margin_right": [
            64,
            28,
            64,
            6,
            64,
            0,
            64,
            16,
            64,
            0,
            64,
            0,
            64,
            9,
            64,
            2,
            64,
            0,
            64,
            0
        ],
        "margin_top": [
            36,
            7,
            36,
            0,
            36,
            0,
            36,
            2,
            36,
            0,
            36,
            1,
            36,
            0,
            36,
            0,
            36,
            0,
            36,
            0
        ],
        "margin_bottom": [
            36,
            0,
            36,
            0,
            36,
            0,
            36,
            0,
            36,
            0,
            36,
            0,
            36,
            0,
            36,
            0,
            36,
            0,
            36,
            0
        ],
        "background_color": [
            128.0,
            86.83921813964844,
            128.0,
            14.556862831115723,
            128.0,
            6.5254902839660645,
            128.0,
            33.63137435913086,
            128.0,
            255.498046875,
            128.0,
            82.82353210449219,
            128.0,
            121.97647094726562,
            128.0,
            53.70980453491211,
            128.0,
            255.498046875,
            128.0,
            115.95294189453125
        ],
        "background_proportion": [
            0.9960862395221413,
            0.09903113637553472,
            0.9444797978363725,
            0.03467305707969608,
            0.9469928687277919,
            0.017322117460430046,
            0.93653290640835,
            0.16056824687530083,
            0.9960862395221413,
            0.05447388020002127,
            0.8800058769736625,
            0.029946223030593706,
            0.9960862395221411,
            0.04905531433885514,
            0.9735330716278682,
            0.021876018556516483,
            0.9342631786490223,
            0.03833347125186683,
            0.8912896664057492,
            0.013604058970587325
        ],
        "is_uniform": [
            true,
            false,
            true,
            false,
            true,
            false,
            true,
            false,
            true,
            false,
            true,
            false,
            true,
            false,
            true,
            false,
            true,
            false,
            true,
            false
        ],
        "bad_properties": [
            false,
            false,
            false,
            false,
            false,
            false,
            false,
            false,
            false,
            false,
            false,
            false,
            false,
            false,
            false,
            false,
            false,
            false,
            false,
            false
        ]
    }
}