{
    "recording": "dynamic29228-2-10-Video-8744edeac3b4d1ce16b680916b5267ce",
    "trial": "2",
    "trial_type": "live_test_main",
    "first_label": "Gabor",
    "label": "Gabor",
    "ID": null,
    "sampling_freq": 30,
    "valid_frames": 300,
    "peaks": [
        24,
        49,
        74,
        99,
        124,
        149,
        174,
        199,
        224,
        249,
        274
    ],
    "n_peaks": 11,
    "segments_n_peaks": 12,
    "segments_bad_n": 0,
    "segments_avg_duration": 25.0,
    "segments": {
        "frame_start": [
            0,
            25,
            50,
            75,
            100,
            125,
            150,
            175,
            200,
            225,
            250,
            275
        ],
        "frame_end": [
            25,
            50,
            75,
            100,
            125,
            150,
            175,
            200,
            225,
            250,
            275,
            300
        ],
        "duration": [
            25,
            25,
            25,
            25,
            25,
            25,
            25,
            25,
            25,
            25,
            25,
            25
        ],
        "transition_start": [
            0,
            0,
            0,
            0,
            0,
            0,
            0,
            0,
            0,
            0,
            0,
            0
        ],
        "transition_end": [
            0,
            0,
            0,
            0,
            0,
            0,
            0,
            0,
            0,
            0,
            0,
            0
        ],
        "max_change": [
            2.5246403035753247,
            224.0451186251926,
            9.429825831544045,
            4.968191807782533,
            28.68549728072003,
            36.565496180013696,
            28.657917694138355,
            28.399319723538206,
            23.18238604581292,
            97.646564890088,
            97.27574834943542,
            36.305403973237645
        ],
        "is_static": [
            true,
            false,
            true,
            true,
            true,
            true,
            true,
            true,
            true,
            false,
            false,
            true
        ],
        "intensity_range": [
            219.7757110595703,
            181.24293518066406,
            217.5052490234375,
            219.2043914794922,
            190.28004455566406,
            215.371337890625,
            190.46197509765625,
            189.15626525878906,
            223.2305908203125,
            179.8356475830078,
            182.80160522460938,
            219.35299682617188
        ],
        "margin_left": [
            23,
            23,
            22,
            22,
            23,
            22,
            23,
            23,
            22,
            23,
            23,
            22
        ],
        "margin_right": [
            23,
            23,
            22,
            22,
            22,
            22,
            22,
            23,
            22,
            23,
            23,
            22
        ],
        "margin_top": [
            8,
            9,
            8,
            9,
            9,
            8,
            9,
            9,
            8,
            9,
            9,
            8
        ],
        "margin_bottom": [
            8,
            9,
            8,
            9,
            8,
            8,
            8,
            9,
            8,
            9,
            9,
            8
        ],
        "background_color": [
            128.0,
            128.0,
            128.0,
            128.0,
            128.0,
            128.0,
            128.0,
            128.0,
            128.0,
            128.0,
            128.0,
            128.0
        ],
        "background_proportion": [
            0.6410057055619307,
            0.6480786095890931,
            0.6421124680502887,
            0.6427696082777512,
            0.6465913974953622,
            0.6397260114347668,
            0.6464011726926756,
            0.6479229711141677,
            0.6387230079296925,
            0.64711019241178,
            0.6493583037162569,
            0.6436515596356615
        ],
        "is_uniform": [
            false,
            false,
            false,
            false,
            false,
            false,
            false,
            false,
            false,
            false,
            false,
            false
        ],
        "bad_properties": [
            false,
            false,
            false,
            false,
            false,
            false,
            false,
            false,
            false,
            false,
            false,
            false
        ]
    }
}