{
    "recording": "dynamic29228-2-10-Video-8744edeac3b4d1ce16b680916b5267ce",
    "trial": "274",
    "trial_type": "live_test_bonus",
    "first_label": "NaturalVideo",
    "label": "NaturalVideo",
    "ID": null,
    "sampling_freq": 30,
    "valid_frames": 300,
    "peaks": [
        121,
        278
    ],
    "n_peaks": 2,
    "segments_n_peaks": 3,
    "segments_bad_n": 0,
    "segments_avg_duration": 100.0,
    "segments": {
        "frame_start": [
            0,
            122,
            279
        ],
        "frame_end": [
            122,
            279,
            300
        ],
        "duration": [
            122,
            157,
            21
        ],
        "transition_start": [
            0,
            0,
            0
        ],
        "transition_end": [
            0,
            0,
            0
        ],
        "max_change": [
            2556.477439323615,
            338.57350225293743,
            658.6688977066192
        ],
        "is_static": [
            false,
            false,
            false
        ],
        "intensity_range": [
            212.1875,
            252.42556762695312,
            202.35952758789062
        ],
        "margin_left": [
            0,
            0,
            0
        ],
        "margin_right": [
            0,
            0,
            0
        ],
        "margin_top": [
            0,
            0,
            0
        ],
        "margin_bottom": [
            0,
            0,
            0
        ],
        "background_color": [
            17.568628311157227,
            4.5176472663879395,
            4.5176472663879395
        ],
        "background_proportion": [
            0.037878695384987476,
            0.02805754551400348,
            0.10314215412022168
        ],
        "is_uniform": [
            false,
            false,
            false
        ],
        "bad_properties": [
            false,
            false,
            false
        ]
    }
}