{
    "recording": "dynamic29228-2-10-Video-8744edeac3b4d1ce16b680916b5267ce",
    "trial": "667",
    "trial_type": "live_test_main",
    "first_label": "NaturalImages",
    "label": "NaturalImages",
    "ID": null,
    "sampling_freq": 30,
    "valid_frames": 319,
    "peaks": [
        14,
        29,
        47,
        62,
        79,
        95,
        114,
        129,
        146,
        162,
        175,
        191,
        205,
        220,
        239,
        254,
        270,
        286,
        303
    ],
    "n_peaks": 19,
    "segments_n_peaks": 20,
    "segments_bad_n": 0,
    "segments_avg_duration": 15.95,
    "segments": {
        "frame_start": [
            0,
            15,
            30,
            48,
            63,
            80,
            96,
            115,
            130,
            147,
            163,
            176,
            192,
            206,
            221,
            240,
            255,
            271,
            287,
            304
        ],
        "frame_end": [
            15,
            30,
            48,
            63,
            80,
            96,
            115,
            130,
            147,
            163,
            176,
            192,
            206,
            221,
            240,
            255,
            271,
            287,
            304,
            319
        ],
        "duration": [
            15,
            15,
            18,
            15,
            17,
            16,
            19,
            15,
            17,
            16,
            13,
            16,
            14,
            15,
            19,
            15,
            16,
            16,
            17,
            15
        ],
        "transition_start": [
            1,
            0,
            0,
            0,
            0,
            1,
            0,
            0,
            1,
            1,
            0,
            1,
            0,
            0,
            1,
            0,
            0,
            0,
            0,
            0
        ],
        "transition_end": [
            0,
            0,
            0,
            0,
            0,
            0,
            0,
            0,
            0,
            0,
            0,
            0,
            0,
            0,
            1,
            0,
            0,
            1,
            1,
            0
        ],
        "max_change": [
            3.7825877703593154,
            0.0043322438627658106,
            13.360385791208147,
            0.034507035373432395,
            23.17861296994407,
            8.579428622281739,
            2.6587132102766997,
            0.2996557960620218,
            0.0,
            6.829708069213161,
            2.092935940129008,
            4.423642607495974,
            4.138978680525573,
            2.7773974008254196,
            0.0,
            1.6028573680238827,
            3.4777809909156883,
            7.3447049262503645,
            0.0,
            7.382345204301196
        ],
        "is_static": [
            true,
            true,
            true,
            true,
            true,
            true,
            true,
            true,
            true,
            true,
            true,
            true,
            true,
            true,
            true,
            true,
            true,
            true,
            true,
            true
        ],
        "intensity_range": [
            15.294082641601562,
            228.75,
            28.743423461914062,
            176.625,
            33.200775146484375,
            236.5625,
            6.646797180175781,
            128.4375,
            0.0,
            237.375,
            5.846923828125,
            201.5625,
            7.642707824707031,
            201.125,
            0.0,
            165.125,
            7.6701202392578125,
            241.8125,
            0.0,
            223.8857421875
        ],
        "margin_left": [
            64,
            0,
            64,
            0,
            64,
            0,
            64,
            0,
            64,
            0,
            64,
            0,
            64,
            0,
            64,
            0,
            64,
            0,
            64,
            0
        ],
        "margin_right": [
            64,
            0,
            64,
            0,
            64,
            0,
            64,
            0,
            64,
            0,
            64,
            0,
            64,
            0,
            64,
            0,
            64,
            0,
            64,
            0
        ],
        "margin_top": [
            36,
            0,
            36,
            0,
            36,
            0,
            36,
            0,
            36,
            0,
            36,
            0,
            36,
            0,
            36,
            0,
            36,
            0,
            36,
            0
        ],
        "margin_bottom": [
            36,
            0,
            36,
            0,
            36,
            0,
            36,
            0,
            36,
            0,
            36,
            0,
            36,
            0,
            36,
            0,
            36,
            0,
            36,
            0
        ],
        "background_color": [
            128.0,
            121.97647094726562,
            128.0,
            151.0902099609375,
            128.0,
            112.94117736816406,
            128.0,
            103.9058837890625,
            128.0,
            169.16079711914062,
            128.0,
            216.3450927734375,
            128.0,
            83.82745361328125,
            128.0,
            172.17254638671875,
            128.0,
            62.74509811401367,
            128.0,
            164.14117431640625
        ],
        "background_proportion": [
            0.9421377443446493,
            0.023345948657151977,
            0.9020546609214183,
            0.027352228735354603,
            0.9404175105006449,
            0.015246922024238758,
            0.9270728631407759,
            0.016342164060006385,
            0.9960862395221413,
            0.016803318601382226,
            0.9314696675606188,
            0.016659207807202276,
            0.8775971862902943,
            0.014353435100323067,
            0.9960862395221411,
            0.01896498051408148,
            0.88992242563644,
            0.014987522594714848,
            0.9960862395221413,
            0.014526368053339006
        ],
        "is_uniform": [
            true,
            false,
            true,
            false,
            true,
            false,
            true,
            false,
            true,
            false,
            true,
            false,
            true,
            false,
            true,
            false,
            true,
            false,
            true,
            false
        ],
        "bad_properties": [
            false,
            false,
            false,
            false,
            false,
            false,
            false,
            false,
            false,
            false,
            false,
            false,
            false,
            false,
            false,
            false,
            false,
            false,
            false,
            false
        ]
    }
}