{
    "recording": "dynamic29515-10-12-Video-9b4f6a1a067fe51e15306b9628efea20",
    "trial": "104",
    "trial_type": "live_test_bonus",
    "first_label": "NaturalVideo",
    "label": "NaturalVideo",
    "ID": null,
    "sampling_freq": 30,
    "valid_frames": 300,
    "peaks": [
        45,
        193
    ],
    "n_peaks": 2,
    "segments_n_peaks": 3,
    "segments_bad_n": 0,
    "segments_avg_duration": 100.0,
    "segments": {
        "frame_start": [
            0,
            46,
            194
        ],
        "frame_end": [
            46,
            194,
            300
        ],
        "duration": [
            46,
            148,
            106
        ],
        "transition_start": [
            0,
            0,
            0
        ],
        "transition_end": [
            0,
            0,
            0
        ],
        "max_change": [
            442.35795869060667,
            4494.1409651014965,
            3542.203053008295
        ],
        "is_static": [
            false,
            false,
            false
        ],
        "intensity_range": [
            213.36208255930265,
            234.24608805774363,
            230.70950696845853
        ],
        "margin_left": [
            6,
            0,
            0
        ],
        "margin_right": [
            0,
            0,
            0
        ],
        "margin_top": [
            0,
            0,
            0
        ],
        "margin_bottom": [
            0,
            0,
            0
        ],
        "background_color": [
            80.8156862745098,
            16.56470588235294,
            37.647058823529406
        ],
        "background_proportion": [
            0.03416365471439097,
            0.019995371500651043,
            0.02066630237507363
        ],
        "is_uniform": [
            false,
            false,
            false
        ],
        "bad_properties": [
            false,
            false,
            false
        ]
    }
}