{
    "recording": "dynamic29515-10-12-Video-9b4f6a1a067fe51e15306b9628efea20",
    "trial": "347",
    "trial_type": "live_test_bonus",
    "first_label": "NaturalVideo",
    "label": "NaturalVideo",
    "ID": null,
    "sampling_freq": 30,
    "valid_frames": 300,
    "peaks": [
        104,
        163,
        217,
        290
    ],
    "n_peaks": 4,
    "segments_n_peaks": 5,
    "segments_bad_n": 0,
    "segments_avg_duration": 60.0,
    "segments": {
        "frame_start": [
            0,
            105,
            164,
            218,
            291
        ],
        "frame_end": [
            105,
            164,
            218,
            291,
            300
        ],
        "duration": [
            105,
            59,
            54,
            73,
            9
        ],
        "transition_start": [
            0,
            0,
            0,
            1,
            1
        ],
        "transition_end": [
            0,
            0,
            0,
            0,
            0
        ],
        "max_change": [
            120.50086822320756,
            28.39650540816515,
            35.71244101844211,
            2.081619690550516,
            0.49545617949483756
        ],
        "is_static": [
            false,
            true,
            true,
            true,
            true
        ],
        "intensity_range": [
            251.75,
            199.1875,
            155.86491634293208,
            207.20287471600247,
            190.62500000000003
        ],
        "margin_left": [
            0,
            2,
            0,
            7,
            6
        ],
        "margin_right": [
            0,
            0,
            0,
            0,
            1
        ],
        "margin_top": [
            0,
            0,
            0,
            0,
            0
        ],
        "margin_bottom": [
            0,
            0,
            0,
            0,
            0
        ],
        "background_color": [
            1.5058823529411764,
            4.517647058823529,
            12.549019607843137,
            12.549019607843137,
            4.517647058823529
        ],
        "background_proportion": [
            0.09485371907552083,
            0.0330111401229255,
            0.06389712109977816,
            0.04229051095468027,
            0.0428009033203125
        ],
        "is_uniform": [
            false,
            false,
            false,
            false,
            false
        ],
        "bad_properties": [
            false,
            false,
            false,
            false,
            false
        ]
    }
}