{
    "recording": "dynamic29515-10-12-Video-9b4f6a1a067fe51e15306b9628efea20",
    "trial": "473",
    "trial_type": "train",
    "first_label": "NaturalVideo",
    "label": "NaturalVideo",
    "ID": null,
    "sampling_freq": 30,
    "valid_frames": 300,
    "peaks": [
        109,
        186
    ],
    "n_peaks": 2,
    "segments_n_peaks": 3,
    "segments_bad_n": 0,
    "segments_avg_duration": 100.0,
    "segments": {
        "frame_start": [
            0,
            110,
            187
        ],
        "frame_end": [
            110,
            187,
            300
        ],
        "duration": [
            110,
            77,
            113
        ],
        "transition_start": [
            0,
            0,
            1
        ],
        "transition_end": [
            0,
            0,
            0
        ],
        "max_change": [
            98.60276383515581,
            17.438019189800166,
            35.29929520917189
        ],
        "is_static": [
            false,
            true,
            true
        ],
        "intensity_range": [
            100.55355822336197,
            243.0,
            102.5625
        ],
        "margin_left": [
            0,
            0,
            3
        ],
        "margin_right": [
            0,
            5,
            0
        ],
        "margin_top": [
            0,
            2,
            0
        ],
        "margin_bottom": [
            0,
            0,
            0
        ],
        "background_color": [
            4.517647058823529,
            1.5058823529411764,
            4.517647058823529
        ],
        "background_proportion": [
            0.10032861882990057,
            0.04555210922703599,
            0.10204973674955822
        ],
        "is_uniform": [
            false,
            false,
            false
        ],
        "bad_properties": [
            false,
            false,
            false
        ]
    }
}