{
    "recording": "dynamic29515-10-12-Video-9b4f6a1a067fe51e15306b9628efea20",
    "trial": "48",
    "trial_type": "live_test_main",
    "first_label": "NaturalVideo",
    "label": "NaturalVideo",
    "ID": null,
    "sampling_freq": 30,
    "valid_frames": 300,
    "peaks": [
        136,
        207,
        255
    ],
    "n_peaks": 3,
    "segments_n_peaks": 4,
    "segments_bad_n": 0,
    "segments_avg_duration": 75.0,
    "segments": {
        "frame_start": [
            0,
            137,
            208,
            256
        ],
        "frame_end": [
            137,
            208,
            256,
            300
        ],
        "duration": [
            137,
            71,
            48,
            44
        ],
        "transition_start": [
            0,
            0,
            0,
            0
        ],
        "transition_end": [
            0,
            0,
            0,
            0
        ],
        "max_change": [
            3218.193865518716,
            2546.2597324182493,
            1387.6630255699451,
            795.4698819137136
        ],
        "is_static": [
            false,
            false,
            false,
            false
        ],
        "intensity_range": [
            246.8946728348753,
            241.59188029913307,
            246.75000000000003,
            240.12775771194754
        ],
        "margin_left": [
            0,
            0,
            0,
            0
        ],
        "margin_right": [
            0,
            0,
            0,
            0
        ],
        "margin_top": [
            0,
            0,
            0,
            0
        ],
        "margin_bottom": [
            0,
            0,
            0,
            0
        ],
        "background_color": [
            37.647058823529406,
            8.533333333333333,
            3.5137254901960784,
            3.5137254901960784
        ],
        "background_proportion": [
            0.017653045283036736,
            0.011654706068441902,
            0.05029466417100695,
            0.036522258411754265
        ],
        "is_uniform": [
            false,
            false,
            false,
            false
        ],
        "bad_properties": [
            false,
            false,
            false,
            false
        ]
    }
}