{
    "recording": "dynamic29515-10-12-Video-9b4f6a1a067fe51e15306b9628efea20",
    "trial": "520",
    "trial_type": "train",
    "first_label": "NaturalVideo",
    "label": "NaturalVideo",
    "ID": null,
    "sampling_freq": 30,
    "valid_frames": 300,
    "peaks": [
        79,
        115
    ],
    "n_peaks": 2,
    "segments_n_peaks": 3,
    "segments_bad_n": 0,
    "segments_avg_duration": 100.0,
    "segments": {
        "frame_start": [
            0,
            80,
            116
        ],
        "frame_end": [
            80,
            116,
            300
        ],
        "duration": [
            80,
            36,
            184
        ],
        "transition_start": [
            0,
            0,
            0
        ],
        "transition_end": [
            1,
            1,
            0
        ],
        "max_change": [
            33.162585805659795,
            27.01561519864135,
            407.7471268017119
        ],
        "is_static": [
            true,
            true,
            false
        ],
        "intensity_range": [
            199.78503747689626,
            219.40342502066687,
            215.82572098069144
        ],
        "margin_left": [
            0,
            0,
            0
        ],
        "margin_right": [
            0,
            0,
            0
        ],
        "margin_top": [
            0,
            0,
            0
        ],
        "margin_bottom": [
            0,
            0,
            0
        ],
        "background_color": [
            187.2313725490196,
            193.2549019607843,
            187.2313725490196
        ],
        "background_proportion": [
            0.027620017780030426,
            0.01720682779947923,
            0.02347517704618158
        ],
        "is_uniform": [
            false,
            false,
            false
        ],
        "bad_properties": [
            false,
            false,
            false
        ]
    }
}