{
    "recording": "dynamic29515-10-12-Video-9b4f6a1a067fe51e15306b9628efea20",
    "trial": "637",
    "trial_type": "train",
    "first_label": "PinkNoise",
    "label": "PinkNoise",
    "ID": null,
    "sampling_freq": 30,
    "valid_frames": 324,
    "peaks": [
        26,
        53,
        80,
        107,
        161,
        188,
        215,
        242,
        269,
        296
    ],
    "n_peaks": 10,
    "segments_n_peaks": 11,
    "segments_bad_n": 0,
    "segments_avg_duration": 27.0,
    "segments": {
        "frame_start": [
            0,
            27,
            54,
            81,
            108,
            135,
            162,
            189,
            216,
            243,
            270,
            297
        ],
        "frame_end": [
            27,
            54,
            81,
            108,
            135,
            162,
            189,
            216,
            243,
            270,
            297,
            324
        ],
        "duration": [
            27,
            27,
            27,
            27,
            27,
            27,
            27,
            27,
            27,
            27,
            27,
            27
        ],
        "transition_start": [
            0,
            0,
            0,
            0,
            0,
            0,
            0,
            0,
            0,
            0,
            0,
            0
        ],
        "transition_end": [
            0,
            0,
            0,
            0,
            0,
            0,
            0,
            0,
            0,
            0,
            0,
            0
        ],
        "max_change": [
            505.6326065285592,
            458.2432958734197,
            439.5382487706132,
            443.28731567803885,
            452.5274926831163,
            393.2551290781466,
            446.3124226079421,
            407.14366991952,
            435.63892866336846,
            386.0664379405655,
            426.86701040628805,
            424.93246157625913
        ],
        "is_static": [
            false,
            false,
            false,
            false,
            false,
            false,
            false,
            false,
            false,
            false,
            false,
            false
        ],
        "intensity_range": [
            254.53936527756878,
            254.51758770292406,
            254.99461491589793,
            254.8633151951787,
            254.15983208779093,
            254.72264041914,
            255.00000000000003,
            254.3355491512032,
            252.98876036998038,
            252.77714713227405,
            253.47779805643526,
            254.33907067140746
        ],
        "margin_left": [
            0,
            0,
            0,
            0,
            0,
            0,
            0,
            0,
            0,
            0,
            0,
            0
        ],
        "margin_right": [
            0,
            0,
            0,
            0,
            0,
            0,
            0,
            0,
            0,
            0,
            0,
            0
        ],
        "margin_top": [
            0,
            0,
            0,
            0,
            0,
            0,
            0,
            0,
            0,
            0,
            0,
            0
        ],
        "margin_bottom": [
            0,
            0,
            0,
            0,
            0,
            0,
            0,
            0,
            0,
            0,
            0,
            0
        ],
        "background_color": [
            134.0235294117647,
            121.97647058823529,
            128.0,
            131.01176470588234,
            124.98823529411764,
            121.97647058823529,
            130.0078431372549,
            132.0156862745098,
            129.00392156862745,
            137.03529411764706,
            123.9843137254902,
            122.98039215686273
        ],
        "background_proportion": [
            0.009863582658179047,
            0.009815545729648954,
            0.009927631896219171,
            0.010504075038580283,
            0.010119779610339543,
            0.01005573037229942,
            0.01024787808641979,
            0.01079229660976084,
            0.010327939633969944,
            0.009863582658179047,
            0.010408001181520098,
            0.010760271990740627
        ],
        "is_uniform": [
            false,
            false,
            false,
            false,
            false,
            false,
            false,
            false,
            false,
            false,
            false,
            false
        ],
        "bad_properties": [
            false,
            false,
            false,
            false,
            false,
            false,
            false,
            false,
            false,
            false,
            false,
            false
        ]
    }
}