{
    "recording": "dynamic29513-3-5-Video-8744edeac3b4d1ce16b680916b5267ce",
    "trial": "0",
    "trial_type": "live_test_bonus",
    "first_label": "NaturalVideo",
    "label": "NaturalVideo",
    "ID": null,
    "sampling_freq": 30,
    "valid_frames": 300,
    "peaks": [
        162,
        276
    ],
    "n_peaks": 2,
    "segments_n_peaks": 3,
    "segments_bad_n": 0,
    "segments_avg_duration": 100.0,
    "segments": {
        "frame_start": [
            0,
            163,
            277
        ],
        "frame_end": [
            163,
            277,
            300
        ],
        "duration": [
            163,
            114,
            23
        ],
        "transition_start": [
            0,
            0,
            1
        ],
        "transition_end": [
            0,
            0,
            0
        ],
        "max_change": [
            5.960954815449103,
            22.17055313798225,
            2.846275813022276
        ],
        "is_static": [
            true,
            true,
            true
        ],
        "intensity_range": [
            111.45706939697266,
            106.53145599365234,
            116.125
        ],
        "margin_left": [
            0,
            0,
            0
        ],
        "margin_right": [
            0,
            0,
            1
        ],
        "margin_top": [
            0,
            0,
            0
        ],
        "margin_bottom": [
            0,
            0,
            0
        ],
        "background_color": [
            3.513725757598877,
            3.513725757598877,
            32.6274528503418
        ],
        "background_proportion": [
            0.047827090003384136,
            0.10234139389890967,
            0.046279216403697726
        ],
        "is_uniform": [
            false,
            false,
            false
        ],
        "bad_properties": [
            false,
            false,
            false
        ]
    }
}