{
    "recording": "dynamic29513-3-5-Video-8744edeac3b4d1ce16b680916b5267ce",
    "trial": "168",
    "trial_type": "live_test_bonus",
    "first_label": "PinkNoise",
    "label": "PinkNoise",
    "ID": null,
    "sampling_freq": 30,
    "valid_frames": 324,
    "peaks": [
        26,
        53,
        80,
        134,
        161,
        188,
        215,
        242,
        269,
        296
    ],
    "n_peaks": 10,
    "segments_n_peaks": 11,
    "segments_bad_n": 0,
    "segments_avg_duration": 27.0,
    "segments": {
        "frame_start": [
            0,
            27,
            54,
            81,
            108,
            135,
            162,
            189,
            216,
            243,
            270,
            297
        ],
        "frame_end": [
            27,
            54,
            81,
            108,
            135,
            162,
            189,
            216,
            243,
            270,
            297,
            324
        ],
        "duration": [
            27,
            27,
            27,
            27,
            27,
            27,
            27,
            27,
            27,
            27,
            27,
            27
        ],
        "transition_start": [
            0,
            0,
            0,
            0,
            0,
            0,
            0,
            0,
            0,
            0,
            0,
            0
        ],
        "transition_end": [
            0,
            0,
            0,
            0,
            0,
            0,
            0,
            0,
            0,
            0,
            0,
            0
        ],
        "max_change": [
            452.225368944583,
            422.87479860716473,
            446.1747601824922,
            468.1708569058675,
            474.9468654104601,
            405.1776627622724,
            399.4836785639912,
            437.85133206697344,
            390.8250049130107,
            392.1960972222675,
            385.6410254584883,
            424.56217384533426
        ],
        "is_static": [
            false,
            false,
            false,
            false,
            false,
            false,
            false,
            false,
            false,
            false,
            false,
            false
        ],
        "intensity_range": [
            254.09669494628906,
            254.8141326904297,
            254.76133728027344,
            254.81512451171875,
            254.37599182128906,
            253.89508056640625,
            253.28607177734375,
            254.73703002929688,
            254.6583251953125,
            253.68746948242188,
            253.160888671875,
            252.7345428466797
        ],
        "margin_left": [
            0,
            0,
            0,
            0,
            0,
            0,
            0,
            0,
            0,
            0,
            0,
            0
        ],
        "margin_right": [
            0,
            0,
            0,
            0,
            0,
            0,
            0,
            0,
            0,
            0,
            0,
            0
        ],
        "margin_top": [
            0,
            0,
            0,
            0,
            0,
            0,
            0,
            0,
            0,
            0,
            0,
            0
        ],
        "margin_bottom": [
            0,
            0,
            0,
            0,
            0,
            0,
            0,
            0,
            0,
            0,
            0,
            0
        ],
        "background_color": [
            126.99607849121094,
            126.99607849121094,
            125.99215698242188,
            125.99215698242188,
            125.99215698242188,
            128.0,
            108.92549133300781,
            129.00393676757812,
            129.00393676757812,
            129.00393676757812,
            126.99607849121094,
            133.01962280273438
        ],
        "background_proportion": [
            0.009991681729809899,
            0.010936408047211797,
            0.010776284942567408,
            0.009943644798416583,
            0.009479287794947852,
            0.010055654552789105,
            0.010135792523989851,
            0.01042401411234975,
            0.010504075664671944,
            0.01029591562863424,
            0.009719472451914438,
            0.010007694040274337
        ],
        "is_uniform": [
            false,
            false,
            false,
            false,
            false,
            false,
            false,
            false,
            false,
            false,
            false,
            false
        ],
        "bad_properties": [
            false,
            false,
            false,
            false,
            false,
            false,
            false,
            false,
            false,
            false,
            false,
            false
        ]
    }
}