{
    "recording": "dynamic29513-3-5-Video-8744edeac3b4d1ce16b680916b5267ce",
    "trial": "374",
    "trial_type": "train",
    "first_label": "PinkNoise",
    "label": "PinkNoise",
    "ID": null,
    "sampling_freq": 30,
    "valid_frames": 324,
    "peaks": [
        26,
        53,
        107,
        134,
        161,
        188,
        215,
        242,
        269,
        296
    ],
    "n_peaks": 10,
    "segments_n_peaks": 11,
    "segments_bad_n": 0,
    "segments_avg_duration": 27.0,
    "segments": {
        "frame_start": [
            0,
            27,
            54,
            81,
            108,
            135,
            162,
            189,
            216,
            243,
            270,
            297
        ],
        "frame_end": [
            27,
            54,
            81,
            108,
            135,
            162,
            189,
            216,
            243,
            270,
            297,
            324
        ],
        "duration": [
            27,
            27,
            27,
            27,
            27,
            27,
            27,
            27,
            27,
            27,
            27,
            27
        ],
        "transition_start": [
            0,
            0,
            0,
            0,
            0,
            0,
            0,
            0,
            0,
            0,
            0,
            0
        ],
        "transition_end": [
            0,
            0,
            0,
            0,
            0,
            0,
            0,
            0,
            0,
            0,
            0,
            0
        ],
        "max_change": [
            471.53086257795724,
            448.24879702885596,
            435.04854529727163,
            486.68775557582325,
            407.28665864480837,
            426.47841278611804,
            409.59836340509185,
            440.71894983723973,
            446.9140829977257,
            404.7861557970084,
            449.5281780984121,
            400.296427105845
        ],
        "is_static": [
            false,
            false,
            false,
            false,
            false,
            false,
            false,
            false,
            false,
            false,
            false,
            false
        ],
        "intensity_range": [
            254.98095703125,
            254.85816955566406,
            254.50344848632812,
            254.29052734375,
            254.3006591796875,
            254.84837341308594,
            254.9298553466797,
            255.0,
            254.74913024902344,
            252.41232299804688,
            251.38980102539062,
            252.6964569091797
        ],
        "margin_left": [
            0,
            0,
            0,
            0,
            0,
            0,
            0,
            0,
            0,
            0,
            0,
            0
        ],
        "margin_right": [
            0,
            0,
            0,
            0,
            0,
            0,
            0,
            0,
            0,
            0,
            0,
            0
        ],
        "margin_top": [
            0,
            0,
            0,
            0,
            0,
            0,
            0,
            0,
            0,
            0,
            0,
            0
        ],
        "margin_bottom": [
            0,
            0,
            0,
            0,
            0,
            0,
            0,
            0,
            0,
            0,
            0,
            0
        ],
        "background_color": [
            119.9686279296875,
            126.99607849121094,
            134.02352905273438,
            124.98823547363281,
            135.0274658203125,
            124.98823547363281,
            130.00784301757812,
            129.00393676757812,
            135.0274658203125,
            133.01962280273438,
            129.00393676757812,
            125.99215698242188
        ],
        "background_proportion": [
            0.009431250863554536,
            0.010199841765847605,
            0.010391989491420872,
            0.009927632487952143,
            0.009927632487952143,
            0.010039718661203217,
            0.01029591562863424,
            0.009911620177487705,
            0.009991681729809899,
            0.010279903318169801,
            0.01088837111581848,
            0.010375977180956434
        ],
        "is_uniform": [
            false,
            false,
            false,
            false,
            false,
            false,
            false,
            false,
            false,
            false,
            false,
            false
        ],
        "bad_properties": [
            false,
            false,
            false,
            false,
            false,
            false,
            false,
            false,
            false,
            false,
            false,
            false
        ]
    }
}