{
    "recording": "dynamic29513-3-5-Video-8744edeac3b4d1ce16b680916b5267ce",
    "trial": "462",
    "trial_type": "train",
    "first_label": "NaturalVideo",
    "label": "NaturalVideo",
    "ID": null,
    "sampling_freq": 30,
    "valid_frames": 300,
    "peaks": [
        18,
        84,
        122,
        163,
        227
    ],
    "n_peaks": 5,
    "segments_n_peaks": 6,
    "segments_bad_n": 0,
    "segments_avg_duration": 50.0,
    "segments": {
        "frame_start": [
            0,
            19,
            85,
            123,
            164,
            228
        ],
        "frame_end": [
            19,
            85,
            123,
            164,
            228,
            300
        ],
        "duration": [
            19,
            66,
            38,
            41,
            64,
            72
        ],
        "transition_start": [
            0,
            0,
            0,
            0,
            0,
            0
        ],
        "transition_end": [
            0,
            0,
            0,
            0,
            0,
            0
        ],
        "max_change": [
            2750.777819393654,
            6219.084844199624,
            1447.2668952930069,
            1511.0440215006283,
            5398.838209730596,
            1023.8249457172203
        ],
        "is_static": [
            false,
            false,
            false,
            false,
            false,
            false
        ],
        "intensity_range": [
            249.8450927734375,
            226.47296142578125,
            249.95993041992188,
            243.4958038330078,
            247.04296875,
            245.25
        ],
        "margin_left": [
            0,
            0,
            0,
            0,
            0,
            0
        ],
        "margin_right": [
            0,
            0,
            0,
            0,
            0,
            0
        ],
        "margin_top": [
            0,
            0,
            0,
            0,
            0,
            0
        ],
        "margin_bottom": [
            0,
            0,
            0,
            0,
            0,
            0
        ],
        "background_color": [
            5.521568775177002,
            245.45883178710938,
            5.521568775177002,
            251.48236083984375,
            5.521568775177002,
            8.533333778381348
        ],
        "background_proportion": [
            0.048307455164847614,
            0.011915342482424086,
            0.017441198485094532,
            0.09115886456236623,
            0.12243788177398136,
            0.1567445071363928
        ],
        "is_uniform": [
            false,
            false,
            false,
            false,
            false,
            false
        ],
        "bad_properties": [
            false,
            false,
            false,
            false,
            false,
            false
        ]
    }
}