{
    "recording": "dynamic29513-3-5-Video-8744edeac3b4d1ce16b680916b5267ce",
    "trial": "482",
    "trial_type": "final_test_bonus",
    "first_label": "PinkNoise",
    "label": "PinkNoise",
    "ID": null,
    "sampling_freq": 30,
    "valid_frames": 324,
    "peaks": [
        26,
        53,
        80,
        107,
        134,
        161,
        188,
        215,
        242,
        296
    ],
    "n_peaks": 10,
    "segments_n_peaks": 11,
    "segments_bad_n": 0,
    "segments_avg_duration": 27.0,
    "segments": {
        "frame_start": [
            0,
            27,
            54,
            81,
            108,
            135,
            162,
            189,
            216,
            243,
            270,
            297
        ],
        "frame_end": [
            27,
            54,
            81,
            108,
            135,
            162,
            189,
            216,
            243,
            270,
            297,
            324
        ],
        "duration": [
            27,
            27,
            27,
            27,
            27,
            27,
            27,
            27,
            27,
            27,
            27,
            27
        ],
        "transition_start": [
            0,
            0,
            0,
            0,
            0,
            0,
            0,
            0,
            0,
            0,
            0,
            0
        ],
        "transition_end": [
            0,
            0,
            0,
            0,
            0,
            0,
            0,
            0,
            0,
            0,
            0,
            0
        ],
        "max_change": [
            455.53164783764146,
            444.5793051355183,
            420.9594169294284,
            462.63584275306744,
            426.03083794387084,
            431.9620519951546,
            422.8581381556294,
            444.26354943358535,
            443.144964678232,
            441.24119272536245,
            400.06790421660713,
            377.17717615926654
        ],
        "is_static": [
            false,
            false,
            false,
            false,
            false,
            false,
            false,
            false,
            false,
            false,
            false,
            false
        ],
        "intensity_range": [
            254.95455932617188,
            254.69923400878906,
            254.87265014648438,
            254.80967712402344,
            254.37298583984375,
            253.16058349609375,
            252.36094665527344,
            254.49227905273438,
            251.97268676757812,
            254.51690673828125,
            255.0,
            253.613037109375
        ],
        "margin_left": [
            0,
            0,
            0,
            0,
            0,
            0,
            0,
            0,
            0,
            0,
            0,
            0
        ],
        "margin_right": [
            0,
            0,
            0,
            0,
            0,
            0,
            0,
            0,
            0,
            0,
            0,
            0
        ],
        "margin_top": [
            0,
            0,
            0,
            0,
            0,
            0,
            0,
            0,
            0,
            0,
            0,
            0
        ],
        "margin_bottom": [
            0,
            0,
            0,
            0,
            0,
            0,
            0,
            0,
            0,
            0,
            0,
            0
        ],
        "background_color": [
            125.99215698242188,
            131.01177978515625,
            122.98039245605469,
            139.04315185546875,
            129.00393676757812,
            138.03921508789062,
            124.98823547363281,
            132.01568603515625,
            122.98039245605469,
            124.98823547363281,
            120.97254943847656,
            119.9686279296875
        ],
        "background_proportion": [
            0.010055730971667657,
            0.01029591562863424,
            0.00995965710888102,
            0.009799534004236632,
            0.010680211079780774,
            0.010311927939098678,
            0.009799534004236632,
            0.009767509383307754,
            0.009783521693772192,
            0.010167817144918729,
            0.00997566941934546,
            0.010343952560027556
        ],
        "is_uniform": [
            false,
            false,
            false,
            false,
            false,
            false,
            false,
            false,
            false,
            false,
            false,
            false
        ],
        "bad_properties": [
            false,
            false,
            false,
            false,
            false,
            false,
            false,
            false,
            false,
            false,
            false,
            false
        ]
    }
}