{
    "recording": "dynamic29513-3-5-Video-8744edeac3b4d1ce16b680916b5267ce",
    "trial": "543",
    "trial_type": "final_test_bonus",
    "first_label": "NaturalVideo",
    "label": "NaturalVideo",
    "ID": null,
    "sampling_freq": 30,
    "valid_frames": 300,
    "peaks": [
        39,
        188,
        238
    ],
    "n_peaks": 3,
    "segments_n_peaks": 4,
    "segments_bad_n": 0,
    "segments_avg_duration": 75.0,
    "segments": {
        "frame_start": [
            0,
            40,
            189,
            239
        ],
        "frame_end": [
            40,
            189,
            239,
            300
        ],
        "duration": [
            40,
            149,
            50,
            61
        ],
        "transition_start": [
            0,
            0,
            1,
            1
        ],
        "transition_end": [
            0,
            0,
            0,
            0
        ],
        "max_change": [
            2.4936746539670924,
            143.72397029016108,
            33.59358131937539,
            20.269801897896766
        ],
        "is_static": [
            true,
            false,
            true,
            true
        ],
        "intensity_range": [
            114.16848754882812,
            152.0511474609375,
            110.03206634521484,
            209.5095672607422
        ],
        "margin_left": [
            8,
            0,
            0,
            0
        ],
        "margin_right": [
            8,
            0,
            17,
            0
        ],
        "margin_top": [
            0,
            0,
            0,
            0
        ],
        "margin_bottom": [
            0,
            0,
            0,
            0
        ],
        "background_color": [
            5.521568775177002,
            3.513725757598877,
            7.529412269592285,
            179.20001220703125
        ],
        "background_proportion": [
            0.22802290686108115,
            0.09739953000373555,
            0.12844677215462794,
            0.017415789476647014
        ],
        "is_uniform": [
            false,
            false,
            false,
            false
        ],
        "bad_properties": [
            false,
            false,
            false,
            false
        ]
    }
}