{
    "recording": "dynamic29513-3-5-Video-8744edeac3b4d1ce16b680916b5267ce",
    "trial": "81",
    "trial_type": "final_test_bonus",
    "first_label": "NaturalVideo",
    "label": "NaturalVideo",
    "ID": null,
    "sampling_freq": 30,
    "valid_frames": 300,
    "peaks": [
        4,
        178
    ],
    "n_peaks": 2,
    "segments_n_peaks": 3,
    "segments_bad_n": 0,
    "segments_avg_duration": 100.0,
    "segments": {
        "frame_start": [
            0,
            5,
            179
        ],
        "frame_end": [
            5,
            179,
            300
        ],
        "duration": [
            5,
            174,
            121
        ],
        "transition_start": [
            0,
            0,
            1
        ],
        "transition_end": [
            0,
            0,
            0
        ],
        "max_change": [
            0.1936470932022429,
            55.302509862771785,
            7.114794491050881
        ],
        "is_static": [
            true,
            false,
            true
        ],
        "intensity_range": [
            196.1875,
            160.77383422851562,
            135.25
        ],
        "margin_left": [
            0,
            0,
            0
        ],
        "margin_right": [
            0,
            0,
            0
        ],
        "margin_top": [
            0,
            0,
            0
        ],
        "margin_bottom": [
            0,
            0,
            0
        ],
        "background_color": [
            3.513725757598877,
            1.5058825016021729,
            16.564706802368164
        ],
        "background_proportion": [
            0.0391693045558993,
            0.0775440214052802,
            0.032994166327499665
        ],
        "is_uniform": [
            false,
            false,
            false
        ],
        "bad_properties": [
            false,
            false,
            false
        ]
    }
}