{
    "recording": "dynamic29514-2-9-Video-8744edeac3b4d1ce16b680916b5267ce",
    "trial": "386",
    "trial_type": "train",
    "first_label": "Gabor",
    "label": "Gabor",
    "ID": null,
    "sampling_freq": 30,
    "valid_frames": 300,
    "peaks": [
        24,
        49,
        74,
        99,
        124,
        149,
        174,
        199,
        224,
        249,
        274
    ],
    "n_peaks": 11,
    "segments_n_peaks": 12,
    "segments_bad_n": 0,
    "segments_avg_duration": 25.0,
    "segments": {
        "frame_start": [
            0,
            25,
            50,
            75,
            100,
            125,
            150,
            175,
            200,
            225,
            250,
            275
        ],
        "frame_end": [
            25,
            50,
            75,
            100,
            125,
            150,
            175,
            200,
            225,
            250,
            275,
            300
        ],
        "duration": [
            25,
            25,
            25,
            25,
            25,
            25,
            25,
            25,
            25,
            25,
            25,
            25
        ],
        "transition_start": [
            0,
            0,
            0,
            0,
            0,
            0,
            0,
            0,
            0,
            0,
            0,
            0
        ],
        "transition_end": [
            0,
            0,
            0,
            0,
            0,
            0,
            0,
            0,
            0,
            0,
            0,
            0
        ],
        "max_change": [
            82.26385994697345,
            9.45117915602494,
            28.906581818601857,
            208.41854276042523,
            11.670544331700714,
            11.540086194258542,
            187.55113053409625,
            28.569757017999084,
            28.719498892200843,
            21.81099893945533,
            76.1725354065602,
            42.678681691457086
        ],
        "is_static": [
            false,
            true,
            true,
            false,
            true,
            true,
            false,
            true,
            true,
            true,
            false,
            true
        ],
        "intensity_range": [
            217.46957397460938,
            217.23190307617188,
            191.22146606445312,
            178.39633178710938,
            223.18638610839844,
            216.9923553466797,
            174.83062744140625,
            189.886962890625,
            221.90252685546875,
            219.51109313964844,
            209.40577697753906,
            189.20054626464844
        ],
        "margin_left": [
            22,
            22,
            23,
            23,
            22,
            22,
            23,
            23,
            22,
            24,
            22,
            23
        ],
        "margin_right": [
            22,
            22,
            22,
            23,
            22,
            22,
            23,
            22,
            22,
            23,
            22,
            22
        ],
        "margin_top": [
            8,
            8,
            9,
            9,
            8,
            8,
            9,
            9,
            8,
            8,
            8,
            9
        ],
        "margin_bottom": [
            8,
            8,
            8,
            9,
            8,
            8,
            9,
            8,
            8,
            8,
            8,
            9
        ],
        "background_color": [
            128.0,
            128.0,
            128.0,
            128.0,
            128.0,
            128.0,
            128.0,
            128.0,
            128.0,
            128.0,
            128.0,
            128.0
        ],
        "background_proportion": [
            0.6389478190601402,
            0.6410057055619307,
            0.6457786187929743,
            0.6486838703249139,
            0.6378583497356629,
            0.6429598330804378,
            0.6507071704989432,
            0.6473350035422277,
            0.6410402918896919,
            0.6420260022308857,
            0.6428906604249153,
            0.6477154531476007
        ],
        "is_uniform": [
            false,
            false,
            false,
            false,
            false,
            false,
            false,
            false,
            false,
            false,
            false,
            false
        ],
        "bad_properties": [
            false,
            false,
            false,
            false,
            false,
            false,
            false,
            false,
            false,
            false,
            false,
            false
        ]
    }
}