{
    "recording": "dynamic29514-2-9-Video-8744edeac3b4d1ce16b680916b5267ce",
    "trial": "388",
    "trial_type": "train",
    "first_label": "Gabor",
    "label": "Gabor",
    "ID": null,
    "sampling_freq": 30,
    "valid_frames": 300,
    "peaks": [
        24,
        49,
        74,
        99,
        124,
        149,
        174,
        199,
        224,
        249,
        274
    ],
    "n_peaks": 11,
    "segments_n_peaks": 12,
    "segments_bad_n": 0,
    "segments_avg_duration": 25.0,
    "segments": {
        "frame_start": [
            0,
            25,
            50,
            75,
            100,
            125,
            150,
            175,
            200,
            225,
            250,
            275
        ],
        "frame_end": [
            25,
            50,
            75,
            100,
            125,
            150,
            175,
            200,
            225,
            250,
            275,
            300
        ],
        "duration": [
            25,
            25,
            25,
            25,
            25,
            25,
            25,
            25,
            25,
            25,
            25,
            25
        ],
        "transition_start": [
            0,
            0,
            0,
            0,
            0,
            0,
            0,
            0,
            0,
            0,
            0,
            0
        ],
        "transition_end": [
            0,
            0,
            0,
            0,
            0,
            0,
            0,
            0,
            0,
            0,
            0,
            0
        ],
        "max_change": [
            22.46315503093304,
            22.429094144021594,
            107.28552398439491,
            22.32126562397424,
            79.24876245621766,
            17.02101111072607,
            17.546434433828534,
            27.410382756350902,
            98.66625564258123,
            37.330922612657865,
            38.170658688792095,
            44.97189459609967
        ],
        "is_static": [
            true,
            true,
            false,
            true,
            false,
            true,
            true,
            true,
            false,
            true,
            true,
            true
        ],
        "intensity_range": [
            223.79132080078125,
            224.14427185058594,
            188.06103515625,
            223.64193725585938,
            213.18023681640625,
            223.6568145751953,
            223.51364135742188,
            222.673828125,
            180.70364379882812,
            213.72735595703125,
            189.4265594482422,
            213.39137268066406
        ],
        "margin_left": [
            22,
            22,
            23,
            22,
            22,
            22,
            22,
            22,
            23,
            22,
            23,
            22
        ],
        "margin_right": [
            22,
            22,
            23,
            22,
            22,
            22,
            22,
            22,
            23,
            22,
            23,
            22
        ],
        "margin_top": [
            8,
            8,
            9,
            8,
            8,
            8,
            8,
            8,
            9,
            8,
            9,
            8
        ],
        "margin_bottom": [
            8,
            8,
            9,
            8,
            8,
            8,
            8,
            8,
            9,
            8,
            8,
            8
        ],
        "background_color": [
            128.0,
            128.0,
            128.0,
            128.0,
            128.0,
            128.0,
            128.0,
            128.0,
            128.0,
            128.0,
            128.0,
            128.0
        ],
        "background_proportion": [
            0.6410921713813337,
            0.6399508225652145,
            0.6470410197562575,
            0.6414726209867067,
            0.642181640705811,
            0.6391553370267072,
            0.6389651122240209,
            0.6417838979365573,
            0.6504131867129731,
            0.6414034483311843,
            0.6473350035422277,
            0.6416974321171544
        ],
        "is_uniform": [
            false,
            false,
            false,
            false,
            false,
            false,
            false,
            false,
            false,
            false,
            false,
            false
        ],
        "bad_properties": [
            false,
            false,
            false,
            false,
            false,
            false,
            false,
            false,
            false,
            false,
            false,
            false
        ]
    }
}