{
    "recording": "dynamic29514-2-9-Video-8744edeac3b4d1ce16b680916b5267ce",
    "trial": "410",
    "trial_type": "train",
    "first_label": "Gabor",
    "label": "Gabor",
    "ID": null,
    "sampling_freq": 30,
    "valid_frames": 300,
    "peaks": [
        24,
        49,
        74,
        99,
        124,
        149,
        174,
        199,
        224
    ],
    "n_peaks": 9,
    "segments_n_peaks": 10,
    "segments_bad_n": 0,
    "segments_avg_duration": 25.0,
    "segments": {
        "frame_start": [
            0,
            25,
            50,
            75,
            100,
            125,
            150,
            175,
            200,
            225,
            250,
            275
        ],
        "frame_end": [
            25,
            50,
            75,
            100,
            125,
            150,
            175,
            200,
            225,
            250,
            275,
            300
        ],
        "duration": [
            25,
            25,
            25,
            25,
            25,
            25,
            25,
            25,
            25,
            25,
            25,
            25
        ],
        "transition_start": [
            0,
            0,
            0,
            0,
            0,
            0,
            0,
            0,
            0,
            0,
            0,
            0
        ],
        "transition_end": [
            0,
            0,
            0,
            0,
            0,
            0,
            0,
            0,
            0,
            0,
            0,
            0
        ],
        "max_change": [
            82.26812620517518,
            37.13586466501225,
            107.2865361000591,
            4.588685822835209,
            12.690914011828303,
            78.6310650524314,
            36.442255709110185,
            100.39896661717535,
            36.25708774036801,
            97.62276624827048,
            168.02711014741374,
            38.30946046921955
        ],
        "is_static": [
            false,
            true,
            false,
            true,
            true,
            false,
            true,
            false,
            true,
            false,
            false,
            true
        ],
        "intensity_range": [
            216.62905883789062,
            216.59149169921875,
            188.39352416992188,
            219.6874237060547,
            223.1862030029297,
            212.2246551513672,
            214.12069702148438,
            182.283935546875,
            214.2349090576172,
            181.3933868408203,
            162.28005981445312,
            188.00656127929688
        ],
        "margin_left": [
            22,
            22,
            23,
            22,
            22,
            22,
            22,
            23,
            22,
            23,
            23,
            23
        ],
        "margin_right": [
            22,
            22,
            23,
            22,
            22,
            22,
            22,
            23,
            22,
            23,
            23,
            23
        ],
        "margin_top": [
            8,
            8,
            9,
            9,
            8,
            8,
            8,
            9,
            8,
            9,
            9,
            9
        ],
        "margin_bottom": [
            8,
            8,
            9,
            9,
            8,
            8,
            8,
            9,
            8,
            9,
            9,
            9
        ],
        "background_color": [
            128.0,
            128.0,
            128.0,
            128.0,
            128.0,
            128.0,
            128.0,
            128.0,
            128.0,
            128.0,
            128.0,
            128.0
        ],
        "background_proportion": [
            0.6406425491204383,
            0.6442741135353627,
            0.6451387717293924,
            0.6409711192341696,
            0.6380139882105882,
            0.6403831516622294,
            0.6397087182708863,
            0.6490470267664064,
            0.6402275131873041,
            0.6470756060840188,
            0.6502229619102866,
            0.6502056687464061
        ],
        "is_uniform": [
            false,
            false,
            false,
            false,
            false,
            false,
            false,
            false,
            false,
            false,
            false,
            false
        ],
        "bad_properties": [
            false,
            false,
            false,
            false,
            false,
            false,
            false,
            false,
            false,
            false,
            false,
            false
        ]
    }
}