{
    "recording": "dynamic29514-2-9-Video-8744edeac3b4d1ce16b680916b5267ce",
    "trial": "469",
    "trial_type": "oracle",
    "first_label": "NaturalVideo",
    "label": "NaturalVideo",
    "ID": null,
    "sampling_freq": 30,
    "valid_frames": 300,
    "peaks": [
        6,
        66,
        281
    ],
    "n_peaks": 3,
    "segments_n_peaks": 4,
    "segments_bad_n": 0,
    "segments_avg_duration": 75.0,
    "segments": {
        "frame_start": [
            0,
            7,
            67,
            282
        ],
        "frame_end": [
            7,
            67,
            282,
            300
        ],
        "duration": [
            7,
            60,
            215,
            18
        ],
        "transition_start": [
            0,
            0,
            0,
            3
        ],
        "transition_end": [
            0,
            0,
            0,
            0
        ],
        "max_change": [
            540.6345062550699,
            804.9997556122544,
            3624.5187664286395,
            31.868972097531444
        ],
        "is_static": [
            false,
            false,
            false,
            true
        ],
        "intensity_range": [
            253.12432861328125,
            233.31907653808594,
            253.75,
            164.25
        ],
        "margin_left": [
            0,
            0,
            0,
            0
        ],
        "margin_right": [
            0,
            0,
            0,
            8
        ],
        "margin_top": [
            0,
            0,
            0,
            0
        ],
        "margin_bottom": [
            0,
            0,
            0,
            0
        ],
        "background_color": [
            17.568628311157227,
            3.513725757598877,
            3.513725757598877,
            2.5098040103912354
        ],
        "background_proportion": [
            0.061082389475987584,
            0.07758923316003012,
            0.14447740454011032,
            0.1504228469650323
        ],
        "is_uniform": [
            false,
            false,
            false,
            false
        ],
        "bad_properties": [
            false,
            false,
            false,
            false
        ]
    }
}