{
    "recording": "dynamic29514-2-9-Video-8744edeac3b4d1ce16b680916b5267ce",
    "trial": "513",
    "trial_type": "train",
    "first_label": "Gabor",
    "label": "Gabor",
    "ID": null,
    "sampling_freq": 30,
    "valid_frames": 300,
    "peaks": [
        24,
        49,
        74,
        99,
        124,
        149,
        174,
        199,
        224,
        249,
        274
    ],
    "n_peaks": 11,
    "segments_n_peaks": 12,
    "segments_bad_n": 0,
    "segments_avg_duration": 25.0,
    "segments": {
        "frame_start": [
            0,
            25,
            50,
            75,
            100,
            125,
            150,
            175,
            200,
            225,
            250,
            275
        ],
        "frame_end": [
            25,
            50,
            75,
            100,
            125,
            150,
            175,
            200,
            225,
            250,
            275,
            300
        ],
        "duration": [
            25,
            25,
            25,
            25,
            25,
            25,
            25,
            25,
            25,
            25,
            25,
            25
        ],
        "transition_start": [
            0,
            0,
            0,
            0,
            0,
            0,
            0,
            0,
            0,
            0,
            0,
            0
        ],
        "transition_end": [
            0,
            0,
            0,
            0,
            0,
            0,
            0,
            0,
            0,
            0,
            0,
            0
        ],
        "max_change": [
            9.460959646948973,
            37.16270986040584,
            80.67146982569108,
            208.42879953725063,
            11.106627041326268,
            14.087631134522402,
            28.651738655250483,
            28.403226201908005,
            36.25165012187012,
            36.757899138600905,
            36.36035950956787,
            31.69584773484596
        ],
        "is_static": [
            true,
            true,
            false,
            false,
            true,
            true,
            true,
            true,
            true,
            true,
            true,
            true
        ],
        "intensity_range": [
            217.69740295410156,
            216.98977661132812,
            215.5048828125,
            176.26873779296875,
            216.99545288085938,
            223.45947265625,
            189.9513702392578,
            188.81646728515625,
            214.03465270996094,
            222.91168212890625,
            223.0080108642578,
            221.3199005126953
        ],
        "margin_left": [
            22,
            22,
            22,
            23,
            22,
            22,
            23,
            23,
            22,
            22,
            22,
            22
        ],
        "margin_right": [
            22,
            22,
            22,
            23,
            22,
            22,
            22,
            23,
            22,
            22,
            22,
            22
        ],
        "margin_top": [
            8,
            8,
            8,
            9,
            8,
            8,
            9,
            9,
            8,
            8,
            8,
            8
        ],
        "margin_bottom": [
            8,
            8,
            8,
            9,
            8,
            8,
            8,
            9,
            8,
            8,
            8,
            8
        ],
        "background_color": [
            128.0,
            128.0,
            128.0,
            128.0,
            128.0,
            128.0,
            128.0,
            128.0,
            128.0,
            128.0,
            128.0,
            128.0
        ],
        "background_proportion": [
            0.6432884031941689,
            0.6402448063511846,
            0.6414034483311843,
            0.649185372077451,
            0.641334275675662,
            0.6376681249329763,
            0.6467470359702875,
            0.6437380254550644,
            0.6431154715553631,
            0.6385500762908866,
            0.6389824053879014,
            0.6422162270335722
        ],
        "is_uniform": [
            false,
            false,
            false,
            false,
            false,
            false,
            false,
            false,
            false,
            false,
            false,
            false
        ],
        "bad_properties": [
            false,
            false,
            false,
            false,
            false,
            false,
            false,
            false,
            false,
            false,
            false,
            false
        ]
    }
}