{
    "recording": "dynamic29514-2-9-Video-8744edeac3b4d1ce16b680916b5267ce",
    "trial": "725",
    "trial_type": "train",
    "first_label": "RandomDots",
    "label": "RandomDots",
    "ID": null,
    "sampling_freq": 30,
    "valid_frames": 240,
    "peaks": [
        59,
        119
    ],
    "n_peaks": 2,
    "segments_n_peaks": 3,
    "segments_bad_n": 0,
    "segments_avg_duration": 60.0,
    "segments": {
        "frame_start": [
            0,
            60,
            120,
            180
        ],
        "frame_end": [
            60,
            120,
            180,
            240
        ],
        "duration": [
            60,
            60,
            60,
            60
        ],
        "transition_start": [
            0,
            0,
            0,
            0
        ],
        "transition_end": [
            0,
            0,
            0,
            0
        ],
        "max_change": [
            605.2534721638616,
            317.18555557384457,
            501.62820000005223,
            260.9132228082433
        ],
        "is_static": [
            false,
            false,
            false,
            false
        ],
        "intensity_range": [
            153.0,
            153.0,
            153.0,
            153.0
        ],
        "margin_left": [
            0,
            0,
            0,
            0
        ],
        "margin_right": [
            0,
            0,
            0,
            0
        ],
        "margin_top": [
            0,
            0,
            0,
            0
        ],
        "margin_bottom": [
            0,
            0,
            0,
            0
        ],
        "background_color": [
            128.0,
            128.0,
            128.0,
            128.0
        ],
        "background_proportion": [
            0.6719547045202315,
            0.6146062498012158,
            0.6377430619764589,
            0.7281070487375061
        ],
        "is_uniform": [
            false,
            false,
            false,
            false
        ],
        "bad_properties": [
            false,
            false,
            false,
            false
        ]
    }
}