{
    "recording": "dynamic29647-19-8-Video-9b4f6a1a067fe51e15306b9628efea20",
    "trial": "156",
    "trial_type": "train",
    "first_label": "NaturalVideo",
    "label": "NaturalVideo",
    "ID": null,
    "sampling_freq": 30,
    "valid_frames": 300,
    "peaks": [
        54,
        214
    ],
    "n_peaks": 2,
    "segments_n_peaks": 3,
    "segments_bad_n": 0,
    "segments_avg_duration": 100.0,
    "segments": {
        "frame_start": [
            0,
            55,
            215
        ],
        "frame_end": [
            55,
            215,
            300
        ],
        "duration": [
            55,
            160,
            85
        ],
        "transition_start": [
            0,
            0,
            0
        ],
        "transition_end": [
            0,
            0,
            0
        ],
        "max_change": [
            2804.858297087636,
            6130.289092496586,
            4283.525619978166
        ],
        "is_static": [
            false,
            false,
            false
        ],
        "intensity_range": [
            249.8082155028901,
            250.30370071684598,
            251.9375
        ],
        "margin_left": [
            0,
            0,
            0
        ],
        "margin_right": [
            0,
            0,
            0
        ],
        "margin_top": [
            0,
            0,
            0
        ],
        "margin_bottom": [
            0,
            0,
            0
        ],
        "background_color": [
            0.5019607843137255,
            0.5019607843137255,
            0.5019607843137255
        ],
        "background_proportion": [
            0.2284994414358428,
            0.0609129269917806,
            0.10695393880208333
        ],
        "is_uniform": [
            false,
            false,
            false
        ],
        "bad_properties": [
            false,
            false,
            false
        ]
    }
}