{
    "recording": "dynamic29647-19-8-Video-9b4f6a1a067fe51e15306b9628efea20",
    "trial": "249",
    "trial_type": "live_test_main",
    "first_label": "NaturalVideo",
    "label": "NaturalVideo",
    "ID": null,
    "sampling_freq": 30,
    "valid_frames": 300,
    "peaks": [
        233,
        284
    ],
    "n_peaks": 2,
    "segments_n_peaks": 3,
    "segments_bad_n": 0,
    "segments_avg_duration": 100.0,
    "segments": {
        "frame_start": [
            0,
            234,
            285
        ],
        "frame_end": [
            234,
            285,
            300
        ],
        "duration": [
            234,
            51,
            15
        ],
        "transition_start": [
            0,
            0,
            0
        ],
        "transition_end": [
            0,
            0,
            0
        ],
        "max_change": [
            1531.3851664162285,
            491.45735163663954,
            297.02743718438273
        ],
        "is_static": [
            false,
            false,
            false
        ],
        "intensity_range": [
            215.94524888898414,
            209.58313220731335,
            215.6127446444944
        ],
        "margin_left": [
            5,
            5,
            5
        ],
        "margin_right": [
            6,
            6,
            6
        ],
        "margin_top": [
            0,
            0,
            0
        ],
        "margin_bottom": [
            0,
            0,
            0
        ],
        "background_color": [
            0.5019607843137255,
            0.5019607843137255,
            0.5019607843137255
        ],
        "background_proportion": [
            0.17118513753950765,
            0.1712883843315972,
            0.17120361328125
        ],
        "is_uniform": [
            false,
            false,
            false
        ],
        "bad_properties": [
            false,
            false,
            false
        ]
    }
}