{
    "recording": "dynamic29647-19-8-Video-9b4f6a1a067fe51e15306b9628efea20",
    "trial": "262",
    "trial_type": "oracle",
    "first_label": "NaturalVideo",
    "label": "NaturalVideo",
    "ID": null,
    "sampling_freq": 30,
    "valid_frames": 300,
    "peaks": [
        48,
        135,
        229
    ],
    "n_peaks": 3,
    "segments_n_peaks": 4,
    "segments_bad_n": 0,
    "segments_avg_duration": 75.0,
    "segments": {
        "frame_start": [
            0,
            49,
            136,
            230
        ],
        "frame_end": [
            49,
            136,
            230,
            300
        ],
        "duration": [
            49,
            87,
            94,
            70
        ],
        "transition_start": [
            0,
            0,
            1,
            1
        ],
        "transition_end": [
            0,
            0,
            0,
            0
        ],
        "max_change": [
            71.66035833463606,
            36.80008642567119,
            13.832464806078333,
            8.64559689930678
        ],
        "is_static": [
            false,
            true,
            true,
            true
        ],
        "intensity_range": [
            190.03054262555094,
            194.1687155566194,
            251.62500000000003,
            207.8847636000666
        ],
        "margin_left": [
            0,
            2,
            0,
            0
        ],
        "margin_right": [
            0,
            0,
            0,
            0
        ],
        "margin_top": [
            0,
            0,
            0,
            0
        ],
        "margin_bottom": [
            0,
            0,
            0,
            0
        ],
        "background_color": [
            23.5921568627451,
            84.8313725490196,
            18.57254901960784,
            39.654901960784315
        ],
        "background_proportion": [
            0.016366867792038692,
            0.015325436646910974,
            0.014569135549675179,
            0.013446162864205967
        ],
        "is_uniform": [
            false,
            false,
            false,
            false
        ],
        "bad_properties": [
            false,
            false,
            false,
            false
        ]
    }
}