{
    "recording": "dynamic29647-19-8-Video-9b4f6a1a067fe51e15306b9628efea20",
    "trial": "267",
    "trial_type": "train",
    "first_label": "PinkNoise",
    "label": "PinkNoise",
    "ID": null,
    "sampling_freq": 30,
    "valid_frames": 324,
    "peaks": [
        26,
        53,
        107,
        134,
        161,
        188,
        215,
        242,
        269,
        296
    ],
    "n_peaks": 10,
    "segments_n_peaks": 11,
    "segments_bad_n": 0,
    "segments_avg_duration": 27.0,
    "segments": {
        "frame_start": [
            0,
            27,
            54,
            81,
            108,
            135,
            162,
            189,
            216,
            243,
            270,
            297
        ],
        "frame_end": [
            27,
            54,
            81,
            108,
            135,
            162,
            189,
            216,
            243,
            270,
            297,
            324
        ],
        "duration": [
            27,
            27,
            27,
            27,
            27,
            27,
            27,
            27,
            27,
            27,
            27,
            27
        ],
        "transition_start": [
            0,
            0,
            0,
            0,
            0,
            0,
            0,
            0,
            0,
            0,
            0,
            0
        ],
        "transition_end": [
            0,
            0,
            0,
            0,
            0,
            0,
            0,
            0,
            0,
            0,
            0,
            0
        ],
        "max_change": [
            471.5492648309534,
            448.2240654852847,
            435.0158339121592,
            486.65221192810986,
            407.21550284240936,
            426.41193109336496,
            409.5140000563108,
            440.63361152497515,
            446.81833292430656,
            404.72947515898704,
            450.38689196618765,
            401.13589768382985
        ],
        "is_static": [
            false,
            false,
            false,
            false,
            false,
            false,
            false,
            false,
            false,
            false,
            false,
            false
        ],
        "intensity_range": [
            254.98088593068363,
            254.85798258991488,
            254.50245691629388,
            254.28955358819317,
            254.30052105921524,
            254.84792722228116,
            254.9296863066327,
            255.00000000000003,
            254.7486604371745,
            252.41407918691914,
            251.39213333438474,
            252.69439357333954
        ],
        "margin_left": [
            0,
            0,
            0,
            0,
            0,
            0,
            0,
            0,
            0,
            0,
            0,
            0
        ],
        "margin_right": [
            0,
            0,
            0,
            0,
            0,
            0,
            0,
            0,
            0,
            0,
            0,
            0
        ],
        "margin_top": [
            0,
            0,
            0,
            0,
            0,
            0,
            0,
            0,
            0,
            0,
            0,
            0
        ],
        "margin_bottom": [
            0,
            0,
            0,
            0,
            0,
            0,
            0,
            0,
            0,
            0,
            0,
            0
        ],
        "background_color": [
            119.96862745098039,
            126.99607843137255,
            134.0235294117647,
            124.98823529411764,
            135.02745098039216,
            124.98823529411764,
            130.0078431372549,
            129.00392156862745,
            135.02745098039216,
            136.0313725490196,
            129.00392156862745,
            125.9921568627451
        ],
        "background_proportion": [
            0.009415237991898182,
            0.010183828848379666,
            0.010375976562500036,
            0.009879594967689078,
            0.009959656515239232,
            0.01007174268180945,
            0.010295915014949883,
            0.0099436442057292,
            0.010007693443769325,
            0.010231865776909758,
            0.01095241970486115,
            0.010311927324459767
        ],
        "is_uniform": [
            false,
            false,
            false,
            false,
            false,
            false,
            false,
            false,
            false,
            false,
            false,
            false
        ],
        "bad_properties": [
            false,
            false,
            false,
            false,
            false,
            false,
            false,
            false,
            false,
            false,
            false,
            false
        ]
    }
}