{
    "recording": "dynamic29647-19-8-Video-9b4f6a1a067fe51e15306b9628efea20",
    "trial": "392",
    "trial_type": "final_test_main",
    "first_label": "NaturalImages",
    "label": "NaturalImages",
    "ID": null,
    "sampling_freq": 30,
    "valid_frames": 313,
    "peaks": [
        16,
        31,
        49,
        65,
        78,
        94,
        108,
        123,
        140,
        156,
        173,
        189,
        203,
        218,
        236,
        251,
        265,
        281,
        297
    ],
    "n_peaks": 19,
    "segments_n_peaks": 20,
    "segments_bad_n": 0,
    "segments_avg_duration": 15.65,
    "segments": {
        "frame_start": [
            0,
            17,
            32,
            50,
            66,
            79,
            95,
            109,
            124,
            141,
            157,
            174,
            190,
            204,
            219,
            237,
            252,
            266,
            282,
            298
        ],
        "frame_end": [
            17,
            32,
            50,
            66,
            79,
            95,
            109,
            124,
            141,
            157,
            174,
            190,
            204,
            219,
            237,
            252,
            266,
            282,
            298,
            313
        ],
        "duration": [
            17,
            15,
            18,
            16,
            13,
            16,
            14,
            15,
            17,
            16,
            17,
            16,
            14,
            15,
            18,
            15,
            14,
            16,
            16,
            15
        ],
        "transition_start": [
            1,
            0,
            1,
            1,
            0,
            1,
            0,
            0,
            1,
            1,
            0,
            1,
            0,
            0,
            1,
            0,
            0,
            0,
            0,
            0
        ],
        "transition_end": [
            0,
            0,
            0,
            0,
            0,
            0,
            0,
            0,
            0,
            0,
            0,
            0,
            0,
            0,
            1,
            0,
            0,
            1,
            1,
            0
        ],
        "max_change": [
            17.80227900138298,
            0.02617505424680036,
            2.0194839173657902e-28,
            18.796389425842857,
            0.5287215362633853,
            6.260107808927458,
            7.989407610144399,
            0.7723284764164858,
            2.0194839173657902e-28,
            4.891836734079266,
            1.3174199541720333,
            10.556909518259163,
            5.246749418767793,
            1.8798781873313617,
            2.0194839173657902e-28,
            5.131590083633718,
            7.568426897590921,
            1.90476720942909,
            0.0,
            6.399220677062112
        ],
        "is_static": [
            true,
            true,
            true,
            true,
            true,
            true,
            true,
            true,
            true,
            true,
            true,
            true,
            true,
            true,
            true,
            true,
            true,
            true,
            true,
            true
        ],
        "intensity_range": [
            16.352492852329178,
            245.68750000000003,
            1.4210854715202004e-14,
            201.125,
            1.9965737990950743,
            210.25,
            11.678598575278386,
            221.5,
            1.4210854715202004e-14,
            248.6875,
            5.872350344025975,
            249.75,
            8.24625741190519,
            205.3125,
            1.4210854715202004e-14,
            194.06250000000003,
            7.355607790587214,
            149.3125,
            0.0,
            226.343616289509
        ],
        "margin_left": [
            64,
            0,
            64,
            0,
            64,
            0,
            64,
            0,
            64,
            0,
            64,
            0,
            64,
            0,
            64,
            0,
            64,
            0,
            64,
            0
        ],
        "margin_right": [
            64,
            0,
            64,
            0,
            64,
            0,
            64,
            0,
            64,
            0,
            64,
            0,
            64,
            0,
            64,
            0,
            64,
            0,
            64,
            0
        ],
        "margin_top": [
            36,
            0,
            36,
            0,
            36,
            0,
            36,
            0,
            36,
            0,
            36,
            0,
            36,
            0,
            36,
            2,
            36,
            0,
            36,
            0
        ],
        "margin_bottom": [
            36,
            0,
            36,
            0,
            36,
            0,
            36,
            0,
            36,
            0,
            36,
            0,
            36,
            0,
            36,
            0,
            36,
            0,
            36,
            0
        ],
        "background_color": [
            128.0,
            94.87058823529412,
            128.0,
            243.45098039215685,
            128.0,
            98.88627450980391,
            128.0,
            75.79607843137255,
            128.0,
            80.8156862745098,
            128.0,
            21.584313725490198,
            128.0,
            146.0705882352941,
            128.0,
            48.69019607843137,
            128.0,
            128.0,
            128.0,
            124.98823529411764
        ],
        "background_proportion": [
            0.93759377797445,
            0.01991611056857646,
            0.9960937500000036,
            0.02057902018229174,
            0.9438813038361412,
            0.012710571289062365,
            0.903080531529021,
            0.02150132921006952,
            0.9960937500000036,
            0.017495049370659786,
            0.9545135498046908,
            0.0228271484375,
            0.8764920915876148,
            0.022250705295138968,
            0.9960937500000036,
            0.05562676323784742,
            0.8873004005068856,
            0.022481282552083412,
            0.9960937500000036,
            0.0249599880642362
        ],
        "is_uniform": [
            true,
            false,
            true,
            false,
            true,
            false,
            true,
            false,
            true,
            false,
            true,
            false,
            true,
            false,
            true,
            false,
            true,
            false,
            true,
            false
        ],
        "bad_properties": [
            false,
            false,
            false,
            false,
            false,
            false,
            false,
            false,
            false,
            false,
            false,
            false,
            false,
            false,
            false,
            false,
            false,
            false,
            false,
            false
        ]
    }
}