{
    "recording": "dynamic29228-2-10-Video-8744edeac3b4d1ce16b680916b5267ce",
    "trial": "116",
    "trial_type": "train",
    "first_label": "NaturalVideo",
    "label": "NaturalVideo",
    "ID": null,
    "sampling_freq": 30,
    "valid_frames": 300,
    "peaks": [
        4,
        52,
        83,
        117,
        160,
        215,
        254,
        291
    ],
    "n_peaks": 8,
    "segments_n_peaks": 9,
    "segments_bad_n": 0,
    "segments_avg_duration": 33.333333333333336,
    "segments": {
        "frame_start": [
            0,
            5,
            53,
            84,
            118,
            161,
            216,
            255,
            292
        ],
        "frame_end": [
            5,
            53,
            84,
            118,
            161,
            216,
            255,
            292,
            300
        ],
        "duration": [
            5,
            48,
            31,
            34,
            43,
            55,
            39,
            37,
            8
        ],
        "transition_start": [
            0,
            0,
            0,
            0,
            0,
            0,
            0,
            0,
            0
        ],
        "transition_end": [
            0,
            0,
            0,
            0,
            0,
            0,
            0,
            0,
            0
        ],
        "max_change": [
            1230.2411352781921,
            1123.1836231381085,
            274.36112587414374,
            180.75563207219895,
            297.84772946323767,
            1595.4719849141381,
            288.752874328899,
            447.48754065427573,
            682.6730836445307
        ],
        "is_static": [
            false,
            false,
            false,
            false,
            false,
            false,
            false,
            false,
            false
        ],
        "intensity_range": [
            239.98309326171875,
            237.94468688964844,
            229.5189208984375,
            230.05838012695312,
            219.125,
            232.76812744140625,
            249.625,
            239.125,
            236.44773864746094
        ],
        "margin_left": [
            0,
            0,
            0,
            0,
            0,
            0,
            0,
            0,
            0
        ],
        "margin_right": [
            0,
            0,
            0,
            0,
            0,
            0,
            0,
            0,
            0
        ],
        "margin_top": [
            0,
            0,
            0,
            0,
            1,
            0,
            2,
            0,
            0
        ],
        "margin_bottom": [
            0,
            0,
            0,
            0,
            0,
            0,
            1,
            1,
            0
        ],
        "background_color": [
            57.72549057006836,
            64.75294494628906,
            3.513725757598877,
            65.75686645507812,
            4.5176472663879395,
            3.513725757598877,
            3.513725757598877,
            3.513725757598877,
            3.513725757598877
        ],
        "background_proportion": [
            0.02196248503302445,
            0.029614768203979822,
            0.08839103192882213,
            0.03576914682601771,
            0.1141558574734296,
            0.05805043430570266,
            0.12108629469182319,
            0.01388137158057645,
            0.1039218717728951
        ],
        "is_uniform": [
            false,
            false,
            false,
            false,
            false,
            false,
            false,
            false,
            false
        ],
        "bad_properties": [
            false,
            false,
            false,
            false,
            false,
            false,
            false,
            false,
            false
        ]
    }
}