{
    "recording": "dynamic29228-2-10-Video-8744edeac3b4d1ce16b680916b5267ce",
    "trial": "445",
    "trial_type": "train",
    "first_label": "NaturalVideo",
    "label": "NaturalVideo",
    "ID": null,
    "sampling_freq": 30,
    "valid_frames": 300,
    "peaks": [
        133,
        260
    ],
    "n_peaks": 2,
    "segments_n_peaks": 3,
    "segments_bad_n": 0,
    "segments_avg_duration": 100.0,
    "segments": {
        "frame_start": [
            0,
            134,
            261
        ],
        "frame_end": [
            134,
            261,
            300
        ],
        "duration": [
            134,
            127,
            39
        ],
        "transition_start": [
            0,
            0,
            0
        ],
        "transition_end": [
            0,
            0,
            0
        ],
        "max_change": [
            8168.4230162864715,
            770.9175421620856,
            1176.4789458716898
        ],
        "is_static": [
            false,
            false,
            false
        ],
        "intensity_range": [
            255.0,
            247.9375,
            255.0
        ],
        "margin_left": [
            0,
            0,
            0
        ],
        "margin_right": [
            0,
            0,
            0
        ],
        "margin_top": [
            0,
            0,
            0
        ],
        "margin_bottom": [
            0,
            0,
            0
        ],
        "background_color": [
            144.062744140625,
            0.501960813999176,
            0.501960813999176
        ],
        "background_proportion": [
            0.013973369767015647,
            0.04852675103386411,
            0.022913613553766355
        ],
        "is_uniform": [
            false,
            false,
            false
        ],
        "bad_properties": [
            false,
            false,
            false
        ]
    }
}