{
    "recording": "dynamic29228-2-10-Video-8744edeac3b4d1ce16b680916b5267ce",
    "trial": "489",
    "trial_type": "oracle",
    "first_label": "PinkNoise",
    "label": "PinkNoise",
    "ID": null,
    "sampling_freq": 30,
    "valid_frames": 324,
    "peaks": [
        26,
        53,
        80,
        134,
        161,
        188,
        215,
        242,
        269,
        296
    ],
    "n_peaks": 10,
    "segments_n_peaks": 11,
    "segments_bad_n": 0,
    "segments_avg_duration": 27.0,
    "segments": {
        "frame_start": [
            0,
            27,
            54,
            81,
            108,
            135,
            162,
            189,
            216,
            243,
            270,
            297
        ],
        "frame_end": [
            27,
            54,
            81,
            108,
            135,
            162,
            189,
            216,
            243,
            270,
            297,
            324
        ],
        "duration": [
            27,
            27,
            27,
            27,
            27,
            27,
            27,
            27,
            27,
            27,
            27,
            27
        ],
        "transition_start": [
            0,
            0,
            0,
            0,
            0,
            0,
            0,
            0,
            0,
            0,
            0,
            0
        ],
        "transition_end": [
            0,
            0,
            0,
            0,
            0,
            0,
            0,
            0,
            0,
            0,
            0,
            0
        ],
        "max_change": [
            458.50336630115714,
            455.7516081554309,
            441.07353233959657,
            441.9435913090558,
            452.01614971927626,
            422.05509164848695,
            419.53391652792857,
            424.03690344748964,
            408.85264352820843,
            419.0292766725287,
            418.0607557740672,
            393.39810613037287
        ],
        "is_static": [
            false,
            false,
            false,
            false,
            false,
            false,
            false,
            false,
            false,
            false,
            false,
            false
        ],
        "intensity_range": [
            254.98446655273438,
            254.1181640625,
            254.8292236328125,
            254.80801391601562,
            254.32212829589844,
            253.83602905273438,
            254.1512908935547,
            254.2830047607422,
            254.70181274414062,
            252.25808715820312,
            253.78131103515625,
            254.92120361328125
        ],
        "margin_left": [
            0,
            0,
            0,
            0,
            0,
            0,
            0,
            0,
            0,
            0,
            0,
            0
        ],
        "margin_right": [
            0,
            0,
            0,
            0,
            0,
            0,
            0,
            0,
            0,
            0,
            0,
            0
        ],
        "margin_top": [
            0,
            0,
            0,
            0,
            0,
            0,
            0,
            0,
            0,
            0,
            0,
            0
        ],
        "margin_bottom": [
            0,
            0,
            0,
            0,
            0,
            0,
            0,
            0,
            0,
            0,
            0,
            0
        ],
        "background_color": [
            132.01568603515625,
            123.98431396484375,
            132.01568603515625,
            134.02352905273438,
            134.02352905273438,
            118.96470642089844,
            131.01177978515625,
            128.0,
            114.94902038574219,
            129.00393676757812,
            126.99607849121094,
            119.9686279296875
        ],
        "background_proportion": [
            0.010119780213525411,
            0.009895607867023265,
            0.009767509383307754,
            0.009367201621696781,
            0.010023706350738777,
            0.010167817144918729,
            0.01060014952745858,
            0.010760190859035476,
            0.010151804834454289,
            0.010552112596065264,
            0.010375977180956434,
            0.010375977180956434
        ],
        "is_uniform": [
            false,
            false,
            false,
            false,
            false,
            false,
            false,
            false,
            false,
            false,
            false,
            false
        ],
        "bad_properties": [
            false,
            false,
            false,
            false,
            false,
            false,
            false,
            false,
            false,
            false,
            false,
            false
        ]
    }
}