{
    "recording": "dynamic29228-2-10-Video-8744edeac3b4d1ce16b680916b5267ce",
    "trial": "503",
    "trial_type": "live_test_main",
    "first_label": "NaturalVideo",
    "label": "NaturalVideo",
    "ID": null,
    "sampling_freq": 30,
    "valid_frames": 300,
    "peaks": [
        14,
        266
    ],
    "n_peaks": 2,
    "segments_n_peaks": 3,
    "segments_bad_n": 0,
    "segments_avg_duration": 100.0,
    "segments": {
        "frame_start": [
            0,
            15,
            267
        ],
        "frame_end": [
            15,
            267,
            300
        ],
        "duration": [
            15,
            252,
            33
        ],
        "transition_start": [
            0,
            0,
            0
        ],
        "transition_end": [
            0,
            0,
            0
        ],
        "max_change": [
            139.48439289640407,
            420.4964758628135,
            253.62623976211378
        ],
        "is_static": [
            false,
            false,
            false
        ],
        "intensity_range": [
            179.19735717773438,
            202.25721740722656,
            178.208740234375
        ],
        "margin_left": [
            0,
            0,
            0
        ],
        "margin_right": [
            0,
            0,
            0
        ],
        "margin_top": [
            0,
            0,
            0
        ],
        "margin_bottom": [
            0,
            0,
            0
        ],
        "background_color": [
            77.80392456054688,
            84.83137512207031,
            89.85098266601562
        ],
        "background_proportion": [
            0.01590983167746653,
            0.012882475636872,
            0.017882839459602944
        ],
        "is_uniform": [
            false,
            false,
            false
        ],
        "bad_properties": [
            false,
            false,
            false
        ]
    }
}