{
    "recording": "dynamic29228-2-10-Video-8744edeac3b4d1ce16b680916b5267ce",
    "trial": "528",
    "trial_type": "train",
    "first_label": "NaturalVideo",
    "label": "NaturalVideo",
    "ID": null,
    "sampling_freq": 30,
    "valid_frames": 300,
    "peaks": [
        217,
        295
    ],
    "n_peaks": 2,
    "segments_n_peaks": 3,
    "segments_bad_n": 0,
    "segments_avg_duration": 100.0,
    "segments": {
        "frame_start": [
            0,
            218,
            296
        ],
        "frame_end": [
            218,
            296,
            300
        ],
        "duration": [
            218,
            78,
            4
        ],
        "transition_start": [
            0,
            0,
            0
        ],
        "transition_end": [
            0,
            0,
            0
        ],
        "max_change": [
            505.9920726627176,
            533.2775697939635,
            13.00871478251504
        ],
        "is_static": [
            false,
            false,
            true
        ],
        "intensity_range": [
            255.0,
            253.27098083496094,
            253.5
        ],
        "margin_left": [
            0,
            0,
            0
        ],
        "margin_right": [
            0,
            0,
            0
        ],
        "margin_top": [
            0,
            0,
            0
        ],
        "margin_bottom": [
            0,
            0,
            0
        ],
        "background_color": [
            255.498046875,
            254.49411010742188,
            254.49411010742188
        ],
        "background_proportion": [
            0.06827678562422938,
            0.011955653194082814,
            0.021400452935722646
        ],
        "is_uniform": [
            false,
            false,
            false
        ],
        "bad_properties": [
            false,
            false,
            false
        ]
    }
}