{
    "recording": "dynamic29228-2-10-Video-8744edeac3b4d1ce16b680916b5267ce",
    "trial": "577",
    "trial_type": "oracle",
    "first_label": "Gabor",
    "label": "Gabor",
    "ID": null,
    "sampling_freq": 30,
    "valid_frames": 300,
    "peaks": [
        24,
        49,
        74,
        99,
        124,
        149,
        174,
        199,
        224,
        249,
        274
    ],
    "n_peaks": 11,
    "segments_n_peaks": 12,
    "segments_bad_n": 0,
    "segments_avg_duration": 25.0,
    "segments": {
        "frame_start": [
            0,
            25,
            50,
            75,
            100,
            125,
            150,
            175,
            200,
            225,
            250,
            275
        ],
        "frame_end": [
            25,
            50,
            75,
            100,
            125,
            150,
            175,
            200,
            225,
            250,
            275,
            300
        ],
        "duration": [
            25,
            25,
            25,
            25,
            25,
            25,
            25,
            25,
            25,
            25,
            25,
            25
        ],
        "transition_start": [
            0,
            0,
            0,
            0,
            0,
            0,
            0,
            0,
            0,
            0,
            0,
            0
        ],
        "transition_end": [
            0,
            0,
            0,
            0,
            0,
            0,
            0,
            0,
            0,
            0,
            0,
            0
        ],
        "max_change": [
            82.27000619192839,
            37.17144567577811,
            22.373963558551093,
            10.361777073826387,
            23.165260512503185,
            78.61959339691164,
            187.59514591281604,
            19.412174345104987,
            29.641605705329614,
            35.379812700709664,
            40.46482317004466,
            75.8318911462744
        ],
        "is_static": [
            false,
            true,
            true,
            true,
            true,
            false,
            false,
            true,
            true,
            true,
            true,
            false
        ],
        "intensity_range": [
            217.59512329101562,
            216.88668823242188,
            223.94198608398438,
            217.274658203125,
            222.9989471435547,
            212.32296752929688,
            169.90097045898438,
            223.2791290283203,
            223.22840881347656,
            221.76785278320312,
            221.5443115234375,
            204.19056701660156
        ],
        "margin_left": [
            22,
            22,
            22,
            22,
            22,
            22,
            23,
            22,
            22,
            22,
            22,
            22
        ],
        "margin_right": [
            22,
            22,
            22,
            22,
            22,
            22,
            23,
            22,
            22,
            22,
            22,
            22
        ],
        "margin_top": [
            8,
            8,
            8,
            8,
            8,
            8,
            9,
            8,
            8,
            8,
            8,
            8
        ],
        "margin_bottom": [
            8,
            8,
            8,
            8,
            8,
            8,
            9,
            8,
            8,
            8,
            8,
            8
        ],
        "background_color": [
            128.0,
            128.0,
            128.0,
            128.0,
            128.0,
            128.0,
            128.0,
            128.0,
            128.0,
            128.0,
            128.0,
            128.0
        ],
        "background_proportion": [
            0.6427869014416318,
            0.6418530705920797,
            0.6410229987258114,
            0.6426312629667065,
            0.6408327739231248,
            0.6423545723446169,
            0.6494274763717793,
            0.6383598514882,
            0.6388440600768566,
            0.6423199860168558,
            0.6423891586723781,
            0.6414034483311843
        ],
        "is_uniform": [
            false,
            false,
            false,
            false,
            false,
            false,
            false,
            false,
            false,
            false,
            false,
            false
        ],
        "bad_properties": [
            false,
            false,
            false,
            false,
            false,
            false,
            false,
            false,
            false,
            false,
            false,
            false
        ]
    }
}