{
    "recording": "dynamic29228-2-10-Video-8744edeac3b4d1ce16b680916b5267ce",
    "trial": "602",
    "trial_type": "oracle",
    "first_label": "Gabor",
    "label": "Gabor",
    "ID": null,
    "sampling_freq": 30,
    "valid_frames": 300,
    "peaks": [
        24,
        49,
        74,
        99,
        124,
        149,
        174,
        199,
        224,
        249,
        274
    ],
    "n_peaks": 11,
    "segments_n_peaks": 12,
    "segments_bad_n": 0,
    "segments_avg_duration": 25.0,
    "segments": {
        "frame_start": [
            0,
            25,
            50,
            75,
            100,
            125,
            150,
            175,
            200,
            225,
            250,
            275
        ],
        "frame_end": [
            25,
            50,
            75,
            100,
            125,
            150,
            175,
            200,
            225,
            250,
            275,
            300
        ],
        "duration": [
            25,
            25,
            25,
            25,
            25,
            25,
            25,
            25,
            25,
            25,
            25,
            25
        ],
        "transition_start": [
            0,
            0,
            0,
            0,
            0,
            0,
            0,
            0,
            0,
            0,
            0,
            0
        ],
        "transition_end": [
            0,
            0,
            0,
            0,
            0,
            0,
            0,
            0,
            0,
            0,
            0,
            0
        ],
        "max_change": [
            22.488249188062937,
            109.7313869687112,
            28.90705365999237,
            105.5780873445479,
            6.478078732711613,
            78.62634290262983,
            17.17257586235039,
            77.514448404821,
            176.830188767361,
            27.675992072301167,
            76.16935938134846,
            49.016638737450776
        ],
        "is_static": [
            true,
            false,
            true,
            false,
            true,
            false,
            true,
            false,
            false,
            true,
            false,
            true
        ],
        "intensity_range": [
            224.41888427734375,
            190.51284790039062,
            191.22154235839844,
            186.7313232421875,
            219.65814208984375,
            211.5052032470703,
            216.46177673339844,
            210.416015625,
            177.53147888183594,
            223.01434326171875,
            208.0157012939453,
            213.5697021484375
        ],
        "margin_left": [
            22,
            23,
            23,
            23,
            22,
            22,
            22,
            22,
            23,
            22,
            22,
            22
        ],
        "margin_right": [
            22,
            22,
            22,
            23,
            22,
            22,
            22,
            22,
            23,
            22,
            22,
            22
        ],
        "margin_top": [
            8,
            9,
            9,
            9,
            10,
            8,
            8,
            8,
            9,
            8,
            8,
            8
        ],
        "margin_bottom": [
            8,
            8,
            8,
            9,
            9,
            8,
            8,
            8,
            9,
            8,
            8,
            8
        ],
        "background_color": [
            128.0,
            128.0,
            128.0,
            128.0,
            128.0,
            128.0,
            128.0,
            128.0,
            128.0,
            128.0,
            128.0,
            128.0
        ],
        "background_proportion": [
            0.6403485653344682,
            0.6463492932010338,
            0.6456748598096909,
            0.6463492932010338,
            0.6413861551673037,
            0.6420432953947662,
            0.6427523151138705,
            0.6407636012676025,
            0.6504477730407344,
            0.6380312813744687,
            0.6424756244917812,
            0.6450350127461089
        ],
        "is_uniform": [
            false,
            false,
            false,
            false,
            false,
            false,
            false,
            false,
            false,
            false,
            false,
            false
        ],
        "bad_properties": [
            false,
            false,
            false,
            false,
            false,
            false,
            false,
            false,
            false,
            false,
            false,
            false
        ]
    }
}