{
    "recording": "dynamic29228-2-10-Video-8744edeac3b4d1ce16b680916b5267ce",
    "trial": "606",
    "trial_type": "final_test_main",
    "first_label": "NaturalVideo",
    "label": "NaturalVideo",
    "ID": null,
    "sampling_freq": 30,
    "valid_frames": 300,
    "peaks": [
        221,
        292
    ],
    "n_peaks": 2,
    "segments_n_peaks": 3,
    "segments_bad_n": 0,
    "segments_avg_duration": 100.0,
    "segments": {
        "frame_start": [
            0,
            222,
            293
        ],
        "frame_end": [
            222,
            293,
            300
        ],
        "duration": [
            222,
            71,
            7
        ],
        "transition_start": [
            0,
            0,
            0
        ],
        "transition_end": [
            0,
            0,
            0
        ],
        "max_change": [
            1951.915423727389,
            379.45586317434453,
            141.09090815512587
        ],
        "is_static": [
            false,
            false,
            false
        ],
        "intensity_range": [
            244.125,
            211.3125,
            126.07920837402344
        ],
        "margin_left": [
            0,
            0,
            5
        ],
        "margin_right": [
            0,
            0,
            0
        ],
        "margin_top": [
            0,
            0,
            0
        ],
        "margin_bottom": [
            0,
            0,
            0
        ],
        "background_color": [
            10.541176795959473,
            0.501960813999176,
            10.541176795959473
        ],
        "background_proportion": [
            0.03285336618669952,
            0.048914445303588926,
            0.03656296720908457
        ],
        "is_uniform": [
            false,
            false,
            false
        ],
        "bad_properties": [
            false,
            false,
            false
        ]
    }
}