{
    "recording": "dynamic29228-2-10-Video-8744edeac3b4d1ce16b680916b5267ce",
    "trial": "645",
    "trial_type": "final_test_bonus",
    "first_label": "NaturalVideo",
    "label": "NaturalVideo",
    "ID": null,
    "sampling_freq": 30,
    "valid_frames": 300,
    "peaks": [
        49,
        98,
        235
    ],
    "n_peaks": 3,
    "segments_n_peaks": 4,
    "segments_bad_n": 0,
    "segments_avg_duration": 75.0,
    "segments": {
        "frame_start": [
            0,
            50,
            99,
            236
        ],
        "frame_end": [
            50,
            99,
            236,
            300
        ],
        "duration": [
            50,
            49,
            137,
            64
        ],
        "transition_start": [
            0,
            0,
            0,
            0
        ],
        "transition_end": [
            0,
            0,
            0,
            0
        ],
        "max_change": [
            101.20729580372314,
            590.5776487974522,
            1766.3982426093132,
            251.3889453350602
        ],
        "is_static": [
            false,
            false,
            false,
            false
        ],
        "intensity_range": [
            159.07565307617188,
            159.8125,
            179.9471893310547,
            233.8125
        ],
        "margin_left": [
            1,
            0,
            0,
            0
        ],
        "margin_right": [
            0,
            0,
            0,
            0
        ],
        "margin_top": [
            0,
            0,
            0,
            0
        ],
        "margin_bottom": [
            0,
            0,
            0,
            0
        ],
        "background_color": [
            1.5058825016021729,
            28.611764907836914,
            88.84706115722656,
            2.5098040103912354
        ],
        "background_proportion": [
            0.02483316910430829,
            0.027898673338592046,
            0.0308218275931878,
            0.06697774332629104
        ],
        "is_uniform": [
            false,
            false,
            false,
            false
        ],
        "bad_properties": [
            false,
            false,
            false,
            false
        ]
    }
}