{
    "recording": "dynamic29228-2-10-Video-8744edeac3b4d1ce16b680916b5267ce",
    "trial": "65",
    "trial_type": "final_test_bonus",
    "first_label": "PinkNoise",
    "label": "PinkNoise",
    "ID": null,
    "sampling_freq": 30,
    "valid_frames": 324,
    "peaks": [
        26,
        53,
        80,
        107,
        134,
        162,
        188,
        215,
        243,
        269,
        296
    ],
    "n_peaks": 11,
    "segments_n_peaks": 12,
    "segments_bad_n": 0,
    "segments_avg_duration": 27.0,
    "segments": {
        "frame_start": [
            0,
            27,
            54,
            81,
            108,
            135,
            163,
            189,
            216,
            244,
            270,
            297
        ],
        "frame_end": [
            27,
            54,
            81,
            108,
            135,
            163,
            189,
            216,
            244,
            270,
            297,
            324
        ],
        "duration": [
            27,
            27,
            27,
            27,
            27,
            28,
            26,
            27,
            28,
            26,
            27,
            27
        ],
        "transition_start": [
            0,
            0,
            0,
            0,
            0,
            0,
            0,
            0,
            0,
            0,
            0,
            0
        ],
        "transition_end": [
            0,
            0,
            0,
            0,
            0,
            0,
            0,
            0,
            0,
            0,
            0,
            0
        ],
        "max_change": [
            458.29134334015555,
            415.45254513225075,
            460.85603776195774,
            426.75371798080386,
            433.6668951736816,
            420.03003982300703,
            385.7588392296866,
            376.21342129020377,
            403.67676725939276,
            396.42014924619735,
            411.9207099502289,
            486.2063503365595
        ],
        "is_static": [
            false,
            false,
            false,
            false,
            false,
            false,
            false,
            false,
            false,
            false,
            false,
            false
        ],
        "intensity_range": [
            254.9466094970703,
            254.9245147705078,
            254.8928985595703,
            254.02890014648438,
            254.05381774902344,
            254.5595245361328,
            254.0953826904297,
            253.7505645751953,
            253.78724670410156,
            254.6459197998047,
            253.57681274414062,
            253.0603485107422
        ],
        "margin_left": [
            0,
            0,
            0,
            0,
            0,
            0,
            0,
            0,
            0,
            0,
            0,
            0
        ],
        "margin_right": [
            0,
            0,
            0,
            0,
            0,
            0,
            0,
            0,
            0,
            0,
            0,
            0
        ],
        "margin_top": [
            0,
            0,
            0,
            0,
            0,
            0,
            0,
            0,
            0,
            0,
            0,
            0
        ],
        "margin_bottom": [
            0,
            0,
            0,
            0,
            0,
            0,
            0,
            0,
            0,
            0,
            0,
            0
        ],
        "background_color": [
            125.99215698242188,
            134.02352905273438,
            124.98823547363281,
            132.01568603515625,
            131.01177978515625,
            126.99607849121094,
            129.00393676757812,
            133.01962280273438,
            135.0274658203125,
            134.02352905273438,
            117.96078491210938,
            125.99215698242188
        ],
        "background_proportion": [
            0.010135792523989851,
            0.010408001801885312,
            0.00955934934727005,
            0.010408001801885312,
            0.009927632487952143,
            0.010345096296489302,
            0.010409233518074884,
            0.010055730971667657,
            0.011086237523700476,
            0.011074360260443887,
            0.010279903318169801,
            0.010023706350738777
        ],
        "is_uniform": [
            false,
            false,
            false,
            false,
            false,
            false,
            false,
            false,
            false,
            false,
            false,
            false
        ],
        "bad_properties": [
            false,
            false,
            false,
            false,
            false,
            false,
            false,
            false,
            false,
            false,
            false,
            false
        ]
    }
}