{
    "recording": "dynamic29228-2-10-Video-8744edeac3b4d1ce16b680916b5267ce",
    "trial": "689",
    "trial_type": "final_test_bonus",
    "first_label": "NaturalImages",
    "label": "NaturalImages",
    "ID": null,
    "sampling_freq": 30,
    "valid_frames": 317,
    "peaks": [
        17,
        32,
        49,
        64,
        82,
        98,
        115,
        130,
        146,
        162,
        176,
        192,
        210,
        226,
        243,
        258,
        272,
        287,
        301
    ],
    "n_peaks": 19,
    "segments_n_peaks": 20,
    "segments_bad_n": 0,
    "segments_avg_duration": 15.85,
    "segments": {
        "frame_start": [
            0,
            18,
            33,
            50,
            65,
            83,
            99,
            116,
            131,
            147,
            163,
            177,
            193,
            211,
            227,
            244,
            259,
            273,
            288,
            302
        ],
        "frame_end": [
            18,
            33,
            50,
            65,
            83,
            99,
            116,
            131,
            147,
            163,
            177,
            193,
            211,
            227,
            244,
            259,
            273,
            288,
            302,
            317
        ],
        "duration": [
            18,
            15,
            17,
            15,
            18,
            16,
            17,
            15,
            16,
            16,
            14,
            16,
            18,
            16,
            17,
            15,
            14,
            15,
            14,
            15
        ],
        "transition_start": [
            1,
            0,
            1,
            0,
            1,
            1,
            0,
            0,
            1,
            1,
            0,
            1,
            0,
            1,
            0,
            0,
            0,
            0,
            0,
            0
        ],
        "transition_end": [
            0,
            0,
            0,
            0,
            0,
            0,
            0,
            0,
            0,
            0,
            0,
            0,
            0,
            0,
            1,
            0,
            1,
            0,
            0,
            0
        ],
        "max_change": [
            15.902783466224921,
            0.02643927705465406,
            16.245165281882365,
            0.24226199084121922,
            0.0,
            18.61535871277253,
            10.293248482017614,
            1.174134269904395,
            0.0,
            10.833353660272046,
            3.2763219696997163,
            6.7848333823653775,
            3.5593109528010194,
            2.693901554674034,
            2.5689874965104686,
            3.239181620980187,
            5.406627320691895,
            2.7436078782380062,
            7.738683257945847,
            3.43970715933771
        ],
        "is_static": [
            true,
            true,
            true,
            true,
            true,
            true,
            true,
            true,
            true,
            true,
            true,
            true,
            true,
            true,
            true,
            true,
            true,
            true,
            true,
            true
        ],
        "intensity_range": [
            16.78863525390625,
            252.8125,
            14.855361938476562,
            241.1875,
            0.0,
            64.34727478027344,
            12.65667724609375,
            245.0,
            0.0,
            221.3125,
            5.42706298828125,
            243.25,
            7.062217712402344,
            199.9375,
            6.827247619628906,
            248.9375,
            9.699050903320312,
            242.8125,
            10.519302368164062,
            218.625
        ],
        "margin_left": [
            64,
            0,
            64,
            0,
            64,
            6,
            64,
            0,
            64,
            0,
            64,
            0,
            64,
            0,
            64,
            0,
            64,
            0,
            64,
            0
        ],
        "margin_right": [
            64,
            0,
            64,
            0,
            64,
            6,
            64,
            0,
            64,
            0,
            64,
            0,
            64,
            0,
            64,
            0,
            64,
            0,
            64,
            0
        ],
        "margin_top": [
            36,
            0,
            36,
            0,
            36,
            0,
            36,
            4,
            36,
            0,
            36,
            0,
            36,
            0,
            36,
            0,
            36,
            0,
            36,
            0
        ],
        "margin_bottom": [
            36,
            0,
            36,
            0,
            36,
            0,
            36,
            0,
            36,
            0,
            36,
            0,
            36,
            0,
            36,
            0,
            36,
            0,
            36,
            0
        ],
        "background_color": [
            128.0,
            73.78823852539062,
            128.0,
            20.580392837524414,
            128.0,
            199.2784423828125,
            128.0,
            209.31765747070312,
            128.0,
            16.564706802368164,
            128.0,
            44.67451095581055,
            128.0,
            173.17648315429688,
            128.0,
            188.23529052734375,
            128.0,
            83.82745361328125,
            128.0,
            128.0
        ],
        "background_proportion": [
            0.94245200036895,
            0.009540134574712722,
            0.9399645186159051,
            0.013315837382227424,
            0.9960862395221411,
            0.04415554733673683,
            0.8913354424277862,
            0.020348444138209007,
            0.9960862395221413,
            0.017062718030906136,
            0.931854487965654,
            0.012739394205507622,
            0.9473291246921368,
            0.030954998589853365,
            0.9382081816592824,
            0.009741889686564652,
            0.9280442908688861,
            0.030666777001493464,
            0.8939948113270706,
            0.021184125753726094
        ],
        "is_uniform": [
            true,
            false,
            true,
            false,
            true,
            false,
            true,
            false,
            true,
            false,
            true,
            false,
            true,
            false,
            true,
            false,
            true,
            false,
            true,
            false
        ],
        "bad_properties": [
            false,
            false,
            false,
            false,
            false,
            false,
            false,
            false,
            false,
            false,
            false,
            false,
            false,
            false,
            false,
            false,
            false,
            false,
            false,
            false
        ]
    }
}