{
    "recording": "dynamic29755-2-8-Video-9b4f6a1a067fe51e15306b9628efea20",
    "trial": "1",
    "trial_type": "train",
    "first_label": "NaturalVideo",
    "label": "NaturalVideo",
    "ID": null,
    "sampling_freq": 30,
    "valid_frames": 300,
    "peaks": [
        59,
        253
    ],
    "n_peaks": 2,
    "segments_n_peaks": 3,
    "segments_bad_n": 0,
    "segments_avg_duration": 100.0,
    "segments": {
        "frame_start": [
            0,
            60,
            254
        ],
        "frame_end": [
            60,
            254,
            300
        ],
        "duration": [
            60,
            194,
            46
        ],
        "transition_start": [
            0,
            0,
            0
        ],
        "transition_end": [
            0,
            0,
            0
        ],
        "max_change": [
            1.7234752119478758,
            47.04093202400051,
            211.86372589699192
        ],
        "is_static": [
            true,
            true,
            false
        ],
        "intensity_range": [
            127.26256470445544,
            235.25,
            158.41825490952564
        ],
        "margin_left": [
            0,
            24,
            0
        ],
        "margin_right": [
            0,
            0,
            0
        ],
        "margin_top": [
            0,
            0,
            0
        ],
        "margin_bottom": [
            0,
            0,
            0
        ],
        "background_color": [
            16.56470588235294,
            33.6313725490196,
            3.5137254901960784
        ],
        "background_proportion": [
            0.021861606174045138,
            0.10144879318184834,
            0.047594153362771736
        ],
        "is_uniform": [
            false,
            false,
            false
        ],
        "bad_properties": [
            false,
            false,
            false
        ]
    }
}