{
    "recording": "dynamic29755-2-8-Video-9b4f6a1a067fe51e15306b9628efea20",
    "trial": "116",
    "trial_type": "live_test_bonus",
    "first_label": "NaturalImages",
    "label": "NaturalImages",
    "ID": null,
    "sampling_freq": 30,
    "valid_frames": 318,
    "peaks": [
        17,
        32,
        46,
        61,
        77,
        93,
        107,
        122,
        139,
        154,
        172,
        187,
        201,
        216,
        236,
        251,
        267,
        283,
        302
    ],
    "n_peaks": 19,
    "segments_n_peaks": 20,
    "segments_bad_n": 0,
    "segments_avg_duration": 15.9,
    "segments": {
        "frame_start": [
            0,
            18,
            33,
            47,
            62,
            78,
            94,
            108,
            123,
            140,
            155,
            173,
            188,
            202,
            217,
            237,
            252,
            268,
            284,
            303
        ],
        "frame_end": [
            18,
            33,
            47,
            62,
            78,
            94,
            108,
            123,
            140,
            155,
            173,
            188,
            202,
            217,
            237,
            252,
            268,
            284,
            303,
            318
        ],
        "duration": [
            18,
            15,
            14,
            15,
            16,
            16,
            14,
            15,
            17,
            15,
            18,
            15,
            14,
            15,
            20,
            15,
            16,
            16,
            19,
            15
        ],
        "transition_start": [
            1,
            0,
            1,
            0,
            1,
            1,
            0,
            0,
            1,
            0,
            1,
            0,
            1,
            0,
            1,
            0,
            0,
            0,
            0,
            0
        ],
        "transition_end": [
            1,
            0,
            0,
            0,
            0,
            0,
            0,
            0,
            0,
            0,
            0,
            0,
            0,
            0,
            1,
            0,
            0,
            1,
            1,
            0
        ],
        "max_change": [
            2.0194839173657902e-28,
            0.08863805895524218,
            37.59218552225877,
            0.4861800622756766,
            2.0194839173657902e-28,
            10.478750086209248,
            19.197947427204706,
            1.8067648845886768,
            26.060534489650614,
            4.9884588452409115,
            5.804589638488772,
            2.1091805205866296,
            4.919044680236359,
            3.0145541482538962,
            2.0194839173657902e-28,
            3.668427236086029,
            5.386677939718534,
            5.6968702594238465,
            0.0,
            20.65441175680261
        ],
        "is_static": [
            true,
            true,
            true,
            true,
            true,
            true,
            true,
            true,
            true,
            true,
            true,
            true,
            true,
            true,
            true,
            true,
            true,
            true,
            true,
            true
        ],
        "intensity_range": [
            1.4210854715202004e-14,
            255.0,
            15.482108962665805,
            249.50000000000003,
            1.4210854715202004e-14,
            227.62500000000003,
            12.583925316674367,
            237.93750000000003,
            10.93765729844199,
            227.5,
            9.663389356749917,
            224.12499999999994,
            9.359192080426766,
            241.4375,
            1.4210854715202004e-14,
            235.25,
            8.90793988910255,
            230.43749999999997,
            0.0,
            237.01701467984657
        ],
        "margin_left": [
            64,
            11,
            64,
            0,
            64,
            0,
            64,
            0,
            64,
            3,
            64,
            0,
            64,
            0,
            64,
            16,
            64,
            0,
            64,
            0
        ],
        "margin_right": [
            64,
            8,
            64,
            7,
            64,
            0,
            64,
            0,
            64,
            3,
            64,
            0,
            64,
            0,
            64,
            0,
            64,
            0,
            64,
            0
        ],
        "margin_top": [
            36,
            0,
            36,
            0,
            36,
            0,
            36,
            0,
            36,
            0,
            36,
            0,
            36,
            0,
            36,
            0,
            36,
            0,
            36,
            1
        ],
        "margin_bottom": [
            36,
            3,
            36,
            0,
            36,
            0,
            36,
            0,
            36,
            0,
            36,
            0,
            36,
            0,
            36,
            0,
            36,
            0,
            36,
            4
        ],
        "background_color": [
            128.0,
            0.5019607843137255,
            128.0,
            5.52156862745098,
            128.0,
            94.87058823529412,
            128.0,
            219.35686274509803,
            128.0,
            255.49803921568628,
            128.0,
            83.82745098039216,
            128.0,
            139.04313725490195,
            128.0,
            67.76470588235294,
            128.0,
            175.1843137254902,
            128.0,
            255.49803921568628
        ],
        "background_proportion": [
            0.9960937500000036,
            0.4680718315972222,
            0.9225639930138254,
            0.07194010416666667,
            0.9960937500000036,
            0.009280734592013921,
            0.8837490990048394,
            0.023461235894097304,
            0.9344593683878615,
            0.3897908528645847,
            0.9382375081380242,
            0.027669270833333433,
            0.9353344257061331,
            0.021472507052951464,
            0.9960937500000036,
            0.02674696180555565,
            0.884984334309899,
            0.011327107747395872,
            0.9960937500000036,
            0.5084228515625018
        ],
        "is_uniform": [
            true,
            false,
            true,
            false,
            true,
            false,
            true,
            false,
            true,
            false,
            true,
            false,
            true,
            false,
            true,
            false,
            true,
            false,
            true,
            false
        ],
        "bad_properties": [
            false,
            false,
            false,
            false,
            false,
            false,
            false,
            false,
            false,
            false,
            false,
            false,
            false,
            false,
            false,
            false,
            false,
            false,
            false,
            false
        ]
    }
}