{
    "recording": "dynamic29755-2-8-Video-9b4f6a1a067fe51e15306b9628efea20",
    "trial": "120",
    "trial_type": "final_test_main",
    "first_label": "NaturalVideo",
    "label": "NaturalVideo",
    "ID": null,
    "sampling_freq": 30,
    "valid_frames": 300,
    "peaks": [
        19,
        75,
        115,
        153,
        228
    ],
    "n_peaks": 5,
    "segments_n_peaks": 6,
    "segments_bad_n": 0,
    "segments_avg_duration": 50.0,
    "segments": {
        "frame_start": [
            0,
            20,
            76,
            116,
            154,
            229
        ],
        "frame_end": [
            20,
            76,
            116,
            154,
            229,
            300
        ],
        "duration": [
            20,
            56,
            40,
            38,
            75,
            71
        ],
        "transition_start": [
            0,
            0,
            0,
            0,
            0,
            0
        ],
        "transition_end": [
            0,
            0,
            0,
            0,
            0,
            0
        ],
        "max_change": [
            0.7413795466661087,
            3.7569255626417526,
            115.79418270307809,
            33.30110614189678,
            1173.1846372704074,
            674.2026890143325
        ],
        "is_static": [
            true,
            true,
            false,
            true,
            false,
            false
        ],
        "intensity_range": [
            248.81250000000003,
            153.8486388366925,
            192.31249999999997,
            111.9440356091567,
            202.76016378509834,
            243.02655470770634
        ],
        "margin_left": [
            0,
            21,
            0,
            20,
            0,
            0
        ],
        "margin_right": [
            8,
            0,
            0,
            3,
            0,
            0
        ],
        "margin_top": [
            0,
            0,
            0,
            0,
            0,
            0
        ],
        "margin_bottom": [
            0,
            0,
            0,
            0,
            0,
            0
        ],
        "background_color": [
            8.533333333333333,
            2.5098039215686274,
            15.56078431372549,
            3.5137254901960784,
            10.541176470588235,
            9.537254901960784
        ],
        "background_proportion": [
            0.050107320149739586,
            0.1221647716703869,
            0.049329121907552086,
            0.11766266404536732,
            0.053557332356770834,
            0.039878093021016726
        ],
        "is_uniform": [
            false,
            false,
            false,
            false,
            false,
            false
        ],
        "bad_properties": [
            false,
            false,
            false,
            false,
            false,
            false
        ]
    }
}