{
    "recording": "dynamic29755-2-8-Video-9b4f6a1a067fe51e15306b9628efea20",
    "trial": "138",
    "trial_type": "train",
    "first_label": "NaturalVideo",
    "label": "NaturalVideo",
    "ID": null,
    "sampling_freq": 30,
    "valid_frames": 300,
    "peaks": [
        176,
        207
    ],
    "n_peaks": 2,
    "segments_n_peaks": 3,
    "segments_bad_n": 0,
    "segments_avg_duration": 100.0,
    "segments": {
        "frame_start": [
            0,
            177,
            208
        ],
        "frame_end": [
            177,
            208,
            300
        ],
        "duration": [
            177,
            31,
            92
        ],
        "transition_start": [
            0,
            0,
            0
        ],
        "transition_end": [
            0,
            0,
            0
        ],
        "max_change": [
            94.84638861545929,
            48.961921258958654,
            46.17241429730149
        ],
        "is_static": [
            false,
            true,
            true
        ],
        "intensity_range": [
            171.86615348799546,
            150.8125,
            241.1715033770106
        ],
        "margin_left": [
            0,
            0,
            0
        ],
        "margin_right": [
            0,
            8,
            0
        ],
        "margin_top": [
            0,
            0,
            0
        ],
        "margin_bottom": [
            0,
            0,
            0
        ],
        "background_color": [
            4.517647058823529,
            30.619607843137253,
            17.568627450980394
        ],
        "background_proportion": [
            0.11422611674795492,
            0.04938351210727487,
            0.03897100255109262
        ],
        "is_uniform": [
            false,
            false,
            false
        ],
        "bad_properties": [
            false,
            false,
            false
        ]
    }
}