{
    "recording": "dynamic29755-2-8-Video-9b4f6a1a067fe51e15306b9628efea20",
    "trial": "149",
    "trial_type": "train",
    "first_label": "NaturalVideo",
    "label": "NaturalVideo",
    "ID": null,
    "sampling_freq": 30,
    "valid_frames": 300,
    "peaks": [
        20,
        77,
        153
    ],
    "n_peaks": 3,
    "segments_n_peaks": 4,
    "segments_bad_n": 0,
    "segments_avg_duration": 75.0,
    "segments": {
        "frame_start": [
            0,
            21,
            78,
            154
        ],
        "frame_end": [
            21,
            78,
            154,
            300
        ],
        "duration": [
            21,
            57,
            76,
            146
        ],
        "transition_start": [
            0,
            0,
            0,
            0
        ],
        "transition_end": [
            0,
            0,
            0,
            0
        ],
        "max_change": [
            12839.724782130688,
            9658.336383719205,
            1042.489559467718,
            7686.788712318941
        ],
        "is_static": [
            false,
            false,
            false,
            false
        ],
        "intensity_range": [
            253.875,
            241.5625,
            229.18750000000003,
            252.50000000000006
        ],
        "margin_left": [
            0,
            0,
            0,
            0
        ],
        "margin_right": [
            0,
            0,
            0,
            0
        ],
        "margin_top": [
            0,
            0,
            5,
            0
        ],
        "margin_bottom": [
            0,
            0,
            0,
            0
        ],
        "background_color": [
            4.517647058823529,
            9.537254901960784,
            0.5019607843137255,
            2.5098039215686274
        ],
        "background_proportion": [
            0.08434598408048115,
            0.013713278965643274,
            0.019204658374451754,
            0.015581731926904966
        ],
        "is_uniform": [
            false,
            false,
            false,
            false
        ],
        "bad_properties": [
            false,
            false,
            false,
            false
        ]
    }
}