{
    "recording": "dynamic29755-2-8-Video-9b4f6a1a067fe51e15306b9628efea20",
    "trial": "178",
    "trial_type": "train",
    "first_label": "NaturalVideo",
    "label": "NaturalVideo",
    "ID": null,
    "sampling_freq": 30,
    "valid_frames": 300,
    "peaks": [
        12
    ],
    "n_peaks": 1,
    "segments_n_peaks": 2,
    "segments_bad_n": 0,
    "segments_avg_duration": 150.0,
    "segments": {
        "frame_start": [
            0,
            13
        ],
        "frame_end": [
            13,
            300
        ],
        "duration": [
            13,
            287
        ],
        "transition_start": [
            0,
            0
        ],
        "transition_end": [
            0,
            0
        ],
        "max_change": [
            43.10384487474688,
            827.7842367529286
        ],
        "is_static": [
            true,
            false
        ],
        "intensity_range": [
            179.24694690859533,
            225.72271505376355
        ],
        "margin_left": [
            4,
            0
        ],
        "margin_right": [
            0,
            0
        ],
        "margin_top": [
            0,
            0
        ],
        "margin_bottom": [
            0,
            0
        ],
        "background_color": [
            20.580392156862743,
            16.56470588235294
        ],
        "background_proportion": [
            0.029664650941506412,
            0.014679717131469585
        ],
        "is_uniform": [
            false,
            false
        ],
        "bad_properties": [
            false,
            false
        ]
    }
}