{
    "recording": "dynamic29755-2-8-Video-9b4f6a1a067fe51e15306b9628efea20",
    "trial": "18",
    "trial_type": "train",
    "first_label": "NaturalVideo",
    "label": "NaturalVideo",
    "ID": null,
    "sampling_freq": 30,
    "valid_frames": 300,
    "peaks": [
        5,
        114,
        190
    ],
    "n_peaks": 3,
    "segments_n_peaks": 4,
    "segments_bad_n": 0,
    "segments_avg_duration": 75.0,
    "segments": {
        "frame_start": [
            0,
            6,
            115,
            191
        ],
        "frame_end": [
            6,
            115,
            191,
            300
        ],
        "duration": [
            6,
            109,
            76,
            109
        ],
        "transition_start": [
            0,
            0,
            0,
            0
        ],
        "transition_end": [
            0,
            0,
            0,
            0
        ],
        "max_change": [
            6.346897324644762,
            63.06167594787264,
            44.459606058425706,
            123.29921234351079
        ],
        "is_static": [
            true,
            false,
            true,
            false
        ],
        "intensity_range": [
            122.56132437871372,
            190.15925325912488,
            150.57164948913976,
            189.1243702159634
        ],
        "margin_left": [
            12,
            0,
            8,
            5
        ],
        "margin_right": [
            28,
            0,
            21,
            0
        ],
        "margin_top": [
            0,
            0,
            0,
            0
        ],
        "margin_bottom": [
            0,
            0,
            0,
            0
        ],
        "background_color": [
            2.5098039215686274,
            5.52156862745098,
            3.5137254901960784,
            5.52156862745098
        ],
        "background_proportion": [
            0.31019846598307294,
            0.11261266305905963,
            0.16755723116690652,
            0.12112842058187595
        ],
        "is_uniform": [
            false,
            false,
            false,
            false
        ],
        "bad_properties": [
            false,
            false,
            false,
            false
        ]
    }
}