{
    "recording": "dynamic29755-2-8-Video-9b4f6a1a067fe51e15306b9628efea20",
    "trial": "185",
    "trial_type": "final_test_bonus",
    "first_label": "PinkNoise",
    "label": "PinkNoise",
    "ID": null,
    "sampling_freq": 30,
    "valid_frames": 324,
    "peaks": [
        26,
        53,
        80,
        107,
        134,
        161,
        188,
        215,
        242,
        269,
        296
    ],
    "n_peaks": 11,
    "segments_n_peaks": 12,
    "segments_bad_n": 0,
    "segments_avg_duration": 27.0,
    "segments": {
        "frame_start": [
            0,
            27,
            54,
            81,
            108,
            135,
            162,
            189,
            216,
            243,
            270,
            297
        ],
        "frame_end": [
            27,
            54,
            81,
            108,
            135,
            162,
            189,
            216,
            243,
            270,
            297,
            324
        ],
        "duration": [
            27,
            27,
            27,
            27,
            27,
            27,
            27,
            27,
            27,
            27,
            27,
            27
        ],
        "transition_start": [
            0,
            0,
            0,
            0,
            0,
            0,
            0,
            0,
            0,
            0,
            0,
            0
        ],
        "transition_end": [
            0,
            0,
            0,
            0,
            0,
            0,
            0,
            0,
            0,
            0,
            0,
            0
        ],
        "max_change": [
            483.66829811880416,
            431.61455682479163,
            471.0792778820197,
            469.5672526669704,
            429.4741285859303,
            435.217941023325,
            407.12977268444473,
            444.93305670148385,
            423.1579363746319,
            432.68690032537575,
            410.1732359052362,
            390.7262506028895
        ],
        "is_static": [
            false,
            false,
            false,
            false,
            false,
            false,
            false,
            false,
            false,
            false,
            false,
            false
        ],
        "intensity_range": [
            255.0,
            254.7055666935325,
            254.64128791017922,
            254.8592396788482,
            253.6825694849069,
            253.98522247877895,
            254.92423881784026,
            254.94004935768015,
            254.12560786587366,
            254.37411520369125,
            254.66071376353642,
            253.46581119372252
        ],
        "margin_left": [
            0,
            0,
            0,
            0,
            0,
            0,
            0,
            0,
            0,
            0,
            0,
            0
        ],
        "margin_right": [
            0,
            0,
            0,
            0,
            0,
            0,
            0,
            0,
            0,
            0,
            0,
            0
        ],
        "margin_top": [
            0,
            0,
            0,
            0,
            0,
            0,
            0,
            0,
            0,
            0,
            0,
            0
        ],
        "margin_bottom": [
            0,
            0,
            0,
            0,
            0,
            0,
            0,
            0,
            0,
            0,
            0,
            0
        ],
        "background_color": [
            129.00392156862745,
            116.95686274509804,
            119.96862745098039,
            132.0156862745098,
            130.0078431372549,
            126.99607843137255,
            123.9843137254902,
            125.9921568627451,
            131.01176470588234,
            129.00392156862745,
            131.01176470588234,
            131.01176470588234
        ],
        "background_proportion": [
            0.01024787808641979,
            0.009639410325038615,
            0.010183828848379666,
            0.009847570348669015,
            0.010023705753279356,
            0.009687447253568708,
            0.01044002580054016,
            0.009751496491608691,
            0.009815545729648954,
            0.010231865776909758,
            0.010391988872010068,
            0.010295915014949883
        ],
        "is_uniform": [
            false,
            false,
            false,
            false,
            false,
            false,
            false,
            false,
            false,
            false,
            false,
            false
        ],
        "bad_properties": [
            false,
            false,
            false,
            false,
            false,
            false,
            false,
            false,
            false,
            false,
            false,
            false
        ]
    }
}