{
    "recording": "dynamic29755-2-8-Video-9b4f6a1a067fe51e15306b9628efea20",
    "trial": "20",
    "trial_type": "final_test_bonus",
    "first_label": "Gabor",
    "label": "Gabor",
    "ID": null,
    "sampling_freq": 30,
    "valid_frames": 300,
    "peaks": [
        24,
        49,
        74,
        99,
        124,
        149,
        174,
        224,
        249,
        274
    ],
    "n_peaks": 10,
    "segments_n_peaks": 11,
    "segments_bad_n": 0,
    "segments_avg_duration": 25.0,
    "segments": {
        "frame_start": [
            0,
            25,
            50,
            75,
            100,
            125,
            150,
            175,
            200,
            225,
            250,
            275
        ],
        "frame_end": [
            25,
            50,
            75,
            100,
            125,
            150,
            175,
            200,
            225,
            250,
            275,
            300
        ],
        "duration": [
            25,
            25,
            25,
            25,
            25,
            25,
            25,
            25,
            25,
            25,
            25,
            25
        ],
        "transition_start": [
            0,
            0,
            0,
            0,
            0,
            0,
            0,
            0,
            0,
            0,
            0,
            0
        ],
        "transition_end": [
            0,
            0,
            0,
            0,
            0,
            0,
            0,
            0,
            0,
            0,
            0,
            0
        ],
        "max_change": [
            37.30229176595607,
            10.032095105384096,
            10.020026939757333,
            36.82860720122986,
            11.672574536422783,
            22.23111652050473,
            28.656648760606952,
            181.81826179924414,
            28.921630305403554,
            32.6062924193664,
            48.23450813444744,
            40.90848550319163
        ],
        "is_static": [
            true,
            true,
            true,
            true,
            true,
            true,
            true,
            false,
            true,
            true,
            true,
            true
        ],
        "intensity_range": [
            217.2118276862127,
            223.70702932398908,
            223.53261466567528,
            216.18006780896934,
            217.13127473039816,
            223.03858364259779,
            190.18530944956404,
            169.18511287238,
            190.513791549802,
            222.4539783241933,
            221.25121897543247,
            213.62141664247423
        ],
        "margin_left": [
            22,
            22,
            22,
            22,
            22,
            22,
            23,
            23,
            23,
            22,
            22,
            22
        ],
        "margin_right": [
            22,
            22,
            22,
            22,
            22,
            22,
            22,
            23,
            22,
            22,
            22,
            22
        ],
        "margin_top": [
            8,
            8,
            8,
            8,
            8,
            8,
            9,
            9,
            9,
            8,
            8,
            8
        ],
        "margin_bottom": [
            8,
            8,
            8,
            8,
            8,
            8,
            8,
            9,
            8,
            8,
            8,
            8
        ],
        "background_color": [
            128.0,
            128.0,
            128.0,
            128.0,
            128.0,
            128.0,
            128.0,
            128.0,
            128.0,
            128.0,
            128.0,
            128.0
        ],
        "background_proportion": [
            0.6452992757161481,
            0.6371541341145857,
            0.6375691731770856,
            0.6432759602864606,
            0.6428436279296897,
            0.6414947509765647,
            0.6466827392578147,
            0.6519226074218772,
            0.646769205729169,
            0.6421173095703148,
            0.6421864827473981,
            0.643656412760419
        ],
        "is_uniform": [
            false,
            false,
            false,
            false,
            false,
            false,
            false,
            false,
            false,
            false,
            false,
            false
        ],
        "bad_properties": [
            false,
            false,
            false,
            false,
            false,
            false,
            false,
            false,
            false,
            false,
            false,
            false
        ]
    }
}