{
    "recording": "dynamic29755-2-8-Video-9b4f6a1a067fe51e15306b9628efea20",
    "trial": "203",
    "trial_type": "train",
    "first_label": "Gabor",
    "label": "Gabor",
    "ID": null,
    "sampling_freq": 30,
    "valid_frames": 300,
    "peaks": [
        24,
        49,
        74,
        99,
        124,
        149,
        174,
        224,
        249,
        274
    ],
    "n_peaks": 10,
    "segments_n_peaks": 11,
    "segments_bad_n": 0,
    "segments_avg_duration": 25.0,
    "segments": {
        "frame_start": [
            0,
            25,
            50,
            75,
            100,
            125,
            150,
            175,
            200,
            225,
            250,
            275
        ],
        "frame_end": [
            25,
            50,
            75,
            100,
            125,
            150,
            175,
            200,
            225,
            250,
            275,
            300
        ],
        "duration": [
            25,
            25,
            25,
            25,
            25,
            25,
            25,
            25,
            25,
            25,
            25,
            25
        ],
        "transition_start": [
            0,
            0,
            0,
            0,
            0,
            0,
            0,
            0,
            0,
            0,
            0,
            0
        ],
        "transition_end": [
            0,
            0,
            0,
            0,
            0,
            0,
            0,
            0,
            0,
            0,
            0,
            0
        ],
        "max_change": [
            37.30167716500888,
            10.031380704975794,
            10.02084554083581,
            36.832269433796306,
            11.629580901143317,
            22.23400111401495,
            28.660549817355395,
            182.02872685963152,
            28.81610828223534,
            32.39601542972472,
            47.919752780870034,
            40.617277640374155
        ],
        "is_static": [
            true,
            true,
            true,
            true,
            true,
            true,
            true,
            false,
            true,
            true,
            true,
            true
        ],
        "intensity_range": [
            217.21262225160407,
            223.7080904964173,
            223.53477211941615,
            216.1876873861024,
            217.1346359422775,
            223.04805205065637,
            190.19714876952742,
            169.22460145930273,
            190.5220472115528,
            222.4599318970547,
            221.27048459430728,
            213.63023559626225
        ],
        "margin_left": [
            22,
            22,
            22,
            22,
            22,
            22,
            23,
            23,
            23,
            22,
            22,
            22
        ],
        "margin_right": [
            22,
            22,
            22,
            22,
            22,
            22,
            22,
            23,
            22,
            22,
            22,
            22
        ],
        "margin_top": [
            8,
            8,
            8,
            8,
            8,
            8,
            9,
            9,
            9,
            8,
            8,
            8
        ],
        "margin_bottom": [
            8,
            8,
            8,
            8,
            8,
            8,
            8,
            9,
            8,
            8,
            8,
            8
        ],
        "background_color": [
            128.0,
            128.0,
            128.0,
            128.0,
            128.0,
            128.0,
            128.0,
            128.0,
            128.0,
            128.0,
            128.0,
            128.0
        ],
        "background_proportion": [
            0.6452992757161481,
            0.6371541341145857,
            0.6375691731770856,
            0.6433105468750022,
            0.6428609212239607,
            0.6415120442708356,
            0.6466654459635439,
            0.6516805013020857,
            0.6467519124348982,
            0.6420481363932314,
            0.6421691894531273,
            0.643656412760419
        ],
        "is_uniform": [
            false,
            false,
            false,
            false,
            false,
            false,
            false,
            false,
            false,
            false,
            false,
            false
        ],
        "bad_properties": [
            false,
            false,
            false,
            false,
            false,
            false,
            false,
            false,
            false,
            false,
            false,
            false
        ]
    }
}