{
    "recording": "dynamic29755-2-8-Video-9b4f6a1a067fe51e15306b9628efea20",
    "trial": "213",
    "trial_type": "final_test_bonus",
    "first_label": "PinkNoise",
    "label": "PinkNoise",
    "ID": null,
    "sampling_freq": 30,
    "valid_frames": 324,
    "peaks": [
        26,
        53,
        80,
        107,
        134,
        161,
        188,
        215,
        242,
        269,
        296
    ],
    "n_peaks": 11,
    "segments_n_peaks": 12,
    "segments_bad_n": 0,
    "segments_avg_duration": 27.0,
    "segments": {
        "frame_start": [
            0,
            27,
            54,
            81,
            108,
            135,
            162,
            189,
            216,
            243,
            270,
            297
        ],
        "frame_end": [
            27,
            54,
            81,
            108,
            135,
            162,
            189,
            216,
            243,
            270,
            297,
            324
        ],
        "duration": [
            27,
            27,
            27,
            27,
            27,
            27,
            27,
            27,
            27,
            27,
            27,
            27
        ],
        "transition_start": [
            0,
            0,
            0,
            0,
            0,
            0,
            0,
            0,
            0,
            0,
            0,
            0
        ],
        "transition_end": [
            0,
            0,
            0,
            0,
            0,
            0,
            0,
            0,
            0,
            0,
            0,
            0
        ],
        "max_change": [
            456.1887986791527,
            445.32347007481167,
            508.76578267206867,
            421.76359809095135,
            405.33696632384977,
            403.5875215635032,
            400.84862271441347,
            404.0901578988049,
            438.06010190984256,
            390.41475627680416,
            388.82432797886463,
            471.63550783870534
        ],
        "is_static": [
            false,
            false,
            false,
            false,
            false,
            false,
            false,
            false,
            false,
            false,
            false,
            false
        ],
        "intensity_range": [
            254.83009811095462,
            254.98686110264842,
            254.81733505093297,
            253.67889511785552,
            254.76510359698955,
            254.36624805212924,
            254.81167681001,
            254.16317020683863,
            254.99713331785068,
            254.86034858391497,
            253.71402899401352,
            255.0
        ],
        "margin_left": [
            0,
            0,
            0,
            0,
            0,
            0,
            0,
            0,
            0,
            0,
            0,
            0
        ],
        "margin_right": [
            0,
            0,
            0,
            0,
            0,
            0,
            0,
            0,
            0,
            0,
            0,
            0
        ],
        "margin_top": [
            0,
            0,
            0,
            0,
            0,
            0,
            0,
            0,
            0,
            0,
            0,
            0
        ],
        "margin_bottom": [
            0,
            0,
            0,
            0,
            0,
            0,
            0,
            0,
            0,
            0,
            0,
            0
        ],
        "background_color": [
            126.99607843137255,
            123.9843137254902,
            122.98039215686273,
            118.96470588235294,
            137.03529411764706,
            129.00392156862745,
            130.0078431372549,
            139.04313725490195,
            128.0,
            128.0,
            138.0392156862745,
            124.98823529411764
        ],
        "background_proportion": [
            0.010520087348090314,
            0.00975149649160883,
            0.01037597656249989,
            0.010424013491030129,
            0.010183828848379666,
            0.01045603811005019,
            0.010295915014949883,
            0.01044002580054016,
            0.010632173514660533,
            0.010744259681230748,
            0.009959656515239232,
            0.010199841157889697
        ],
        "is_uniform": [
            false,
            false,
            false,
            false,
            false,
            false,
            false,
            false,
            false,
            false,
            false,
            false
        ],
        "bad_properties": [
            false,
            false,
            false,
            false,
            false,
            false,
            false,
            false,
            false,
            false,
            false,
            false
        ]
    }
}