{
    "recording": "dynamic29755-2-8-Video-9b4f6a1a067fe51e15306b9628efea20",
    "trial": "242",
    "trial_type": "live_test_bonus",
    "first_label": "NaturalImages",
    "label": "NaturalImages",
    "ID": null,
    "sampling_freq": 30,
    "valid_frames": 317,
    "peaks": [
        17,
        32,
        49,
        64,
        82,
        98,
        115,
        130,
        146,
        162,
        176,
        192,
        210,
        226,
        243,
        258,
        272,
        287,
        301
    ],
    "n_peaks": 19,
    "segments_n_peaks": 20,
    "segments_bad_n": 0,
    "segments_avg_duration": 15.85,
    "segments": {
        "frame_start": [
            0,
            18,
            33,
            50,
            65,
            83,
            99,
            116,
            131,
            147,
            163,
            177,
            193,
            211,
            227,
            244,
            259,
            273,
            288,
            302
        ],
        "frame_end": [
            18,
            33,
            50,
            65,
            83,
            99,
            116,
            131,
            147,
            163,
            177,
            193,
            211,
            227,
            244,
            259,
            273,
            288,
            302,
            317
        ],
        "duration": [
            18,
            15,
            17,
            15,
            18,
            16,
            17,
            15,
            16,
            16,
            14,
            16,
            18,
            16,
            17,
            15,
            14,
            15,
            14,
            15
        ],
        "transition_start": [
            1,
            0,
            1,
            0,
            1,
            1,
            0,
            0,
            1,
            1,
            0,
            1,
            0,
            1,
            0,
            0,
            0,
            0,
            0,
            0
        ],
        "transition_end": [
            0,
            0,
            0,
            0,
            0,
            0,
            0,
            0,
            0,
            0,
            0,
            0,
            0,
            0,
            1,
            0,
            1,
            0,
            0,
            0
        ],
        "max_change": [
            15.90231135284453,
            0.026228042867757324,
            16.25348463327354,
            0.24080406953632127,
            2.0194839173657902e-28,
            18.641759523026693,
            10.312893578631915,
            1.1675116751429195,
            2.0194839173657902e-28,
            10.864021279198866,
            3.2573894454358103,
            6.808874480354155,
            3.5392834660144317,
            2.708041646221925,
            2.55418097326073,
            3.261447894717558,
            5.376309876849278,
            2.767979477009017,
            7.694034437825404,
            3.421374897590099
        ],
        "is_static": [
            true,
            true,
            true,
            true,
            true,
            true,
            true,
            true,
            true,
            true,
            true,
            true,
            true,
            true,
            true,
            true,
            true,
            true,
            true,
            true
        ],
        "intensity_range": [
            16.78838435128614,
            252.81250000000003,
            14.859171327619748,
            241.1875,
            1.4210854715202004e-14,
            64.34906816866715,
            12.668751931941927,
            245.0,
            1.4210854715202004e-14,
            221.31250000000003,
            5.411363827488586,
            243.25000000000006,
            7.042325396367602,
            199.9375,
            6.807549545057327,
            248.93750000000006,
            9.67181552316299,
            242.81250000000003,
            10.48890216014334,
            218.625
        ],
        "margin_left": [
            64,
            0,
            64,
            0,
            64,
            6,
            64,
            0,
            64,
            0,
            64,
            0,
            64,
            0,
            64,
            0,
            64,
            0,
            64,
            0
        ],
        "margin_right": [
            64,
            0,
            64,
            0,
            64,
            6,
            64,
            0,
            64,
            0,
            64,
            0,
            64,
            0,
            64,
            0,
            64,
            0,
            64,
            0
        ],
        "margin_top": [
            36,
            0,
            36,
            0,
            36,
            0,
            36,
            4,
            36,
            0,
            36,
            0,
            36,
            0,
            36,
            0,
            36,
            0,
            36,
            0
        ],
        "margin_bottom": [
            36,
            0,
            36,
            0,
            36,
            0,
            36,
            0,
            36,
            0,
            36,
            0,
            36,
            0,
            36,
            0,
            36,
            0,
            36,
            0
        ],
        "background_color": [
            128.0,
            73.78823529411764,
            128.0,
            20.580392156862743,
            128.0,
            199.27843137254902,
            128.0,
            209.31764705882352,
            128.0,
            205.30196078431374,
            128.0,
            44.674509803921566,
            128.0,
            173.1764705882353,
            128.0,
            188.23529411764707,
            128.0,
            83.82745098039216,
            128.0,
            128.0
        ],
        "background_proportion": [
            0.9424591064453158,
            0.009540134006076423,
            0.9399716059366896,
            0.013315836588541666,
            0.9960937500000036,
            0.04415554470486127,
            0.8913421630859406,
            0.020348442925347293,
            0.9960937500000036,
            0.017062717013888947,
            0.9318923950195345,
            0.012739393446180601,
            0.9473843044704895,
            0.03095499674479178,
            0.938215255737308,
            0.009741889105902537,
            0.9280512883113013,
            0.030666775173611223,
            0.8937853858584481,
            0.02118428548177091
        ],
        "is_uniform": [
            true,
            false,
            true,
            false,
            true,
            false,
            true,
            false,
            true,
            false,
            true,
            false,
            true,
            false,
            true,
            false,
            true,
            false,
            true,
            false
        ],
        "bad_properties": [
            false,
            false,
            false,
            false,
            false,
            false,
            false,
            false,
            false,
            false,
            false,
            false,
            false,
            false,
            false,
            false,
            false,
            false,
            false,
            false
        ]
    }
}