{
    "recording": "dynamic29755-2-8-Video-9b4f6a1a067fe51e15306b9628efea20",
    "trial": "252",
    "trial_type": "final_test_bonus",
    "first_label": "PinkNoise",
    "label": "PinkNoise",
    "ID": null,
    "sampling_freq": 30,
    "valid_frames": 324,
    "peaks": [
        26,
        53,
        80,
        107,
        134,
        161,
        188,
        215,
        242,
        269,
        296
    ],
    "n_peaks": 11,
    "segments_n_peaks": 12,
    "segments_bad_n": 0,
    "segments_avg_duration": 27.0,
    "segments": {
        "frame_start": [
            0,
            27,
            54,
            81,
            108,
            135,
            162,
            189,
            216,
            243,
            270,
            297
        ],
        "frame_end": [
            27,
            54,
            81,
            108,
            135,
            162,
            189,
            216,
            243,
            270,
            297,
            324
        ],
        "duration": [
            27,
            27,
            27,
            27,
            27,
            27,
            27,
            27,
            27,
            27,
            27,
            27
        ],
        "transition_start": [
            0,
            0,
            0,
            0,
            0,
            0,
            0,
            0,
            0,
            0,
            0,
            0
        ],
        "transition_end": [
            0,
            0,
            0,
            0,
            0,
            0,
            0,
            0,
            0,
            0,
            0,
            0
        ],
        "max_change": [
            522.7605787068701,
            456.9341921228788,
            387.4174621816844,
            447.7895777162321,
            469.112822343633,
            408.51194330219346,
            412.5002349514512,
            383.95558562096016,
            415.94078493445363,
            376.8964995327365,
            402.83472779229425,
            372.8037290816556
        ],
        "is_static": [
            false,
            false,
            false,
            false,
            false,
            false,
            false,
            false,
            false,
            false,
            false,
            false
        ],
        "intensity_range": [
            255.0,
            254.90569715674417,
            253.87835245782261,
            254.9841497981057,
            254.25981108523987,
            254.65479433723038,
            253.82807892545637,
            253.13300861161972,
            254.91557079085266,
            253.0964204507026,
            254.91890560853827,
            254.53197934730625
        ],
        "margin_left": [
            0,
            0,
            0,
            0,
            0,
            0,
            0,
            0,
            0,
            0,
            0,
            0
        ],
        "margin_right": [
            0,
            0,
            0,
            0,
            0,
            0,
            0,
            0,
            0,
            0,
            0,
            0
        ],
        "margin_top": [
            0,
            0,
            0,
            0,
            0,
            0,
            0,
            0,
            0,
            0,
            0,
            0
        ],
        "margin_bottom": [
            0,
            0,
            0,
            0,
            0,
            0,
            0,
            0,
            0,
            0,
            0,
            0
        ],
        "background_color": [
            135.02745098039216,
            118.96470588235294,
            130.0078431372549,
            125.9921568627451,
            131.01176470588234,
            126.99607843137255,
            131.01176470588234,
            133.01960784313724,
            130.0078431372549,
            130.0078431372549,
            125.9921568627451,
            132.0156862745098
        ],
        "background_proportion": [
            0.010039718062789388,
            0.00919106565875775,
            0.01024787808641979,
            0.00989560727719897,
            0.010151804229359605,
            0.010343951943479975,
            0.01060014889564047,
            0.010247878086419498,
            0.01024787808641979,
            0.01076027199074078,
            0.01063217351466038,
            0.010391988872010068
        ],
        "is_uniform": [
            false,
            false,
            false,
            false,
            false,
            false,
            false,
            false,
            false,
            false,
            false,
            false
        ],
        "bad_properties": [
            false,
            false,
            false,
            false,
            false,
            false,
            false,
            false,
            false,
            false,
            false,
            false
        ]
    }
}