{
    "recording": "dynamic29755-2-8-Video-9b4f6a1a067fe51e15306b9628efea20",
    "trial": "263",
    "trial_type": "live_test_bonus",
    "first_label": "NaturalImages",
    "label": "NaturalImages",
    "ID": null,
    "sampling_freq": 30,
    "valid_frames": 318,
    "peaks": [
        17,
        33,
        46,
        62,
        78,
        93,
        107,
        123,
        139,
        155,
        172,
        188,
        201,
        217,
        236,
        252,
        268,
        283,
        302
    ],
    "n_peaks": 19,
    "segments_n_peaks": 20,
    "segments_bad_n": 0,
    "segments_avg_duration": 15.9,
    "segments": {
        "frame_start": [
            0,
            18,
            34,
            47,
            63,
            79,
            94,
            108,
            124,
            140,
            156,
            173,
            189,
            202,
            218,
            237,
            253,
            269,
            284,
            303
        ],
        "frame_end": [
            18,
            34,
            47,
            63,
            79,
            94,
            108,
            124,
            140,
            156,
            173,
            189,
            202,
            218,
            237,
            253,
            269,
            284,
            303,
            318
        ],
        "duration": [
            18,
            16,
            13,
            16,
            16,
            15,
            14,
            16,
            16,
            16,
            17,
            16,
            13,
            16,
            19,
            16,
            16,
            15,
            19,
            15
        ],
        "transition_start": [
            1,
            1,
            0,
            1,
            0,
            0,
            1,
            1,
            0,
            1,
            0,
            1,
            0,
            1,
            0,
            0,
            0,
            0,
            0,
            0
        ],
        "transition_end": [
            0,
            0,
            0,
            0,
            0,
            0,
            0,
            0,
            0,
            0,
            0,
            0,
            0,
            0,
            0,
            1,
            1,
            0,
            0,
            0
        ],
        "max_change": [
            2.0194839173657902e-28,
            49.710208028452705,
            0.3163739457182379,
            34.74439185107397,
            11.360468912663706,
            0.486530232408553,
            2.0194839173657902e-28,
            17.509770074617713,
            2.3744082154731196,
            23.554569869023766,
            6.173804431203731,
            5.187012991179145,
            2.5089349338536553,
            4.339842800530644,
            4.230470395003051,
            4.746869177012073,
            2.0194839173657902e-28,
            2.4696543792483365,
            6.37753867836799,
            23.349452704938187
        ],
        "is_static": [
            true,
            true,
            true,
            true,
            true,
            true,
            true,
            true,
            true,
            true,
            true,
            true,
            true,
            true,
            true,
            true,
            true,
            true,
            true,
            true
        ],
        "intensity_range": [
            1.4210854715202004e-14,
            255.0,
            1.3021012107227534,
            249.50000000000003,
            13.033010015383354,
            227.62500000000003,
            1.4210854715202004e-14,
            237.93750000000006,
            4.425541587889597,
            227.5,
            5.323644989354079,
            224.12499999999997,
            6.353139867028119,
            241.4375,
            8.24782371358259,
            235.25,
            1.4210854715202004e-14,
            230.43749999999997,
            9.816607894556483,
            236.625
        ],
        "margin_left": [
            64,
            11,
            64,
            0,
            64,
            0,
            64,
            0,
            64,
            0,
            64,
            0,
            64,
            0,
            64,
            0,
            64,
            0,
            64,
            0
        ],
        "margin_right": [
            64,
            8,
            64,
            7,
            64,
            0,
            64,
            0,
            64,
            0,
            64,
            0,
            64,
            0,
            64,
            0,
            64,
            0,
            64,
            0
        ],
        "margin_top": [
            36,
            0,
            36,
            0,
            36,
            0,
            36,
            0,
            36,
            0,
            36,
            0,
            36,
            0,
            36,
            0,
            36,
            0,
            36,
            1
        ],
        "margin_bottom": [
            36,
            3,
            36,
            0,
            36,
            0,
            36,
            0,
            36,
            0,
            36,
            0,
            36,
            0,
            36,
            0,
            36,
            0,
            36,
            4
        ],
        "background_color": [
            128.0,
            0.5019607843137255,
            128.0,
            5.52156862745098,
            128.0,
            161.12941176470588,
            128.0,
            219.35686274509803,
            128.0,
            255.49803921568628,
            128.0,
            83.82745098039216,
            128.0,
            139.04313725490195,
            128.0,
            67.76470588235294,
            128.0,
            175.1843137254902,
            128.0,
            255.49803921568628
        ],
        "background_proportion": [
            0.9960937500000036,
            0.4462822808159722,
            0.941420335036061,
            0.06819322374131945,
            0.8903884887695344,
            0.009511311848958369,
            0.9960937500000036,
            0.023345947265625083,
            0.9399716059366896,
            0.3897908528645847,
            0.93912760416667,
            0.02769809299045149,
            0.9214997902894664,
            0.02144368489583341,
            0.9058045504385996,
            0.02668931749131954,
            0.9960937500000036,
            0.011240641276041706,
            0.9018225418893946,
            0.5084228515625018
        ],
        "is_uniform": [
            true,
            false,
            true,
            false,
            true,
            false,
            true,
            false,
            true,
            false,
            true,
            false,
            true,
            false,
            true,
            false,
            true,
            false,
            true,
            false
        ],
        "bad_properties": [
            false,
            false,
            false,
            false,
            false,
            false,
            false,
            false,
            false,
            false,
            false,
            false,
            false,
            false,
            false,
            false,
            false,
            false,
            false,
            false
        ]
    }
}