{
    "recording": "dynamic29755-2-8-Video-9b4f6a1a067fe51e15306b9628efea20",
    "trial": "276",
    "trial_type": "final_test_bonus",
    "first_label": "PinkNoise",
    "label": "PinkNoise",
    "ID": null,
    "sampling_freq": 30,
    "valid_frames": 324,
    "peaks": [
        26,
        53,
        80,
        108,
        134,
        161,
        188,
        215,
        242,
        269,
        296
    ],
    "n_peaks": 11,
    "segments_n_peaks": 12,
    "segments_bad_n": 0,
    "segments_avg_duration": 27.0,
    "segments": {
        "frame_start": [
            0,
            27,
            54,
            81,
            109,
            135,
            162,
            189,
            216,
            243,
            270,
            297
        ],
        "frame_end": [
            27,
            54,
            81,
            109,
            135,
            162,
            189,
            216,
            243,
            270,
            297,
            324
        ],
        "duration": [
            27,
            27,
            27,
            28,
            26,
            27,
            27,
            27,
            27,
            27,
            27,
            27
        ],
        "transition_start": [
            0,
            0,
            0,
            0,
            0,
            0,
            0,
            0,
            0,
            0,
            0,
            0
        ],
        "transition_end": [
            0,
            0,
            0,
            0,
            0,
            0,
            0,
            0,
            0,
            0,
            0,
            0
        ],
        "max_change": [
            458.5061209140051,
            455.7764620476963,
            441.13046447874683,
            442.0171072315752,
            452.05659706360933,
            422.12199368144206,
            419.591125042635,
            424.07960574615436,
            408.9486565276172,
            419.09963414547946,
            418.15675997005025,
            393.44099472246194
        ],
        "is_static": [
            false,
            false,
            false,
            false,
            false,
            false,
            false,
            false,
            false,
            false,
            false,
            false
        ],
        "intensity_range": [
            254.9844610243145,
            254.11909457759236,
            254.82935997412577,
            254.80851944967873,
            253.33991905298433,
            253.83827355791854,
            254.15203120105195,
            254.28280753490424,
            254.70176579977345,
            252.26034546657118,
            253.78157140578077,
            254.92137751031706
        ],
        "margin_left": [
            0,
            0,
            0,
            0,
            0,
            0,
            0,
            0,
            0,
            0,
            0,
            0
        ],
        "margin_right": [
            0,
            0,
            0,
            0,
            0,
            0,
            0,
            0,
            0,
            0,
            0,
            0
        ],
        "margin_top": [
            0,
            0,
            0,
            0,
            0,
            0,
            0,
            0,
            0,
            0,
            0,
            0
        ],
        "margin_bottom": [
            0,
            0,
            0,
            0,
            0,
            0,
            0,
            0,
            0,
            0,
            0,
            0
        ],
        "background_color": [
            132.0156862745098,
            123.9843137254902,
            132.0156862745098,
            134.0235294117647,
            134.0235294117647,
            118.96470588235294,
            131.01176470588234,
            128.0,
            114.94901960784313,
            129.00392156862745,
            126.99607843137255,
            119.96862745098039
        ],
        "background_proportion": [
            0.010103767300829512,
            0.009879594967689078,
            0.009767508801118862,
            0.009310586111886194,
            0.00997690054086542,
            0.010183828848379666,
            0.010568124276620409,
            0.010712235062210687,
            0.01015180422935946,
            0.010552111967110377,
            0.01045603811005019,
            0.010375976562500036
        ],
        "is_uniform": [
            false,
            false,
            false,
            false,
            false,
            false,
            false,
            false,
            false,
            false,
            false,
            false
        ],
        "bad_properties": [
            false,
            false,
            false,
            false,
            false,
            false,
            false,
            false,
            false,
            false,
            false,
            false
        ]
    }
}