{
    "recording": "dynamic29755-2-8-Video-9b4f6a1a067fe51e15306b9628efea20",
    "trial": "283",
    "trial_type": "final_test_bonus",
    "first_label": "Gabor",
    "label": "Gabor",
    "ID": null,
    "sampling_freq": 30,
    "valid_frames": 300,
    "peaks": [
        24,
        49,
        74,
        99,
        124,
        149,
        174,
        199,
        224,
        249,
        274
    ],
    "n_peaks": 11,
    "segments_n_peaks": 12,
    "segments_bad_n": 0,
    "segments_avg_duration": 25.0,
    "segments": {
        "frame_start": [
            0,
            25,
            50,
            75,
            100,
            125,
            150,
            175,
            200,
            225,
            250,
            275
        ],
        "frame_end": [
            25,
            50,
            75,
            100,
            125,
            150,
            175,
            200,
            225,
            250,
            275,
            300
        ],
        "duration": [
            25,
            25,
            25,
            25,
            25,
            25,
            25,
            25,
            25,
            25,
            25,
            25
        ],
        "transition_start": [
            0,
            0,
            0,
            0,
            0,
            0,
            0,
            0,
            0,
            0,
            0,
            0
        ],
        "transition_end": [
            0,
            0,
            0,
            0,
            0,
            0,
            0,
            0,
            0,
            0,
            0,
            0
        ],
        "max_change": [
            2.5244990550119955,
            224.056436745804,
            9.429917072558027,
            4.964252478508012,
            28.686374473374947,
            36.567837584743984,
            28.65941001986812,
            28.399985268266793,
            23.169357752097135,
            97.65247937860552,
            97.28560582756576,
            36.26209243911209
        ],
        "is_static": [
            true,
            false,
            true,
            true,
            true,
            true,
            true,
            true,
            true,
            false,
            false,
            true
        ],
        "intensity_range": [
            219.7756828305691,
            181.24041788963157,
            217.50522699290502,
            219.20442234592025,
            190.2810754310819,
            215.37260128470547,
            190.46277559126963,
            189.15768847043762,
            223.23127037667928,
            179.84019698957374,
            182.8050998353116,
            219.3529264721074
        ],
        "margin_left": [
            23,
            23,
            22,
            22,
            23,
            22,
            23,
            23,
            22,
            23,
            23,
            22
        ],
        "margin_right": [
            23,
            23,
            22,
            22,
            22,
            22,
            22,
            23,
            22,
            23,
            23,
            22
        ],
        "margin_top": [
            8,
            9,
            8,
            9,
            9,
            8,
            9,
            9,
            8,
            9,
            9,
            8
        ],
        "margin_bottom": [
            8,
            9,
            8,
            9,
            8,
            8,
            8,
            9,
            8,
            9,
            9,
            8
        ],
        "background_color": [
            128.0,
            128.0,
            128.0,
            128.0,
            128.0,
            128.0,
            128.0,
            128.0,
            128.0,
            128.0,
            128.0,
            128.0
        ],
        "background_proportion": [
            0.6410105387369814,
            0.6480834960937523,
            0.6421173095703148,
            0.6427744547526064,
            0.6465962727864606,
            0.6397481282552107,
            0.6463887532552106,
            0.6479278564453148,
            0.6387451171875023,
            0.6471150716145856,
            0.6493977864583356,
            0.643656412760419
        ],
        "is_uniform": [
            false,
            false,
            false,
            false,
            false,
            false,
            false,
            false,
            false,
            false,
            false,
            false
        ],
        "bad_properties": [
            false,
            false,
            false,
            false,
            false,
            false,
            false,
            false,
            false,
            false,
            false,
            false
        ]
    }
}