{
    "recording": "dynamic29755-2-8-Video-9b4f6a1a067fe51e15306b9628efea20",
    "trial": "285",
    "trial_type": "train",
    "first_label": "NaturalVideo",
    "label": "NaturalVideo",
    "ID": null,
    "sampling_freq": 30,
    "valid_frames": 300,
    "peaks": [
        62,
        232
    ],
    "n_peaks": 2,
    "segments_n_peaks": 3,
    "segments_bad_n": 0,
    "segments_avg_duration": 100.0,
    "segments": {
        "frame_start": [
            0,
            63,
            233
        ],
        "frame_end": [
            63,
            233,
            300
        ],
        "duration": [
            63,
            170,
            67
        ],
        "transition_start": [
            0,
            0,
            0
        ],
        "transition_end": [
            0,
            0,
            0
        ],
        "max_change": [
            430.68103235788226,
            89.66646331026783,
            750.8243777588976
        ],
        "is_static": [
            false,
            false,
            false
        ],
        "intensity_range": [
            226.55756458069877,
            210.625,
            221.53501128877843
        ],
        "margin_left": [
            0,
            0,
            0
        ],
        "margin_right": [
            0,
            0,
            0
        ],
        "margin_top": [
            0,
            0,
            0
        ],
        "margin_bottom": [
            0,
            0,
            0
        ],
        "background_color": [
            1.5058823529411764,
            2.5098039215686274,
            0.5019607843137255
        ],
        "background_proportion": [
            0.07361316176318618,
            0.13651275634765625,
            0.20702912439754353
        ],
        "is_uniform": [
            false,
            false,
            false
        ],
        "bad_properties": [
            false,
            false,
            false
        ]
    }
}