{
    "recording": "dynamic29755-2-8-Video-9b4f6a1a067fe51e15306b9628efea20",
    "trial": "335",
    "trial_type": "final_test_bonus",
    "first_label": "Gabor",
    "label": "Gabor",
    "ID": null,
    "sampling_freq": 30,
    "valid_frames": 300,
    "peaks": [
        24,
        49,
        74,
        99,
        124,
        149,
        174,
        199,
        224,
        249,
        274
    ],
    "n_peaks": 11,
    "segments_n_peaks": 12,
    "segments_bad_n": 0,
    "segments_avg_duration": 25.0,
    "segments": {
        "frame_start": [
            0,
            25,
            50,
            75,
            100,
            125,
            150,
            175,
            200,
            225,
            250,
            275
        ],
        "frame_end": [
            25,
            50,
            75,
            100,
            125,
            150,
            175,
            200,
            225,
            250,
            275,
            300
        ],
        "duration": [
            25,
            25,
            25,
            25,
            25,
            25,
            25,
            25,
            25,
            25,
            25,
            25
        ],
        "transition_start": [
            0,
            0,
            0,
            0,
            0,
            0,
            0,
            0,
            0,
            0,
            0,
            0
        ],
        "transition_end": [
            0,
            0,
            0,
            0,
            0,
            0,
            0,
            0,
            0,
            0,
            0,
            0
        ],
        "max_change": [
            82.27071451096815,
            37.16797414371123,
            22.373006354311073,
            10.351742601576692,
            23.152785046346917,
            78.6286751194169,
            187.6873612403178,
            19.34355771493505,
            29.53509079591356,
            35.26330649592868,
            40.312278395566395,
            75.84188899175547
        ],
        "is_static": [
            false,
            true,
            true,
            true,
            true,
            false,
            false,
            true,
            true,
            true,
            true,
            false
        ],
        "intensity_range": [
            217.59623808798327,
            216.88815504618682,
            223.9441309732778,
            217.27591344379073,
            223.00033202186293,
            212.33582725026727,
            169.91941366176474,
            223.280958761768,
            223.23161458845692,
            221.7739487845422,
            221.5514146668603,
            204.2289901381266
        ],
        "margin_left": [
            22,
            22,
            22,
            22,
            22,
            22,
            23,
            22,
            22,
            22,
            22,
            22
        ],
        "margin_right": [
            22,
            22,
            22,
            22,
            22,
            22,
            23,
            22,
            22,
            22,
            22,
            22
        ],
        "margin_top": [
            8,
            8,
            8,
            8,
            8,
            8,
            9,
            8,
            8,
            8,
            8,
            8
        ],
        "margin_bottom": [
            8,
            8,
            8,
            8,
            8,
            8,
            9,
            8,
            8,
            8,
            8,
            8
        ],
        "background_color": [
            128.0,
            128.0,
            128.0,
            128.0,
            128.0,
            128.0,
            128.0,
            128.0,
            128.0,
            128.0,
            128.0,
            128.0
        ],
        "background_proportion": [
            0.6427917480468772,
            0.6418579101562523,
            0.6410105387369814,
            0.642618815104169,
            0.6408376057942731,
            0.6423248291015647,
            0.6494496663411481,
            0.6383992513020856,
            0.6388488769531273,
            0.6422902425130231,
            0.6423767089843773,
            0.641373697916669
        ],
        "is_uniform": [
            false,
            false,
            false,
            false,
            false,
            false,
            false,
            false,
            false,
            false,
            false,
            false
        ],
        "bad_properties": [
            false,
            false,
            false,
            false,
            false,
            false,
            false,
            false,
            false,
            false,
            false,
            false
        ]
    }
}