{
    "recording": "dynamic29755-2-8-Video-9b4f6a1a067fe51e15306b9628efea20",
    "trial": "351",
    "trial_type": "final_test_bonus",
    "first_label": "PinkNoise",
    "label": "PinkNoise",
    "ID": null,
    "sampling_freq": 30,
    "valid_frames": 324,
    "peaks": [
        26,
        53,
        80,
        107,
        134,
        161,
        188,
        215,
        242,
        269,
        296
    ],
    "n_peaks": 11,
    "segments_n_peaks": 12,
    "segments_bad_n": 0,
    "segments_avg_duration": 27.0,
    "segments": {
        "frame_start": [
            0,
            27,
            54,
            81,
            108,
            135,
            162,
            189,
            216,
            243,
            270,
            297
        ],
        "frame_end": [
            27,
            54,
            81,
            108,
            135,
            162,
            189,
            216,
            243,
            270,
            297,
            324
        ],
        "duration": [
            27,
            27,
            27,
            27,
            27,
            27,
            27,
            27,
            27,
            27,
            27,
            27
        ],
        "transition_start": [
            0,
            0,
            0,
            0,
            0,
            0,
            0,
            0,
            0,
            0,
            0,
            0
        ],
        "transition_end": [
            0,
            0,
            0,
            0,
            0,
            0,
            0,
            0,
            0,
            0,
            0,
            0
        ],
        "max_change": [
            522.6933477369515,
            456.92720850486796,
            387.42784411162603,
            447.80604347215774,
            469.1411085631211,
            408.5294364692264,
            412.47277734528717,
            383.971048713199,
            415.955050503365,
            376.907586223552,
            402.8292391046173,
            372.8267904618333
        ],
        "is_static": [
            false,
            false,
            false,
            false,
            false,
            false,
            false,
            false,
            false,
            false,
            false,
            false
        ],
        "intensity_range": [
            255.00000000000003,
            254.90573584291172,
            253.87848915355352,
            254.98416624510614,
            254.2598995008268,
            254.65494181553493,
            253.82841741711664,
            253.13294502989072,
            254.9156202474354,
            253.09725047621947,
            254.91892856938736,
            254.53220634630327
        ],
        "margin_left": [
            0,
            0,
            0,
            0,
            0,
            0,
            0,
            0,
            0,
            0,
            0,
            0
        ],
        "margin_right": [
            0,
            0,
            0,
            0,
            0,
            0,
            0,
            0,
            0,
            0,
            0,
            0
        ],
        "margin_top": [
            0,
            0,
            0,
            0,
            0,
            0,
            0,
            0,
            0,
            0,
            0,
            0
        ],
        "margin_bottom": [
            0,
            0,
            0,
            0,
            0,
            0,
            0,
            0,
            0,
            0,
            0,
            0
        ],
        "background_color": [
            135.02745098039216,
            118.96470588235294,
            130.0078431372549,
            125.9921568627451,
            131.01176470588234,
            126.99607843137255,
            131.01176470588234,
            133.01960784313724,
            130.0078431372549,
            130.0078431372549,
            125.9921568627451,
            132.0156862745098
        ],
        "background_proportion": [
            0.010039718062789388,
            0.00920707796826778,
            0.01026389039592982,
            0.00989560727719897,
            0.010151804229359605,
            0.010311927324459912,
            0.010632173514660533,
            0.010279902705439561,
            0.010231865776909758,
            0.01076027199074078,
            0.01063217351466038,
            0.010391988872010068
        ],
        "is_uniform": [
            false,
            false,
            false,
            false,
            false,
            false,
            false,
            false,
            false,
            false,
            false,
            false
        ],
        "bad_properties": [
            false,
            false,
            false,
            false,
            false,
            false,
            false,
            false,
            false,
            false,
            false,
            false
        ]
    }
}