{
    "recording": "dynamic29755-2-8-Video-9b4f6a1a067fe51e15306b9628efea20",
    "trial": "396",
    "trial_type": "live_test_main",
    "first_label": "NaturalVideo",
    "label": "NaturalVideo",
    "ID": null,
    "sampling_freq": 30,
    "valid_frames": 300,
    "peaks": [
        98,
        194,
        233,
        278
    ],
    "n_peaks": 4,
    "segments_n_peaks": 5,
    "segments_bad_n": 0,
    "segments_avg_duration": 60.0,
    "segments": {
        "frame_start": [
            0,
            99,
            195,
            234,
            279
        ],
        "frame_end": [
            99,
            195,
            234,
            279,
            300
        ],
        "duration": [
            99,
            96,
            39,
            45,
            21
        ],
        "transition_start": [
            0,
            0,
            3,
            0,
            0
        ],
        "transition_end": [
            0,
            0,
            1,
            0,
            0
        ],
        "max_change": [
            550.4576284204536,
            135.36632530129287,
            40.02147990417136,
            1383.2879831567254,
            1021.8033383226098
        ],
        "is_static": [
            false,
            false,
            true,
            false,
            false
        ],
        "intensity_range": [
            216.17153387767783,
            216.07039259872053,
            164.36004879965714,
            209.40306933863172,
            227.13897134973595
        ],
        "margin_left": [
            0,
            0,
            0,
            0,
            0
        ],
        "margin_right": [
            0,
            0,
            0,
            0,
            0
        ],
        "margin_top": [
            0,
            0,
            0,
            0,
            0
        ],
        "margin_bottom": [
            0,
            0,
            0,
            0,
            0
        ],
        "background_color": [
            152.09411764705882,
            138.0392156862745,
            118.96470588235294,
            16.56470588235294,
            23.5921568627451
        ],
        "background_proportion": [
            0.047259603686605804,
            0.01225392023722335,
            0.022765386672247107,
            0.05304237648292824,
            0.028554522801959324
        ],
        "is_uniform": [
            false,
            false,
            false,
            false,
            false
        ],
        "bad_properties": [
            false,
            false,
            false,
            false,
            false
        ]
    }
}