{
    "recording": "dynamic29755-2-8-Video-9b4f6a1a067fe51e15306b9628efea20",
    "trial": "433",
    "trial_type": "train",
    "first_label": "NaturalVideo",
    "label": "NaturalVideo",
    "ID": null,
    "sampling_freq": 30,
    "valid_frames": 300,
    "peaks": [
        64,
        137,
        181,
        269
    ],
    "n_peaks": 4,
    "segments_n_peaks": 5,
    "segments_bad_n": 0,
    "segments_avg_duration": 60.0,
    "segments": {
        "frame_start": [
            0,
            65,
            138,
            182,
            270
        ],
        "frame_end": [
            65,
            138,
            182,
            270,
            300
        ],
        "duration": [
            65,
            73,
            44,
            88,
            30
        ],
        "transition_start": [
            0,
            0,
            1,
            1,
            0
        ],
        "transition_end": [
            0,
            0,
            0,
            0,
            0
        ],
        "max_change": [
            6.573603606945698,
            18.078157470690552,
            7.122069673972678,
            22.43279187491186,
            40.565236122307304
        ],
        "is_static": [
            true,
            true,
            true,
            true,
            true
        ],
        "intensity_range": [
            206.52003452654589,
            252.92261232844416,
            201.40022024425954,
            136.3125,
            91.05348684351534
        ],
        "margin_left": [
            0,
            0,
            0,
            0,
            2
        ],
        "margin_right": [
            0,
            0,
            0,
            0,
            0
        ],
        "margin_top": [
            0,
            0,
            0,
            0,
            0
        ],
        "margin_bottom": [
            0,
            0,
            0,
            0,
            1
        ],
        "background_color": [
            64.75294117647059,
            2.5098039215686274,
            5.52156862745098,
            23.5921568627451,
            9.537254901960784
        ],
        "background_proportion": [
            0.017439622145432754,
            0.036848930463398974,
            0.041473743527434596,
            0.03315045002319804,
            0.04153272840711805
        ],
        "is_uniform": [
            false,
            false,
            false,
            false,
            false
        ],
        "bad_properties": [
            false,
            false,
            false,
            false,
            false
        ]
    }
}