{
    "recording": "dynamic29755-2-8-Video-9b4f6a1a067fe51e15306b9628efea20",
    "trial": "439",
    "trial_type": "train",
    "first_label": "Gabor",
    "label": "Gabor",
    "ID": null,
    "sampling_freq": 30,
    "valid_frames": 300,
    "peaks": [
        24,
        49,
        74,
        99,
        124,
        149,
        174,
        199,
        224,
        249,
        274
    ],
    "n_peaks": 11,
    "segments_n_peaks": 12,
    "segments_bad_n": 0,
    "segments_avg_duration": 25.0,
    "segments": {
        "frame_start": [
            0,
            25,
            50,
            75,
            100,
            125,
            150,
            175,
            200,
            225,
            250,
            275
        ],
        "frame_end": [
            25,
            50,
            75,
            100,
            125,
            150,
            175,
            200,
            225,
            250,
            275,
            300
        ],
        "duration": [
            25,
            25,
            25,
            25,
            25,
            25,
            25,
            25,
            25,
            25,
            25,
            25
        ],
        "transition_start": [
            0,
            0,
            0,
            0,
            0,
            0,
            0,
            0,
            0,
            0,
            0,
            0
        ],
        "transition_end": [
            0,
            0,
            0,
            0,
            0,
            0,
            0,
            0,
            0,
            0,
            0,
            0
        ],
        "max_change": [
            22.48600358340489,
            109.70745843521215,
            28.902897683017176,
            105.51877128763003,
            6.5594219572708905,
            78.59610402920927,
            17.359804589068816,
            77.47696700201287,
            176.46815621621644,
            28.06482994315924,
            76.13204122332942,
            49.53735671552719
        ],
        "is_static": [
            true,
            false,
            true,
            false,
            true,
            false,
            true,
            false,
            false,
            true,
            false,
            true
        ],
        "intensity_range": [
            224.41719252154226,
            190.49213753499598,
            191.2119120111094,
            186.6817951550637,
            219.65686035118733,
            211.4836638680237,
            216.45538217996116,
            210.35459097432573,
            177.4536736997978,
            223.01133168928172,
            207.93541929320918,
            213.55842529148578
        ],
        "margin_left": [
            22,
            23,
            23,
            23,
            22,
            22,
            22,
            22,
            23,
            22,
            22,
            22
        ],
        "margin_right": [
            22,
            22,
            22,
            23,
            22,
            22,
            22,
            22,
            23,
            22,
            22,
            22
        ],
        "margin_top": [
            8,
            9,
            9,
            9,
            10,
            8,
            8,
            8,
            9,
            8,
            8,
            8
        ],
        "margin_bottom": [
            8,
            8,
            8,
            9,
            9,
            8,
            8,
            8,
            9,
            8,
            8,
            8
        ],
        "background_color": [
            128.0,
            128.0,
            128.0,
            128.0,
            128.0,
            128.0,
            128.0,
            128.0,
            128.0,
            128.0,
            128.0,
            128.0
        ],
        "background_proportion": [
            0.6403533935546898,
            0.6463541666666689,
            0.6456451416015647,
            0.6464233398437522,
            0.6414082845052106,
            0.6416330973307315,
            0.6428263346354189,
            0.6408203125000023,
            0.6508331298828147,
            0.6380533854166689,
            0.6422037760416689,
            0.6451609293619814
        ],
        "is_uniform": [
            false,
            false,
            false,
            false,
            false,
            false,
            false,
            false,
            false,
            false,
            false,
            false
        ],
        "bad_properties": [
            false,
            false,
            false,
            false,
            false,
            false,
            false,
            false,
            false,
            false,
            false,
            false
        ]
    }
}