{
    "recording": "dynamic29755-2-8-Video-9b4f6a1a067fe51e15306b9628efea20",
    "trial": "447",
    "trial_type": "train",
    "first_label": "NaturalVideo",
    "label": "NaturalVideo",
    "ID": null,
    "sampling_freq": 30,
    "valid_frames": 300,
    "peaks": [
        211
    ],
    "n_peaks": 1,
    "segments_n_peaks": 2,
    "segments_bad_n": 0,
    "segments_avg_duration": 150.0,
    "segments": {
        "frame_start": [
            0,
            212
        ],
        "frame_end": [
            212,
            300
        ],
        "duration": [
            212,
            88
        ],
        "transition_start": [
            0,
            1
        ],
        "transition_end": [
            0,
            0
        ],
        "max_change": [
            13.53467319226769,
            29.809043000809044
        ],
        "is_static": [
            true,
            true
        ],
        "intensity_range": [
            177.33647482476664,
            167.08757132939417
        ],
        "margin_left": [
            0,
            0
        ],
        "margin_right": [
            0,
            0
        ],
        "margin_top": [
            0,
            0
        ],
        "margin_bottom": [
            0,
            0
        ],
        "background_color": [
            32.627450980392155,
            1.5058823529411764
        ],
        "background_proportion": [
            0.028464599225506194,
            0.052590498065583094
        ],
        "is_uniform": [
            false,
            false
        ],
        "bad_properties": [
            false,
            false
        ]
    }
}