{
    "recording": "dynamic29755-2-8-Video-9b4f6a1a067fe51e15306b9628efea20",
    "trial": "448",
    "trial_type": "final_test_bonus",
    "first_label": "PinkNoise",
    "label": "PinkNoise",
    "ID": null,
    "sampling_freq": 30,
    "valid_frames": 324,
    "peaks": [
        26,
        53,
        80,
        107,
        134,
        162,
        188,
        215,
        243,
        269,
        296
    ],
    "n_peaks": 11,
    "segments_n_peaks": 12,
    "segments_bad_n": 0,
    "segments_avg_duration": 27.0,
    "segments": {
        "frame_start": [
            0,
            27,
            54,
            81,
            108,
            135,
            163,
            189,
            216,
            244,
            270,
            297
        ],
        "frame_end": [
            27,
            54,
            81,
            108,
            135,
            163,
            189,
            216,
            244,
            270,
            297,
            324
        ],
        "duration": [
            27,
            27,
            27,
            27,
            27,
            28,
            26,
            27,
            28,
            26,
            27,
            27
        ],
        "transition_start": [
            0,
            0,
            0,
            0,
            0,
            0,
            0,
            0,
            0,
            0,
            0,
            0
        ],
        "transition_end": [
            0,
            0,
            0,
            0,
            0,
            0,
            0,
            0,
            0,
            0,
            0,
            0
        ],
        "max_change": [
            458.3147159561478,
            415.4006918240001,
            460.8212850850689,
            426.668134338428,
            433.5666399344458,
            419.9038541918894,
            385.66143295429134,
            376.12807623023104,
            403.52496021551883,
            396.3149466007995,
            411.83047574363303,
            487.6352067973676
        ],
        "is_static": [
            false,
            false,
            false,
            false,
            false,
            false,
            false,
            false,
            false,
            false,
            false,
            false
        ],
        "intensity_range": [
            254.94563674262767,
            254.92425114956538,
            254.8924285913345,
            254.02628525411717,
            254.04981991458544,
            254.5581751379258,
            254.0918036396281,
            253.7467154897335,
            253.78408634257835,
            254.64463512271575,
            253.57795703582732,
            253.05742954224496
        ],
        "margin_left": [
            0,
            0,
            0,
            0,
            0,
            0,
            0,
            0,
            0,
            0,
            0,
            0
        ],
        "margin_right": [
            0,
            0,
            0,
            0,
            0,
            0,
            0,
            0,
            0,
            0,
            0,
            0
        ],
        "margin_top": [
            0,
            0,
            0,
            0,
            0,
            0,
            0,
            0,
            0,
            0,
            0,
            0
        ],
        "margin_bottom": [
            0,
            0,
            0,
            0,
            0,
            0,
            0,
            0,
            0,
            0,
            0,
            0
        ],
        "background_color": [
            125.9921568627451,
            134.0235294117647,
            124.98823529411764,
            132.0156862745098,
            131.01176470588234,
            126.99607843137255,
            129.00392156862745,
            133.01960784313724,
            135.02745098039216,
            134.0235294117647,
            117.9607843137255,
            125.9921568627451
        ],
        "background_proportion": [
            0.010119779610339398,
            0.010375976562500036,
            0.00954333646797843,
            0.01044002580054016,
            0.0099436442057292,
            0.010345095679873548,
            0.010375976562500036,
            0.010167816538869346,
            0.011039915538969533,
            0.011074359600360616,
            0.010263890395929674,
            0.010103767300829368
        ],
        "is_uniform": [
            false,
            false,
            false,
            false,
            false,
            false,
            false,
            false,
            false,
            false,
            false,
            false
        ],
        "bad_properties": [
            false,
            false,
            false,
            false,
            false,
            false,
            false,
            false,
            false,
            false,
            false,
            false
        ]
    }
}