{
    "recording": "dynamic29755-2-8-Video-9b4f6a1a067fe51e15306b9628efea20",
    "trial": "45",
    "trial_type": "train",
    "first_label": "NaturalVideo",
    "label": "NaturalVideo",
    "ID": null,
    "sampling_freq": 30,
    "valid_frames": 300,
    "peaks": [
        137,
        248
    ],
    "n_peaks": 2,
    "segments_n_peaks": 3,
    "segments_bad_n": 0,
    "segments_avg_duration": 100.0,
    "segments": {
        "frame_start": [
            0,
            138,
            249
        ],
        "frame_end": [
            138,
            249,
            300
        ],
        "duration": [
            138,
            111,
            51
        ],
        "transition_start": [
            0,
            0,
            0
        ],
        "transition_end": [
            0,
            0,
            0
        ],
        "max_change": [
            18.52800042412389,
            75.52607269216138,
            130.97357239458242
        ],
        "is_static": [
            true,
            false,
            false
        ],
        "intensity_range": [
            112.52785858780095,
            140.5079930350641,
            140.75
        ],
        "margin_left": [
            0,
            0,
            0
        ],
        "margin_right": [
            0,
            0,
            0
        ],
        "margin_top": [
            0,
            0,
            0
        ],
        "margin_bottom": [
            0,
            0,
            0
        ],
        "background_color": [
            3.5137254901960784,
            4.517647058823529,
            4.517647058823529
        ],
        "background_proportion": [
            0.13347791588824728,
            0.026084052191840276,
            0.07792154947916667
        ],
        "is_uniform": [
            false,
            false,
            false
        ],
        "bad_properties": [
            false,
            false,
            false
        ]
    }
}