{
    "recording": "dynamic29755-2-8-Video-9b4f6a1a067fe51e15306b9628efea20",
    "trial": "513",
    "trial_type": "train",
    "first_label": "NaturalVideo",
    "label": "NaturalVideo",
    "ID": null,
    "sampling_freq": 30,
    "valid_frames": 300,
    "peaks": [
        48,
        142,
        237
    ],
    "n_peaks": 3,
    "segments_n_peaks": 4,
    "segments_bad_n": 0,
    "segments_avg_duration": 75.0,
    "segments": {
        "frame_start": [
            0,
            49,
            143,
            238
        ],
        "frame_end": [
            49,
            143,
            238,
            300
        ],
        "duration": [
            49,
            94,
            95,
            62
        ],
        "transition_start": [
            0,
            1,
            1,
            1
        ],
        "transition_end": [
            0,
            0,
            0,
            0
        ],
        "max_change": [
            11.514475759461444,
            38.15666820319671,
            7.144027193427103,
            32.60701441381272
        ],
        "is_static": [
            true,
            true,
            true,
            true
        ],
        "intensity_range": [
            134.88054382643264,
            167.66799723203184,
            193.8086494760598,
            213.97963749193264
        ],
        "margin_left": [
            0,
            0,
            0,
            0
        ],
        "margin_right": [
            0,
            0,
            0,
            0
        ],
        "margin_top": [
            0,
            0,
            0,
            0
        ],
        "margin_bottom": [
            0,
            0,
            0,
            0
        ],
        "background_color": [
            23.5921568627451,
            5.52156862745098,
            24.596078431372547,
            56.72156862745098
        ],
        "background_proportion": [
            0.017055070319143283,
            0.038556608247927865,
            0.02677701043744459,
            0.016811350004269185
        ],
        "is_uniform": [
            false,
            false,
            false,
            false
        ],
        "bad_properties": [
            false,
            false,
            false,
            false
        ]
    }
}