{
    "recording": "dynamic29755-2-8-Video-9b4f6a1a067fe51e15306b9628efea20",
    "trial": "530",
    "trial_type": "final_test_bonus",
    "first_label": "PinkNoise",
    "label": "PinkNoise",
    "ID": null,
    "sampling_freq": 30,
    "valid_frames": 324,
    "peaks": [
        26,
        53,
        107,
        134,
        161,
        188,
        215,
        242,
        269,
        296
    ],
    "n_peaks": 10,
    "segments_n_peaks": 11,
    "segments_bad_n": 0,
    "segments_avg_duration": 27.0,
    "segments": {
        "frame_start": [
            0,
            27,
            54,
            81,
            108,
            135,
            162,
            189,
            216,
            243,
            270,
            297
        ],
        "frame_end": [
            27,
            54,
            81,
            108,
            135,
            162,
            189,
            216,
            243,
            270,
            297,
            324
        ],
        "duration": [
            27,
            27,
            27,
            27,
            27,
            27,
            27,
            27,
            27,
            27,
            27,
            27
        ],
        "transition_start": [
            0,
            0,
            0,
            0,
            0,
            0,
            0,
            0,
            0,
            0,
            0,
            0
        ],
        "transition_end": [
            0,
            0,
            0,
            0,
            0,
            0,
            0,
            0,
            0,
            0,
            0,
            0
        ],
        "max_change": [
            486.3023276101871,
            431.3591764024008,
            423.64930041648313,
            374.45369756825033,
            387.76241616177333,
            434.4318373448232,
            412.9116394211334,
            428.9533981912083,
            434.9362381622416,
            369.8356506481354,
            403.07266344699957,
            439.6987811664355
        ],
        "is_static": [
            false,
            false,
            false,
            false,
            false,
            false,
            false,
            false,
            false,
            false,
            false,
            false
        ],
        "intensity_range": [
            254.33766060966406,
            254.26020506884012,
            254.89506662246706,
            253.98542410408842,
            253.97787783852363,
            254.9778581993579,
            253.24052281987568,
            254.869885089989,
            254.3907226372293,
            253.81085807628548,
            255.0,
            254.43628115507
        ],
        "margin_left": [
            0,
            0,
            0,
            0,
            0,
            0,
            0,
            0,
            0,
            0,
            0,
            0
        ],
        "margin_right": [
            0,
            0,
            0,
            0,
            0,
            0,
            0,
            0,
            0,
            0,
            0,
            0
        ],
        "margin_top": [
            0,
            0,
            0,
            0,
            0,
            0,
            0,
            0,
            0,
            0,
            0,
            0
        ],
        "margin_bottom": [
            0,
            0,
            0,
            0,
            0,
            0,
            0,
            0,
            0,
            0,
            0,
            0
        ],
        "background_color": [
            114.94901960784313,
            124.98823529411764,
            128.0,
            135.02745098039216,
            122.98039215686273,
            116.95686274509804,
            134.0235294117647,
            129.00392156862745,
            130.0078431372549,
            135.02745098039216,
            121.97647058823529,
            133.01960784313724
        ],
        "background_proportion": [
            0.01013579191984943,
            0.010023705753279356,
            0.009767508801118862,
            0.01060014889564047,
            0.010424013491029983,
            0.010135791919849573,
            0.01024787808641979,
            0.010616161205150501,
            0.009879594967689078,
            0.010536099657600346,
            0.010135791919849573,
            0.009527324158468128
        ],
        "is_uniform": [
            false,
            false,
            false,
            false,
            false,
            false,
            false,
            false,
            false,
            false,
            false,
            false
        ],
        "bad_properties": [
            false,
            false,
            false,
            false,
            false,
            false,
            false,
            false,
            false,
            false,
            false,
            false
        ]
    }
}