{
    "recording": "dynamic29755-2-8-Video-9b4f6a1a067fe51e15306b9628efea20",
    "trial": "534",
    "trial_type": "final_test_bonus",
    "first_label": "PinkNoise",
    "label": "PinkNoise",
    "ID": null,
    "sampling_freq": 30,
    "valid_frames": 324,
    "peaks": [
        26,
        53,
        80,
        108,
        134,
        161,
        188,
        215,
        242,
        269,
        296
    ],
    "n_peaks": 11,
    "segments_n_peaks": 12,
    "segments_bad_n": 0,
    "segments_avg_duration": 27.0,
    "segments": {
        "frame_start": [
            0,
            27,
            54,
            81,
            109,
            135,
            162,
            189,
            216,
            243,
            270,
            297
        ],
        "frame_end": [
            27,
            54,
            81,
            109,
            135,
            162,
            189,
            216,
            243,
            270,
            297,
            324
        ],
        "duration": [
            27,
            27,
            27,
            28,
            26,
            27,
            27,
            27,
            27,
            27,
            27,
            27
        ],
        "transition_start": [
            0,
            0,
            0,
            0,
            0,
            0,
            0,
            0,
            0,
            0,
            0,
            0
        ],
        "transition_end": [
            0,
            0,
            0,
            0,
            0,
            0,
            0,
            0,
            0,
            0,
            0,
            0
        ],
        "max_change": [
            458.45656411190276,
            455.68116396462636,
            441.015332290622,
            441.91338622197435,
            451.93663280586884,
            422.00084180636816,
            419.44327248533386,
            423.9645324876231,
            408.8164999411282,
            418.97829325130806,
            418.01973668881396,
            393.32498811279424
        ],
        "is_static": [
            false,
            false,
            false,
            false,
            false,
            false,
            false,
            false,
            false,
            false,
            false,
            false
        ],
        "intensity_range": [
            254.98446097595908,
            254.1174965582932,
            254.82910549538587,
            254.8075473552498,
            253.33651274395942,
            253.83403315670958,
            254.1506118407873,
            254.28321111254343,
            254.70184648702448,
            252.25595177117663,
            253.78104223794975,
            254.92103562969712
        ],
        "margin_left": [
            0,
            0,
            0,
            0,
            0,
            0,
            0,
            0,
            0,
            0,
            0,
            0
        ],
        "margin_right": [
            0,
            0,
            0,
            0,
            0,
            0,
            0,
            0,
            0,
            0,
            0,
            0
        ],
        "margin_top": [
            0,
            0,
            0,
            0,
            0,
            0,
            0,
            0,
            0,
            0,
            0,
            0
        ],
        "margin_bottom": [
            0,
            0,
            0,
            0,
            0,
            0,
            0,
            0,
            0,
            0,
            0,
            0
        ],
        "background_color": [
            132.0156862745098,
            123.9843137254902,
            132.0156862745098,
            134.0235294117647,
            134.0235294117647,
            118.96470588235294,
            131.01176470588234,
            128.0,
            114.94901960784313,
            129.00392156862745,
            126.99607843137255,
            119.96862745098039
        ],
        "background_proportion": [
            0.010119779610339543,
            0.00991161958670914,
            0.009815545729648954,
            0.009387788318452415,
            0.010026785043569748,
            0.010135791919849573,
            0.010648185824170563,
            0.01077628430025081,
            0.01015180422935946,
            0.010632173514660533,
            0.010359964252990005,
            0.01024787808641979
        ],
        "is_uniform": [
            false,
            false,
            false,
            false,
            false,
            false,
            false,
            false,
            false,
            false,
            false,
            false
        ],
        "bad_properties": [
            false,
            false,
            false,
            false,
            false,
            false,
            false,
            false,
            false,
            false,
            false,
            false
        ]
    }
}