{
    "recording": "dynamic29755-2-8-Video-9b4f6a1a067fe51e15306b9628efea20",
    "trial": "555",
    "trial_type": "train",
    "first_label": "NaturalVideo",
    "label": "NaturalVideo",
    "ID": null,
    "sampling_freq": 30,
    "valid_frames": 300,
    "peaks": [
        143,
        295
    ],
    "n_peaks": 2,
    "segments_n_peaks": 3,
    "segments_bad_n": 0,
    "segments_avg_duration": 100.0,
    "segments": {
        "frame_start": [
            0,
            144,
            296
        ],
        "frame_end": [
            144,
            296,
            300
        ],
        "duration": [
            144,
            152,
            4
        ],
        "transition_start": [
            0,
            0,
            0
        ],
        "transition_end": [
            0,
            0,
            0
        ],
        "max_change": [
            2463.7596820099907,
            1360.2766417302396,
            1080.2502858227065
        ],
        "is_static": [
            false,
            false,
            false
        ],
        "intensity_range": [
            245.50000000000003,
            249.06249999999997,
            234.0928832555737
        ],
        "margin_left": [
            0,
            0,
            0
        ],
        "margin_right": [
            0,
            0,
            0
        ],
        "margin_top": [
            0,
            0,
            0
        ],
        "margin_bottom": [
            0,
            0,
            0
        ],
        "background_color": [
            255.49803921568628,
            95.87450980392157,
            249.47450980392156
        ],
        "background_proportion": [
            0.02788843931975198,
            0.007557283368027029,
            0.016752878824869852
        ],
        "is_uniform": [
            false,
            false,
            false
        ],
        "bad_properties": [
            false,
            false,
            false
        ]
    }
}