{
    "recording": "dynamic29755-2-8-Video-9b4f6a1a067fe51e15306b9628efea20",
    "trial": "567",
    "trial_type": "final_test_bonus",
    "first_label": "Gabor",
    "label": "Gabor",
    "ID": null,
    "sampling_freq": 30,
    "valid_frames": 300,
    "peaks": [
        24,
        49,
        74,
        99,
        124,
        149,
        174,
        199,
        224,
        249,
        274
    ],
    "n_peaks": 11,
    "segments_n_peaks": 12,
    "segments_bad_n": 0,
    "segments_avg_duration": 25.0,
    "segments": {
        "frame_start": [
            0,
            25,
            50,
            75,
            100,
            125,
            150,
            175,
            200,
            225,
            250,
            275
        ],
        "frame_end": [
            25,
            50,
            75,
            100,
            125,
            150,
            175,
            200,
            225,
            250,
            275,
            300
        ],
        "duration": [
            25,
            25,
            25,
            25,
            25,
            25,
            25,
            25,
            25,
            25,
            25,
            25
        ],
        "transition_start": [
            0,
            0,
            0,
            0,
            0,
            0,
            0,
            0,
            0,
            0,
            0,
            0
        ],
        "transition_end": [
            0,
            0,
            0,
            0,
            0,
            0,
            0,
            0,
            0,
            0,
            0,
            0
        ],
        "max_change": [
            82.26657534465306,
            37.16287918414863,
            22.371485678442596,
            10.378989748491309,
            23.19998019112002,
            78.60829190624096,
            187.41739269898162,
            19.522603798571843,
            29.813219634471793,
            35.57346491750681,
            40.70369459631623,
            75.81376458987931
        ],
        "is_static": [
            false,
            true,
            true,
            true,
            true,
            false,
            false,
            true,
            true,
            true,
            true,
            false
        ],
        "intensity_range": [
            217.59306164725086,
            216.8837506114811,
            223.93830398357017,
            217.2723521654552,
            222.99666118465024,
            212.30198521793815,
            169.8716293755627,
            223.27612155350786,
            223.22296105371464,
            221.75818837393348,
            221.53361941902966,
            204.13011748511
        ],
        "margin_left": [
            22,
            22,
            22,
            22,
            22,
            22,
            23,
            22,
            22,
            22,
            22,
            22
        ],
        "margin_right": [
            22,
            22,
            22,
            22,
            22,
            22,
            23,
            22,
            22,
            22,
            22,
            22
        ],
        "margin_top": [
            8,
            8,
            8,
            8,
            8,
            8,
            9,
            8,
            8,
            8,
            8,
            8
        ],
        "margin_bottom": [
            8,
            8,
            8,
            8,
            8,
            8,
            9,
            8,
            8,
            8,
            8,
            8
        ],
        "background_color": [
            128.0,
            128.0,
            128.0,
            128.0,
            128.0,
            128.0,
            128.0,
            128.0,
            128.0,
            128.0,
            128.0,
            128.0
        ],
        "background_proportion": [
            0.6427917480468772,
            0.6418233235677107,
            0.6410278320312522,
            0.6426361083984398,
            0.640854899088544,
            0.6423940022786481,
            0.6494150797526065,
            0.6383473714192731,
            0.6388315836588564,
            0.6423248291015647,
            0.6423421223958357,
            0.641373697916669
        ],
        "is_uniform": [
            false,
            false,
            false,
            false,
            false,
            false,
            false,
            false,
            false,
            false,
            false,
            false
        ],
        "bad_properties": [
            false,
            false,
            false,
            false,
            false,
            false,
            false,
            false,
            false,
            false,
            false,
            false
        ]
    }
}