{
    "recording": "dynamic29755-2-8-Video-9b4f6a1a067fe51e15306b9628efea20",
    "trial": "588",
    "trial_type": "train",
    "first_label": "PinkNoise",
    "label": "PinkNoise",
    "ID": null,
    "sampling_freq": 30,
    "valid_frames": 324,
    "peaks": [
        26,
        53,
        107,
        134,
        161,
        188,
        215,
        242,
        269,
        296
    ],
    "n_peaks": 10,
    "segments_n_peaks": 11,
    "segments_bad_n": 0,
    "segments_avg_duration": 27.0,
    "segments": {
        "frame_start": [
            0,
            27,
            54,
            81,
            108,
            135,
            162,
            189,
            216,
            243,
            270,
            297
        ],
        "frame_end": [
            27,
            54,
            81,
            108,
            135,
            162,
            189,
            216,
            243,
            270,
            297,
            324
        ],
        "duration": [
            27,
            27,
            27,
            27,
            27,
            27,
            27,
            27,
            27,
            27,
            27,
            27
        ],
        "transition_start": [
            0,
            0,
            0,
            0,
            0,
            0,
            0,
            0,
            0,
            0,
            0,
            0
        ],
        "transition_end": [
            0,
            0,
            0,
            0,
            0,
            0,
            0,
            0,
            0,
            0,
            0,
            0
        ],
        "max_change": [
            486.2884297835137,
            431.34870736315486,
            423.65805202822753,
            374.4168779746195,
            387.6822623165253,
            434.36339175337184,
            412.86680906762257,
            428.91264887265595,
            434.8897220793892,
            369.8036262637797,
            403.5072974387944,
            439.6388944570212
        ],
        "is_static": [
            false,
            false,
            false,
            false,
            false,
            false,
            false,
            false,
            false,
            false,
            false,
            false
        ],
        "intensity_range": [
            254.3376331853835,
            254.259426059407,
            254.89497343398847,
            253.98456011025027,
            253.97740197874987,
            254.97782492083766,
            253.23944966229533,
            254.86977011576045,
            254.39059705690747,
            253.80913251280512,
            255.0,
            254.43591079138622
        ],
        "margin_left": [
            0,
            0,
            0,
            0,
            0,
            0,
            0,
            0,
            0,
            0,
            0,
            0
        ],
        "margin_right": [
            0,
            0,
            0,
            0,
            0,
            0,
            0,
            0,
            0,
            0,
            0,
            0
        ],
        "margin_top": [
            0,
            0,
            0,
            0,
            0,
            0,
            0,
            0,
            0,
            0,
            0,
            0
        ],
        "margin_bottom": [
            0,
            0,
            0,
            0,
            0,
            0,
            0,
            0,
            0,
            0,
            0,
            0
        ],
        "background_color": [
            114.94901960784313,
            124.98823529411764,
            119.96862745098039,
            135.02745098039216,
            122.98039215686273,
            116.95686274509804,
            134.0235294117647,
            129.00392156862745,
            130.0078431372549,
            135.02745098039216,
            129.00392156862745,
            133.01960784313724
        ],
        "background_proportion": [
            0.01016781653886949,
            0.010023705753279356,
            0.0097354841820988,
            0.01060014889564047,
            0.010408001181519952,
            0.010167816538869636,
            0.010231865776909758,
            0.010616161205150501,
            0.009799533420138923,
            0.010536099657600346,
            0.010135791919849573,
            0.009463274920428007
        ],
        "is_uniform": [
            false,
            false,
            false,
            false,
            false,
            false,
            false,
            false,
            false,
            false,
            false,
            false
        ],
        "bad_properties": [
            false,
            false,
            false,
            false,
            false,
            false,
            false,
            false,
            false,
            false,
            false,
            false
        ]
    }
}