{
    "recording": "dynamic29755-2-8-Video-9b4f6a1a067fe51e15306b9628efea20",
    "trial": "610",
    "trial_type": "live_test_main",
    "first_label": "NaturalVideo",
    "label": "NaturalVideo",
    "ID": null,
    "sampling_freq": 30,
    "valid_frames": 300,
    "peaks": [
        26,
        71,
        116,
        172,
        282
    ],
    "n_peaks": 5,
    "segments_n_peaks": 6,
    "segments_bad_n": 0,
    "segments_avg_duration": 50.0,
    "segments": {
        "frame_start": [
            0,
            27,
            72,
            117,
            173,
            283
        ],
        "frame_end": [
            27,
            72,
            117,
            173,
            283,
            300
        ],
        "duration": [
            27,
            45,
            45,
            56,
            110,
            17
        ],
        "transition_start": [
            0,
            0,
            0,
            0,
            1,
            1
        ],
        "transition_end": [
            0,
            0,
            0,
            0,
            0,
            0
        ],
        "max_change": [
            820.9266711042065,
            1156.9273586979011,
            14.724445961379145,
            111.64498463245559,
            6.932945447450799,
            0.7056301508664282
        ],
        "is_static": [
            false,
            false,
            true,
            false,
            true,
            true
        ],
        "intensity_range": [
            224.52795963009532,
            236.1623611892762,
            142.70486083118269,
            232.5354986562471,
            253.02561906684207,
            104.06585254106503
        ],
        "margin_left": [
            0,
            0,
            1,
            0,
            0,
            0
        ],
        "margin_right": [
            0,
            0,
            0,
            0,
            0,
            0
        ],
        "margin_top": [
            0,
            0,
            0,
            0,
            0,
            0
        ],
        "margin_bottom": [
            0,
            0,
            0,
            0,
            0,
            0
        ],
        "background_color": [
            4.517647058823529,
            4.517647058823529,
            4.517647058823529,
            5.52156862745098,
            5.52156862745098,
            109.92941176470589
        ],
        "background_proportion": [
            0.10720241216965663,
            0.1007046169704861,
            0.05863387496383102,
            0.07063229878743489,
            0.0800568466886468,
            0.02842585245768199
        ],
        "is_uniform": [
            false,
            false,
            false,
            false,
            false,
            false
        ],
        "bad_properties": [
            false,
            false,
            false,
            false,
            false,
            false
        ]
    }
}