{
    "recording": "dynamic29755-2-8-Video-9b4f6a1a067fe51e15306b9628efea20",
    "trial": "635",
    "trial_type": "final_test_bonus",
    "first_label": "PinkNoise",
    "label": "PinkNoise",
    "ID": null,
    "sampling_freq": 30,
    "valid_frames": 324,
    "peaks": [
        26,
        53,
        80,
        108,
        134,
        161,
        188,
        215,
        242,
        269,
        296
    ],
    "n_peaks": 11,
    "segments_n_peaks": 12,
    "segments_bad_n": 0,
    "segments_avg_duration": 27.0,
    "segments": {
        "frame_start": [
            0,
            27,
            54,
            81,
            109,
            135,
            162,
            189,
            216,
            243,
            270,
            297
        ],
        "frame_end": [
            27,
            54,
            81,
            109,
            135,
            162,
            189,
            216,
            243,
            270,
            297,
            324
        ],
        "duration": [
            27,
            27,
            27,
            28,
            26,
            27,
            27,
            27,
            27,
            27,
            27,
            27
        ],
        "transition_start": [
            0,
            0,
            0,
            0,
            0,
            0,
            0,
            0,
            0,
            0,
            0,
            0
        ],
        "transition_end": [
            0,
            0,
            0,
            0,
            0,
            0,
            0,
            0,
            0,
            0,
            0,
            0
        ],
        "max_change": [
            458.4582513290995,
            455.72811672582037,
            441.0661188685512,
            441.9374199047263,
            451.93813838873274,
            421.9773754805065,
            419.4501008135342,
            423.98307025539714,
            408.8273153606185,
            418.97432476421295,
            418.0315334394369,
            393.32730449372366
        ],
        "is_static": [
            false,
            false,
            false,
            false,
            false,
            false,
            false,
            false,
            false,
            false,
            false,
            false
        ],
        "intensity_range": [
            254.9844589091665,
            254.11774368705778,
            254.8291441106844,
            254.80766868143155,
            253.33692846301582,
            253.83443930373764,
            254.15071000285621,
            254.283171883123,
            254.7018388871903,
            252.25642401435545,
            253.7810948586571,
            254.92106452978066
        ],
        "margin_left": [
            0,
            0,
            0,
            0,
            0,
            0,
            0,
            0,
            0,
            0,
            0,
            0
        ],
        "margin_right": [
            0,
            0,
            0,
            0,
            0,
            0,
            0,
            0,
            0,
            0,
            0,
            0
        ],
        "margin_top": [
            0,
            0,
            0,
            0,
            0,
            0,
            0,
            0,
            0,
            0,
            0,
            0
        ],
        "margin_bottom": [
            0,
            0,
            0,
            0,
            0,
            0,
            0,
            0,
            0,
            0,
            0,
            0
        ],
        "background_color": [
            132.0156862745098,
            123.9843137254902,
            132.0156862745098,
            134.0235294117647,
            134.0235294117647,
            118.96470588235294,
            131.01176470588234,
            128.0,
            114.94901960784313,
            129.00392156862745,
            126.99607843137255,
            119.96862745098039
        ],
        "background_proportion": [
            0.010119779610339543,
            0.00991161958670914,
            0.009799533420138923,
            0.009403228759765658,
            0.010026785043569748,
            0.010135791919849573,
            0.010664198133680594,
            0.01077628430025081,
            0.01015180422935946,
            0.010616161205150501,
            0.010359964252990005,
            0.01024787808641979
        ],
        "is_uniform": [
            false,
            false,
            false,
            false,
            false,
            false,
            false,
            false,
            false,
            false,
            false,
            false
        ],
        "bad_properties": [
            false,
            false,
            false,
            false,
            false,
            false,
            false,
            false,
            false,
            false,
            false,
            false
        ]
    }
}