{
    "recording": "dynamic29755-2-8-Video-9b4f6a1a067fe51e15306b9628efea20",
    "trial": "665",
    "trial_type": "train",
    "first_label": "NaturalVideo",
    "label": "NaturalVideo",
    "ID": null,
    "sampling_freq": 30,
    "valid_frames": 300,
    "peaks": [
        55,
        188
    ],
    "n_peaks": 2,
    "segments_n_peaks": 3,
    "segments_bad_n": 0,
    "segments_avg_duration": 100.0,
    "segments": {
        "frame_start": [
            0,
            56,
            189
        ],
        "frame_end": [
            56,
            189,
            300
        ],
        "duration": [
            56,
            133,
            111
        ],
        "transition_start": [
            0,
            0,
            0
        ],
        "transition_end": [
            0,
            0,
            0
        ],
        "max_change": [
            4718.35108374548,
            1926.6462124747788,
            813.1653067527269
        ],
        "is_static": [
            false,
            false,
            false
        ],
        "intensity_range": [
            255.00000000000003,
            254.3125,
            253.3125
        ],
        "margin_left": [
            0,
            0,
            0
        ],
        "margin_right": [
            0,
            0,
            0
        ],
        "margin_top": [
            0,
            0,
            0
        ],
        "margin_bottom": [
            0,
            0,
            0
        ],
        "background_color": [
            253.49019607843138,
            1.5058823529411764,
            1.5058823529411764
        ],
        "background_proportion": [
            0.23304258074079323,
            0.028062595759418076,
            0.03513966236744557
        ],
        "is_uniform": [
            false,
            false,
            false
        ],
        "bad_properties": [
            false,
            false,
            false
        ]
    }
}