{
    "recording": "dynamic29755-2-8-Video-9b4f6a1a067fe51e15306b9628efea20",
    "trial": "688",
    "trial_type": "train",
    "first_label": "NaturalVideo",
    "label": "NaturalVideo",
    "ID": null,
    "sampling_freq": 30,
    "valid_frames": 300,
    "peaks": [
        62,
        122,
        212,
        255
    ],
    "n_peaks": 4,
    "segments_n_peaks": 5,
    "segments_bad_n": 0,
    "segments_avg_duration": 60.0,
    "segments": {
        "frame_start": [
            0,
            63,
            123,
            213,
            256
        ],
        "frame_end": [
            63,
            123,
            213,
            256,
            300
        ],
        "duration": [
            63,
            60,
            90,
            43,
            44
        ],
        "transition_start": [
            0,
            0,
            0,
            0,
            0
        ],
        "transition_end": [
            0,
            0,
            0,
            0,
            0
        ],
        "max_change": [
            1089.619052951179,
            1217.5223919205166,
            3001.1908500749323,
            1528.9815726116356,
            1767.043067533097
        ],
        "is_static": [
            false,
            false,
            false,
            false,
            false
        ],
        "intensity_range": [
            203.86770684228833,
            231.50693557733024,
            238.00925831030423,
            223.9663207443819,
            235.3125
        ],
        "margin_left": [
            0,
            0,
            0,
            0,
            0
        ],
        "margin_right": [
            0,
            0,
            0,
            0,
            0
        ],
        "margin_top": [
            0,
            0,
            0,
            0,
            0
        ],
        "margin_bottom": [
            0,
            0,
            0,
            0,
            0
        ],
        "background_color": [
            45.678431372549014,
            23.5921568627451,
            2.5098039215686274,
            241.44313725490196,
            121.97647058823529
        ],
        "background_proportion": [
            0.013210155345775416,
            0.016832139756944444,
            0.03232885290075232,
            0.015362880026647341,
            0.007487210360440368
        ],
        "is_uniform": [
            false,
            false,
            false,
            false,
            false
        ],
        "bad_properties": [
            false,
            false,
            false,
            false,
            false
        ]
    }
}