{
    "recording": "dynamic29755-2-8-Video-9b4f6a1a067fe51e15306b9628efea20",
    "trial": "699",
    "trial_type": "live_test_bonus",
    "first_label": "NaturalImages",
    "label": "NaturalImages",
    "ID": null,
    "sampling_freq": 30,
    "valid_frames": 318,
    "peaks": [
        17,
        32,
        46,
        61,
        77,
        93,
        107,
        122,
        139,
        154,
        172,
        187,
        201,
        216,
        236,
        251,
        267,
        283,
        302
    ],
    "n_peaks": 19,
    "segments_n_peaks": 20,
    "segments_bad_n": 0,
    "segments_avg_duration": 15.9,
    "segments": {
        "frame_start": [
            0,
            18,
            33,
            47,
            62,
            78,
            94,
            108,
            123,
            140,
            155,
            173,
            188,
            202,
            217,
            237,
            252,
            268,
            284,
            303
        ],
        "frame_end": [
            18,
            33,
            47,
            62,
            78,
            94,
            108,
            123,
            140,
            155,
            173,
            188,
            202,
            217,
            237,
            252,
            268,
            284,
            303,
            318
        ],
        "duration": [
            18,
            15,
            14,
            15,
            16,
            16,
            14,
            15,
            17,
            15,
            18,
            15,
            14,
            15,
            20,
            15,
            16,
            16,
            19,
            15
        ],
        "transition_start": [
            1,
            0,
            1,
            0,
            1,
            1,
            0,
            0,
            1,
            0,
            1,
            0,
            1,
            0,
            1,
            0,
            0,
            0,
            0,
            0
        ],
        "transition_end": [
            1,
            0,
            0,
            0,
            0,
            0,
            0,
            0,
            0,
            0,
            0,
            0,
            0,
            0,
            1,
            0,
            0,
            1,
            1,
            0
        ],
        "max_change": [
            2.0194839173657902e-28,
            0.08902631104853466,
            37.57785858001242,
            0.4884912423023143,
            2.0194839173657902e-28,
            10.470113377546737,
            19.182925774241077,
            1.8118165888781144,
            26.03810351887078,
            5.000151363779772,
            5.797692666220464,
            2.114782499107136,
            4.90954527207075,
            3.022979183390168,
            2.0194839173657902e-28,
            3.6582533724374446,
            5.40014483973415,
            5.712498275244074,
            2.0194839173657902e-28,
            20.541982460048864
        ],
        "is_static": [
            true,
            true,
            true,
            true,
            true,
            true,
            true,
            true,
            true,
            true,
            true,
            true,
            true,
            true,
            true,
            true,
            true,
            true,
            true,
            true
        ],
        "intensity_range": [
            1.4210854715202004e-14,
            255.0,
            15.479158450268045,
            249.5,
            1.4210854715202004e-14,
            227.62500000000003,
            12.579001135283278,
            237.9375,
            10.932949123957172,
            227.5,
            9.657646665014397,
            224.12499999999997,
            9.35015071609564,
            241.4375,
            1.4210854715202004e-14,
            235.25,
            8.919068032751397,
            230.4375,
            1.4210854715202004e-14,
            237.0159462864058
        ],
        "margin_left": [
            64,
            11,
            64,
            0,
            64,
            0,
            64,
            0,
            64,
            3,
            64,
            0,
            64,
            0,
            64,
            16,
            64,
            0,
            64,
            0
        ],
        "margin_right": [
            64,
            8,
            64,
            7,
            64,
            0,
            64,
            0,
            64,
            3,
            64,
            0,
            64,
            0,
            64,
            0,
            64,
            0,
            64,
            0
        ],
        "margin_top": [
            36,
            0,
            36,
            0,
            36,
            0,
            36,
            0,
            36,
            0,
            36,
            0,
            36,
            0,
            36,
            0,
            36,
            0,
            36,
            1
        ],
        "margin_bottom": [
            36,
            3,
            36,
            0,
            36,
            0,
            36,
            0,
            36,
            0,
            36,
            0,
            36,
            0,
            36,
            0,
            36,
            0,
            36,
            4
        ],
        "background_color": [
            128.0,
            0.5019607843137255,
            128.0,
            5.52156862745098,
            128.0,
            94.87058823529412,
            128.0,
            219.35686274509803,
            128.0,
            255.49803921568628,
            128.0,
            83.82745098039216,
            128.0,
            139.04313725490195,
            128.0,
            67.76470588235294,
            128.0,
            175.1843137254902,
            128.0,
            255.49803921568628
        ],
        "background_proportion": [
            0.9960937500000036,
            0.4680718315972222,
            0.9225639930138254,
            0.07194010416666667,
            0.9960937500000036,
            0.009280734592013921,
            0.8836873372395865,
            0.02354770236545147,
            0.9344593683878615,
            0.3897908528645847,
            0.9382375081380242,
            0.027669270833333433,
            0.9353344257061331,
            0.021472507052951464,
            0.9960937500000036,
            0.02674696180555565,
            0.884984334309899,
            0.01135592990451393,
            0.9960937500000036,
            0.5084228515625018
        ],
        "is_uniform": [
            true,
            false,
            true,
            false,
            true,
            false,
            true,
            false,
            true,
            false,
            true,
            false,
            true,
            false,
            true,
            false,
            true,
            false,
            true,
            false
        ],
        "bad_properties": [
            false,
            false,
            false,
            false,
            false,
            false,
            false,
            false,
            false,
            false,
            false,
            false,
            false,
            false,
            false,
            false,
            false,
            false,
            false,
            false
        ]
    }
}