{
    "recording": "dynamic29755-2-8-Video-9b4f6a1a067fe51e15306b9628efea20",
    "trial": "7",
    "trial_type": "train",
    "first_label": "NaturalImages",
    "label": "NaturalImages",
    "ID": null,
    "sampling_freq": 30,
    "valid_frames": 322,
    "peaks": [
        14,
        30,
        48,
        64,
        79,
        95,
        109,
        125,
        143,
        159,
        176,
        191,
        210,
        225,
        239,
        255,
        272,
        288,
        306
    ],
    "n_peaks": 19,
    "segments_n_peaks": 20,
    "segments_bad_n": 0,
    "segments_avg_duration": 16.1,
    "segments": {
        "frame_start": [
            0,
            15,
            31,
            49,
            65,
            80,
            96,
            110,
            126,
            144,
            160,
            177,
            192,
            211,
            226,
            240,
            256,
            273,
            289,
            307
        ],
        "frame_end": [
            15,
            31,
            49,
            65,
            80,
            96,
            110,
            126,
            144,
            160,
            177,
            192,
            211,
            226,
            240,
            256,
            273,
            289,
            307,
            322
        ],
        "duration": [
            15,
            16,
            18,
            16,
            15,
            16,
            14,
            16,
            18,
            16,
            17,
            15,
            19,
            15,
            14,
            16,
            17,
            16,
            18,
            15
        ],
        "transition_start": [
            1,
            0,
            0,
            1,
            0,
            1,
            0,
            1,
            0,
            1,
            0,
            0,
            1,
            0,
            1,
            0,
            0,
            0,
            0,
            0
        ],
        "transition_end": [
            0,
            0,
            0,
            0,
            0,
            0,
            0,
            0,
            0,
            0,
            0,
            0,
            0,
            0,
            0,
            1,
            0,
            1,
            1,
            0
        ],
        "max_change": [
            2.0194839173657902e-28,
            38.92470126103538,
            0.09011354768605444,
            16.342996080633455,
            0.4480089260206391,
            14.582372145250758,
            1.0277969452375837,
            13.902570144396849,
            2.0078318821102332,
            5.608636335388535,
            7.217220019073017,
            2.8727846291817585,
            7.623088462037531,
            5.5825776880767854,
            4.231593420995168,
            5.150579615927984,
            3.2877896834038824,
            7.195385683753045,
            2.0194839173657902e-28,
            20.239030031961008
        ],
        "is_static": [
            true,
            true,
            true,
            true,
            true,
            true,
            true,
            true,
            true,
            true,
            true,
            true,
            true,
            true,
            true,
            true,
            true,
            true,
            true,
            true
        ],
        "intensity_range": [
            1.4210854715202004e-14,
            222.06250000000003,
            1.039680552866102,
            216.5625,
            2.1263745726057834,
            249.25,
            3.6145412868220035,
            235.0625,
            4.474395956734895,
            223.1875,
            8.88449167716982,
            209.625,
            5.713296195174166,
            153.375,
            7.047798961933495,
            214.4375,
            6.360068258264292,
            228.12500000000003,
            1.4210854715202004e-14,
            169.84248669835975
        ],
        "margin_left": [
            64,
            0,
            64,
            0,
            64,
            0,
            64,
            0,
            64,
            0,
            64,
            0,
            64,
            0,
            64,
            0,
            64,
            0,
            64,
            1
        ],
        "margin_right": [
            64,
            0,
            64,
            0,
            64,
            0,
            64,
            0,
            64,
            0,
            64,
            0,
            64,
            0,
            64,
            0,
            64,
            0,
            64,
            2
        ],
        "margin_top": [
            36,
            0,
            36,
            0,
            36,
            0,
            36,
            0,
            36,
            0,
            36,
            0,
            36,
            0,
            36,
            0,
            36,
            0,
            36,
            5
        ],
        "margin_bottom": [
            36,
            0,
            36,
            0,
            36,
            0,
            36,
            0,
            36,
            0,
            36,
            0,
            36,
            0,
            36,
            0,
            36,
            0,
            36,
            3
        ],
        "background_color": [
            128.0,
            29.615686274509805,
            128.0,
            57.725490196078425,
            128.0,
            61.74117647058823,
            128.0,
            39.654901960784315,
            128.0,
            136.0313725490196,
            128.0,
            18.57254901960784,
            128.0,
            0.5019607843137255,
            128.0,
            39.654901960784315,
            128.0,
            190.24313725490197,
            128.0,
            255.49803921568628
        ],
        "background_proportion": [
            0.9960937500000034,
            0.009781519571940104,
            0.9940761990017396,
            0.01570807562934022,
            0.9478166368272604,
            0.012335883246527735,
            0.940075828915554,
            0.01971435546875007,
            0.9478166368272603,
            0.011701795789930596,
            0.9049987792968781,
            0.013805813259548612,
            0.944550125687214,
            0.043982611762152776,
            0.931509947165468,
            0.014555189344618106,
            0.940195719401045,
            0.03919813368055569,
            0.9960937500000036,
            0.36558024088541796
        ],
        "is_uniform": [
            true,
            false,
            true,
            false,
            true,
            false,
            true,
            false,
            true,
            false,
            true,
            false,
            true,
            false,
            true,
            false,
            true,
            false,
            true,
            false
        ],
        "bad_properties": [
            false,
            false,
            false,
            false,
            false,
            false,
            false,
            false,
            false,
            false,
            false,
            false,
            false,
            false,
            false,
            false,
            false,
            false,
            false,
            false
        ]
    }
}