{
    "recording": "dynamic29755-2-8-Video-9b4f6a1a067fe51e15306b9628efea20",
    "trial": "707",
    "trial_type": "train",
    "first_label": "NaturalVideo",
    "label": "NaturalVideo",
    "ID": null,
    "sampling_freq": 30,
    "valid_frames": 300,
    "peaks": [
        53,
        121,
        171,
        227,
        261
    ],
    "n_peaks": 5,
    "segments_n_peaks": 6,
    "segments_bad_n": 0,
    "segments_avg_duration": 50.0,
    "segments": {
        "frame_start": [
            0,
            54,
            122,
            172,
            228,
            262
        ],
        "frame_end": [
            54,
            122,
            172,
            228,
            262,
            300
        ],
        "duration": [
            54,
            68,
            50,
            56,
            34,
            38
        ],
        "transition_start": [
            0,
            0,
            0,
            0,
            1,
            1
        ],
        "transition_end": [
            0,
            0,
            0,
            0,
            0,
            0
        ],
        "max_change": [
            0.5079906715916793,
            164.22292760625075,
            25.131437755003564,
            39.2941405997574,
            22.803288229221906,
            39.13020279493819
        ],
        "is_static": [
            true,
            false,
            true,
            true,
            true,
            true
        ],
        "intensity_range": [
            246.99738066234676,
            240.0767079255079,
            197.62828991083285,
            223.75,
            245.21844027749995,
            237.81992708724158
        ],
        "margin_left": [
            4,
            1,
            0,
            1,
            0,
            0
        ],
        "margin_right": [
            13,
            0,
            0,
            0,
            0,
            1
        ],
        "margin_top": [
            1,
            0,
            0,
            1,
            2,
            0
        ],
        "margin_bottom": [
            0,
            0,
            0,
            0,
            0,
            0
        ],
        "background_color": [
            5.52156862745098,
            3.5137254901960784,
            5.52156862745098,
            15.56078431372549,
            4.517647058823529,
            11.545098039215686
        ],
        "background_proportion": [
            0.04567511287736304,
            0.029646555582682293,
            0.05155995686848958,
            0.033474876767113096,
            0.05552195539378157,
            0.05429860707875844
        ],
        "is_uniform": [
            false,
            false,
            false,
            false,
            false,
            false
        ],
        "bad_properties": [
            false,
            false,
            false,
            false,
            false,
            false
        ]
    }
}