{
    "recording": "dynamic29755-2-8-Video-9b4f6a1a067fe51e15306b9628efea20",
    "trial": "88",
    "trial_type": "live_test_bonus",
    "first_label": "NaturalImages",
    "label": "NaturalImages",
    "ID": null,
    "sampling_freq": 30,
    "valid_frames": 313,
    "peaks": [
        15,
        30,
        44,
        59,
        78,
        93,
        109,
        124,
        141,
        156,
        170,
        185,
        199,
        214,
        234,
        249,
        264,
        279,
        297
    ],
    "n_peaks": 19,
    "segments_n_peaks": 20,
    "segments_bad_n": 0,
    "segments_avg_duration": 15.65,
    "segments": {
        "frame_start": [
            0,
            16,
            31,
            45,
            60,
            79,
            94,
            110,
            125,
            142,
            157,
            171,
            186,
            200,
            215,
            235,
            250,
            265,
            280,
            298
        ],
        "frame_end": [
            16,
            31,
            45,
            60,
            79,
            94,
            110,
            125,
            142,
            157,
            171,
            186,
            200,
            215,
            235,
            250,
            265,
            280,
            298,
            313
        ],
        "duration": [
            16,
            15,
            14,
            15,
            19,
            15,
            16,
            15,
            17,
            15,
            14,
            15,
            14,
            15,
            20,
            15,
            15,
            15,
            18,
            15
        ],
        "transition_start": [
            1,
            0,
            1,
            0,
            1,
            0,
            1,
            0,
            1,
            0,
            1,
            0,
            1,
            0,
            1,
            0,
            0,
            0,
            0,
            0
        ],
        "transition_end": [
            0,
            0,
            0,
            0,
            0,
            0,
            0,
            0,
            0,
            0,
            0,
            0,
            0,
            0,
            1,
            0,
            1,
            0,
            1,
            0
        ],
        "max_change": [
            33.88653850023703,
            0.04406221172189725,
            21.191058908245257,
            0.24962702363408507,
            8.793999940139948,
            0.378889871610792,
            23.855955493022204,
            2.3622809999872696,
            7.214319321464736,
            1.4424295607781972,
            6.932418269300494,
            2.433529850595577,
            1.7298171813993184,
            1.026998438416035,
            2.0194839173657902e-28,
            1.147934598628934,
            1.6334128097949336,
            1.3150484195610879,
            3.196660753372406,
            5.532169042010163
        ],
        "is_static": [
            true,
            true,
            true,
            true,
            true,
            true,
            true,
            true,
            true,
            true,
            true,
            true,
            true,
            true,
            true,
            true,
            true,
            true,
            true,
            true
        ],
        "intensity_range": [
            14.292137915266679,
            214.25,
            14.882610195823673,
            238.68750000000003,
            11.203103699575664,
            195.75,
            13.281359234288033,
            252.62500000000006,
            9.23810945729619,
            193.4375,
            10.014093854019222,
            230.75000000000003,
            7.297141506337724,
            186.9375,
            1.4210854715202004e-14,
            161.875,
            6.086344536538036,
            203.87500000000003,
            8.584094911146963,
            254.06250000000006
        ],
        "margin_left": [
            64,
            0,
            64,
            0,
            64,
            0,
            64,
            0,
            64,
            3,
            64,
            0,
            64,
            0,
            64,
            0,
            64,
            0,
            64,
            0
        ],
        "margin_right": [
            64,
            0,
            64,
            0,
            64,
            6,
            64,
            0,
            64,
            2,
            64,
            0,
            64,
            0,
            64,
            0,
            64,
            0,
            64,
            0
        ],
        "margin_top": [
            36,
            0,
            36,
            0,
            36,
            0,
            36,
            0,
            36,
            0,
            36,
            0,
            36,
            0,
            36,
            0,
            36,
            0,
            36,
            0
        ],
        "margin_bottom": [
            36,
            0,
            36,
            0,
            36,
            0,
            36,
            0,
            36,
            0,
            36,
            0,
            36,
            0,
            36,
            0,
            36,
            0,
            36,
            0
        ],
        "background_color": [
            128.0,
            13.552941176470588,
            128.0,
            40.65882352941176,
            128.0,
            83.82745098039216,
            128.0,
            254.49411764705883,
            128.0,
            96.87843137254902,
            128.0,
            95.87450980392157,
            128.0,
            140.04705882352943,
            128.0,
            95.87450980392157,
            128.0,
            95.87450980392157,
            128.0,
            253.49019607843138
        ],
        "background_proportion": [
            0.9317338731553853,
            0.026112874348958332,
            0.9233621450570946,
            0.011990017361111154,
            0.9464956212926827,
            0.06623331705729191,
            0.9317050509982672,
            0.04640367296006961,
            0.9398905436197951,
            0.020896063910590353,
            0.9299136430789295,
            0.011672973632812542,
            0.9391921605819343,
            0.015794542100694052,
            0.9960937500000036,
            0.02150132921006952,
            0.9383464994884706,
            0.015362209743923667,
            0.9489440917968783,
            0.02582465277777787
        ],
        "is_uniform": [
            true,
            false,
            true,
            false,
            true,
            false,
            true,
            false,
            true,
            false,
            true,
            false,
            true,
            false,
            true,
            false,
            true,
            false,
            true,
            false
        ],
        "bad_properties": [
            false,
            false,
            false,
            false,
            false,
            false,
            false,
            false,
            false,
            false,
            false,
            false,
            false,
            false,
            false,
            false,
            false,
            false,
            false,
            false
        ]
    }
}