{
    "recording": "dynamic29755-2-8-Video-9b4f6a1a067fe51e15306b9628efea20",
    "trial": "9",
    "trial_type": "live_test_bonus",
    "first_label": "NaturalImages",
    "label": "NaturalImages",
    "ID": null,
    "sampling_freq": 30,
    "valid_frames": 318,
    "peaks": [
        14,
        29,
        44,
        59,
        74,
        89,
        108,
        123,
        141,
        156,
        175,
        190,
        205,
        221,
        239,
        254,
        270,
        286,
        302
    ],
    "n_peaks": 19,
    "segments_n_peaks": 20,
    "segments_bad_n": 0,
    "segments_avg_duration": 15.9,
    "segments": {
        "frame_start": [
            0,
            15,
            30,
            45,
            60,
            75,
            90,
            109,
            124,
            142,
            157,
            176,
            191,
            206,
            222,
            240,
            255,
            271,
            287,
            303
        ],
        "frame_end": [
            15,
            30,
            45,
            60,
            75,
            90,
            109,
            124,
            142,
            157,
            176,
            191,
            206,
            222,
            240,
            255,
            271,
            287,
            303,
            318
        ],
        "duration": [
            15,
            15,
            15,
            15,
            15,
            15,
            19,
            15,
            18,
            15,
            19,
            15,
            15,
            16,
            18,
            15,
            16,
            16,
            16,
            15
        ],
        "transition_start": [
            1,
            0,
            1,
            0,
            1,
            0,
            1,
            0,
            1,
            0,
            1,
            0,
            1,
            1,
            0,
            0,
            0,
            0,
            0,
            0
        ],
        "transition_end": [
            0,
            0,
            0,
            0,
            0,
            0,
            0,
            0,
            0,
            0,
            0,
            0,
            0,
            0,
            1,
            0,
            0,
            1,
            0,
            0
        ],
        "max_change": [
            40.19277977697407,
            0.04603449994073033,
            37.62215857282871,
            0.44751823731193063,
            6.633940315778493,
            0.25496362021963936,
            9.267055899147257,
            0.9057344310455184,
            8.836940720989638,
            1.788980190294924,
            6.360502717426258,
            2.484792407067833,
            2.0194839173657902e-28,
            4.580367162269065,
            4.066487720378709,
            5.637542708620547,
            8.929748912189474,
            8.011125557431612,
            1.8345278485705383,
            7.043904964030364
        ],
        "is_static": [
            true,
            true,
            true,
            true,
            true,
            true,
            true,
            true,
            true,
            true,
            true,
            true,
            true,
            true,
            true,
            true,
            true,
            true,
            true,
            true
        ],
        "intensity_range": [
            13.848048173009843,
            207.125,
            14.974589492141902,
            240.25,
            11.938081450829657,
            206.5625,
            12.542955587945386,
            238.1875,
            11.40000381877067,
            239.12500000000006,
            9.932849096807104,
            233.50000000000003,
            1.4210854715202004e-14,
            244.6875,
            8.205261070862619,
            233.3125,
            8.987154333516145,
            229.125,
            5.573410451145207,
            238.62500000000003
        ],
        "margin_left": [
            64,
            4,
            64,
            0,
            64,
            0,
            64,
            0,
            64,
            0,
            64,
            0,
            64,
            0,
            64,
            0,
            64,
            0,
            64,
            0
        ],
        "margin_right": [
            64,
            6,
            64,
            0,
            64,
            0,
            64,
            0,
            64,
            0,
            64,
            0,
            64,
            0,
            64,
            0,
            64,
            0,
            64,
            0
        ],
        "margin_top": [
            36,
            4,
            36,
            0,
            36,
            0,
            36,
            0,
            36,
            0,
            36,
            0,
            36,
            0,
            36,
            0,
            36,
            0,
            36,
            0
        ],
        "margin_bottom": [
            36,
            0,
            36,
            0,
            36,
            0,
            36,
            0,
            36,
            1,
            36,
            0,
            36,
            0,
            36,
            0,
            36,
            0,
            36,
            0
        ],
        "background_color": [
            128.0,
            255.49803921568628,
            128.0,
            255.49803921568628,
            128.0,
            154.10196078431372,
            128.0,
            221.36470588235295,
            128.0,
            94.87058823529412,
            128.0,
            206.30588235294118,
            128.0,
            84.8313725490196,
            128.0,
            236.42352941176472,
            128.0,
            250.478431372549,
            128.0,
            74.79215686274509
        ],
        "background_proportion": [
            0.9263029552641402,
            0.1880357530381951,
            0.9253765287853455,
            0.1145968967013893,
            0.9338378906250032,
            0.017235649956597286,
            0.9459191781503217,
            0.01660156250000006,
            0.9418996175130242,
            0.018302069769965342,
            0.9460392704716468,
            0.020089043511284793,
            0.9960937500000034,
            0.017610337999132007,
            0.94553629557292,
            0.02374945746527719,
            0.8905235926310253,
            0.039947509765625146,
            0.9468619028727248,
            0.013315836588541526
        ],
        "is_uniform": [
            true,
            false,
            true,
            false,
            true,
            false,
            true,
            false,
            true,
            false,
            true,
            false,
            true,
            false,
            true,
            false,
            true,
            false,
            true,
            false
        ],
        "bad_properties": [
            false,
            false,
            false,
            false,
            false,
            false,
            false,
            false,
            false,
            false,
            false,
            false,
            false,
            false,
            false,
            false,
            false,
            false,
            false,
            false
        ]
    }
}