{
    "recording": "dynamic29623-4-9-Video-9b4f6a1a067fe51e15306b9628efea20",
    "trial": "10",
    "trial_type": "train",
    "first_label": "NaturalVideo",
    "label": "NaturalVideo",
    "ID": null,
    "sampling_freq": 30,
    "valid_frames": 300,
    "peaks": [
        11,
        132
    ],
    "n_peaks": 2,
    "segments_n_peaks": 3,
    "segments_bad_n": 0,
    "segments_avg_duration": 100.0,
    "segments": {
        "frame_start": [
            0,
            12,
            133
        ],
        "frame_end": [
            12,
            133,
            300
        ],
        "duration": [
            12,
            121,
            167
        ],
        "transition_start": [
            0,
            0,
            1
        ],
        "transition_end": [
            0,
            0,
            0
        ],
        "max_change": [
            85.62674068809912,
            262.938850796775,
            34.982125039080465
        ],
        "is_static": [
            false,
            false,
            true
        ],
        "intensity_range": [
            237.75,
            248.875,
            153.00186866513067
        ],
        "margin_left": [
            0,
            0,
            0
        ],
        "margin_right": [
            0,
            0,
            0
        ],
        "margin_top": [
            0,
            0,
            0
        ],
        "margin_bottom": [
            0,
            0,
            0
        ],
        "background_color": [
            15.56078431372549,
            5.52156862745098,
            31.623529411764707
        ],
        "background_proportion": [
            0.032280815972222224,
            0.10774722769240702,
            0.019975838412242722
        ],
        "is_uniform": [
            false,
            false,
            false
        ],
        "bad_properties": [
            false,
            false,
            false
        ]
    }
}