{
    "recording": "dynamic29623-4-9-Video-9b4f6a1a067fe51e15306b9628efea20",
    "trial": "117",
    "trial_type": "train",
    "first_label": "NaturalVideo",
    "label": "NaturalVideo",
    "ID": null,
    "sampling_freq": 30,
    "valid_frames": 300,
    "peaks": [
        20
    ],
    "n_peaks": 1,
    "segments_n_peaks": 2,
    "segments_bad_n": 0,
    "segments_avg_duration": 150.0,
    "segments": {
        "frame_start": [
            0,
            21
        ],
        "frame_end": [
            21,
            300
        ],
        "duration": [
            21,
            279
        ],
        "transition_start": [
            0,
            0
        ],
        "transition_end": [
            0,
            0
        ],
        "max_change": [
            226.23653464985233,
            1014.1601311223707
        ],
        "is_static": [
            false,
            false
        ],
        "intensity_range": [
            132.41300550157192,
            216.26753627640804
        ],
        "margin_left": [
            1,
            0
        ],
        "margin_right": [
            2,
            0
        ],
        "margin_top": [
            0,
            0
        ],
        "margin_bottom": [
            0,
            0
        ],
        "background_color": [
            60.73725490196078,
            59.733333333333334
        ],
        "background_proportion": [
            0.03061324831039197,
            0.019335638522532176
        ],
        "is_uniform": [
            false,
            false
        ],
        "bad_properties": [
            false,
            false
        ]
    }
}