{
    "recording": "dynamic29623-4-9-Video-9b4f6a1a067fe51e15306b9628efea20",
    "trial": "15",
    "trial_type": "train",
    "first_label": "NaturalImages",
    "label": "NaturalImages",
    "ID": null,
    "sampling_freq": 30,
    "valid_frames": 315,
    "peaks": [
        16,
        32,
        48,
        64,
        82,
        97,
        116,
        132,
        146,
        161,
        175,
        191,
        205,
        220,
        236,
        251,
        268,
        283,
        299
    ],
    "n_peaks": 19,
    "segments_n_peaks": 20,
    "segments_bad_n": 0,
    "segments_avg_duration": 15.75,
    "segments": {
        "frame_start": [
            0,
            17,
            33,
            49,
            65,
            83,
            98,
            117,
            133,
            147,
            162,
            176,
            192,
            206,
            221,
            237,
            252,
            269,
            284,
            300
        ],
        "frame_end": [
            17,
            33,
            49,
            65,
            83,
            98,
            117,
            133,
            147,
            162,
            176,
            192,
            206,
            221,
            237,
            252,
            269,
            284,
            300,
            315
        ],
        "duration": [
            17,
            16,
            16,
            16,
            18,
            15,
            19,
            16,
            14,
            15,
            14,
            16,
            14,
            15,
            16,
            15,
            17,
            15,
            16,
            15
        ],
        "transition_start": [
            1,
            0,
            0,
            1,
            0,
            0,
            1,
            1,
            0,
            0,
            1,
            1,
            0,
            0,
            1,
            0,
            0,
            0,
            0,
            0
        ],
        "transition_end": [
            0,
            0,
            0,
            0,
            0,
            0,
            0,
            0,
            0,
            0,
            0,
            0,
            0,
            0,
            1,
            0,
            1,
            0,
            0,
            0
        ],
        "max_change": [
            2.0194839173657902e-28,
            3.6610113323588838,
            0.008883251834255377,
            9.899666506732409,
            16.558754649234302,
            0.8072533805739286,
            2.0194839173657902e-28,
            9.427259064997356,
            7.567727955270947,
            1.6804280073921067,
            2.0194839173657902e-28,
            8.615343454745243,
            7.347548829720245,
            4.872176875702989,
            2.0194839173657902e-28,
            2.0820493497291057,
            3.0864234156913524,
            1.2195035734020827,
            3.2119664719609613,
            4.226585802673467
        ],
        "is_static": [
            true,
            true,
            true,
            true,
            true,
            true,
            true,
            true,
            true,
            true,
            true,
            true,
            true,
            true,
            true,
            true,
            true,
            true,
            true,
            true
        ],
        "intensity_range": [
            1.4210854715202004e-14,
            106.43750000000004,
            0.5293530288269892,
            173.18750000000003,
            9.419698680117989,
            166.37499999999997,
            1.4210854715202004e-14,
            177.3125,
            11.154979804041645,
            237.4375,
            1.4210854715202004e-14,
            249.25000000000006,
            9.098598539964655,
            238.8125,
            1.4210854715202004e-14,
            248.875,
            9.444218898823891,
            225.87500000000003,
            9.659864935424892,
            230.75
        ],
        "margin_left": [
            64,
            3,
            64,
            11,
            64,
            0,
            64,
            0,
            64,
            0,
            64,
            0,
            64,
            0,
            64,
            0,
            64,
            0,
            64,
            0
        ],
        "margin_right": [
            64,
            2,
            64,
            0,
            64,
            0,
            64,
            0,
            64,
            0,
            64,
            0,
            64,
            0,
            64,
            0,
            64,
            0,
            64,
            0
        ],
        "margin_top": [
            36,
            7,
            36,
            0,
            36,
            0,
            36,
            0,
            36,
            0,
            36,
            0,
            36,
            0,
            36,
            0,
            36,
            0,
            36,
            1
        ],
        "margin_bottom": [
            36,
            4,
            36,
            0,
            36,
            0,
            36,
            0,
            36,
            0,
            36,
            0,
            36,
            0,
            36,
            0,
            36,
            0,
            36,
            0
        ],
        "background_color": [
            128.0,
            143.05882352941177,
            128.0,
            195.2627450980392,
            128.0,
            47.68627450980392,
            128.0,
            214.3372549019608,
            128.0,
            89.85098039215686,
            128.0,
            224.3764705882353,
            128.0,
            50.69803921568628,
            128.0,
            116.95686274509804,
            128.0,
            142.05490196078432,
            128.0,
            91.85882352941177
        ],
        "background_proportion": [
            0.9960937500000036,
            0.21330197652181065,
            0.9960937500000036,
            0.04357910156250016,
            0.9102757771809927,
            0.026170518663194538,
            0.9960937500000036,
            0.05539618598090298,
            0.8715511503673765,
            0.012941148546006991,
            0.9960937500000036,
            0.02654520670572926,
            0.8744230724516401,
            0.019022623697916602,
            0.9960937500000034,
            0.015073988172743108,
            0.9494288762410515,
            0.02700636121961815,
            0.8977651596069367,
            0.03075324164496539
        ],
        "is_uniform": [
            true,
            false,
            true,
            false,
            true,
            false,
            true,
            false,
            true,
            false,
            true,
            false,
            true,
            false,
            true,
            false,
            true,
            false,
            true,
            false
        ],
        "bad_properties": [
            false,
            false,
            false,
            false,
            false,
            false,
            false,
            false,
            false,
            false,
            false,
            false,
            false,
            false,
            false,
            false,
            false,
            false,
            false,
            false
        ]
    }
}