{
    "recording": "dynamic29623-4-9-Video-9b4f6a1a067fe51e15306b9628efea20",
    "trial": "183",
    "trial_type": "train",
    "first_label": "NaturalVideo",
    "label": "NaturalVideo",
    "ID": null,
    "sampling_freq": 30,
    "valid_frames": 300,
    "peaks": [
        140,
        193,
        229
    ],
    "n_peaks": 3,
    "segments_n_peaks": 4,
    "segments_bad_n": 0,
    "segments_avg_duration": 75.0,
    "segments": {
        "frame_start": [
            0,
            141,
            194,
            230
        ],
        "frame_end": [
            141,
            194,
            230,
            300
        ],
        "duration": [
            141,
            53,
            36,
            70
        ],
        "transition_start": [
            0,
            0,
            0,
            0
        ],
        "transition_end": [
            0,
            0,
            0,
            0
        ],
        "max_change": [
            785.9775328589021,
            1436.3589777907403,
            1249.3808303491796,
            307.64981888537193
        ],
        "is_static": [
            false,
            false,
            false,
            false
        ],
        "intensity_range": [
            235.29003277605116,
            236.62499999999997,
            246.73968008225123,
            230.0625
        ],
        "margin_left": [
            0,
            0,
            0,
            0
        ],
        "margin_right": [
            0,
            0,
            0,
            0
        ],
        "margin_top": [
            0,
            0,
            0,
            0
        ],
        "margin_bottom": [
            0,
            0,
            0,
            0
        ],
        "background_color": [
            3.5137254901960784,
            5.52156862745098,
            4.517647058823529,
            8.533333333333333
        ],
        "background_proportion": [
            0.3437808783059988,
            0.03103004311615566,
            0.0920867919921875,
            0.07975914364769346
        ],
        "is_uniform": [
            false,
            false,
            false,
            false
        ],
        "bad_properties": [
            false,
            false,
            false,
            false
        ]
    }
}