{
    "recording": "dynamic29623-4-9-Video-9b4f6a1a067fe51e15306b9628efea20",
    "trial": "201",
    "trial_type": "live_test_bonus",
    "first_label": "Gabor",
    "label": "Gabor",
    "ID": null,
    "sampling_freq": 30,
    "valid_frames": 300,
    "peaks": [
        24,
        49,
        74,
        99,
        124,
        149,
        174,
        199,
        224,
        249,
        274
    ],
    "n_peaks": 11,
    "segments_n_peaks": 12,
    "segments_bad_n": 0,
    "segments_avg_duration": 25.0,
    "segments": {
        "frame_start": [
            0,
            25,
            50,
            75,
            100,
            125,
            150,
            175,
            200,
            225,
            250,
            275
        ],
        "frame_end": [
            25,
            50,
            75,
            100,
            125,
            150,
            175,
            200,
            225,
            250,
            275,
            300
        ],
        "duration": [
            25,
            25,
            25,
            25,
            25,
            25,
            25,
            25,
            25,
            25,
            25,
            25
        ],
        "transition_start": [
            0,
            0,
            0,
            0,
            0,
            0,
            0,
            0,
            0,
            0,
            0,
            0
        ],
        "transition_end": [
            0,
            0,
            0,
            0,
            0,
            0,
            0,
            0,
            0,
            0,
            0,
            0
        ],
        "max_change": [
            37.30497372512964,
            9.448089006840831,
            107.30808599312773,
            106.18431072463954,
            28.68759889377011,
            28.579612868021982,
            101.12932806232308,
            18.587880403826066,
            176.9364578113547,
            26.547770728026997,
            44.07249578919319,
            165.43507970564667
        ],
        "is_static": [
            true,
            true,
            false,
            false,
            true,
            true,
            false,
            true,
            false,
            true,
            true,
            false
        ],
        "intensity_range": [
            217.41301651077003,
            217.55684332645058,
            188.07561509563578,
            188.13750755424155,
            190.28095355884716,
            189.98452922153206,
            182.27896201178658,
            216.76076911903866,
            172.54576943206035,
            216.16852070576988,
            213.76691899294786,
            159.49924969437535
        ],
        "margin_left": [
            22,
            22,
            23,
            23,
            23,
            23,
            23,
            22,
            23,
            22,
            22,
            23
        ],
        "margin_right": [
            22,
            22,
            23,
            23,
            22,
            22,
            23,
            22,
            23,
            22,
            22,
            23
        ],
        "margin_top": [
            8,
            8,
            9,
            9,
            9,
            9,
            9,
            8,
            9,
            8,
            8,
            9
        ],
        "margin_bottom": [
            8,
            8,
            9,
            9,
            8,
            8,
            9,
            8,
            9,
            8,
            8,
            9
        ],
        "background_color": [
            128.0,
            128.0,
            128.0,
            128.0,
            128.0,
            128.0,
            128.0,
            128.0,
            128.0,
            128.0,
            128.0,
            128.0
        ],
        "background_proportion": [
            0.6442443847656273,
            0.6422729492187522,
            0.6469767252604189,
            0.6472188313802106,
            0.6464925130208357,
            0.6441060384114606,
            0.6506256103515647,
            0.6421691894531273,
            0.6504699707031273,
            0.6429128011067731,
            0.6438466389973981,
            0.6511617024739607
        ],
        "is_uniform": [
            false,
            false,
            false,
            false,
            false,
            false,
            false,
            false,
            false,
            false,
            false,
            false
        ],
        "bad_properties": [
            false,
            false,
            false,
            false,
            false,
            false,
            false,
            false,
            false,
            false,
            false,
            false
        ]
    }
}