{
    "recording": "dynamic29623-4-9-Video-9b4f6a1a067fe51e15306b9628efea20",
    "trial": "288",
    "trial_type": "live_test_bonus",
    "first_label": "Gabor",
    "label": "Gabor",
    "ID": null,
    "sampling_freq": 30,
    "valid_frames": 300,
    "peaks": [
        24,
        49,
        74,
        99,
        124,
        149,
        174,
        199,
        224,
        250,
        274
    ],
    "n_peaks": 11,
    "segments_n_peaks": 12,
    "segments_bad_n": 0,
    "segments_avg_duration": 25.0,
    "segments": {
        "frame_start": [
            0,
            25,
            50,
            75,
            100,
            125,
            150,
            175,
            200,
            225,
            251,
            275
        ],
        "frame_end": [
            25,
            50,
            75,
            100,
            125,
            150,
            175,
            200,
            225,
            251,
            275,
            300
        ],
        "duration": [
            25,
            25,
            25,
            25,
            25,
            25,
            25,
            25,
            25,
            26,
            24,
            25
        ],
        "transition_start": [
            0,
            0,
            0,
            0,
            0,
            0,
            0,
            0,
            0,
            0,
            0,
            0
        ],
        "transition_end": [
            0,
            0,
            0,
            0,
            0,
            0,
            0,
            0,
            0,
            0,
            0,
            0
        ],
        "max_change": [
            29.170608837779557,
            29.206445293979105,
            36.97534102534002,
            207.18597254078395,
            22.254836626666584,
            22.2287340432634,
            101.07361590899146,
            182.85344064759082,
            22.516226671044343,
            173.21829146347207,
            76.15958331368074,
            165.206740874518
        ],
        "is_static": [
            true,
            true,
            true,
            false,
            true,
            true,
            false,
            false,
            true,
            false,
            false,
            false
        ],
        "intensity_range": [
            192.23134222993372,
            192.2349970080954,
            215.96689627071555,
            180.35633418102782,
            222.88177518583262,
            222.85746419633048,
            182.61488328724815,
            177.31981379503682,
            216.20482260592985,
            184.56303819869504,
            207.9858092898776,
            169.63585226708565
        ],
        "margin_left": [
            23,
            23,
            22,
            23,
            22,
            22,
            23,
            23,
            22,
            23,
            22,
            23
        ],
        "margin_right": [
            22,
            22,
            22,
            23,
            22,
            22,
            23,
            23,
            22,
            23,
            22,
            23
        ],
        "margin_top": [
            9,
            9,
            8,
            9,
            8,
            8,
            9,
            9,
            8,
            9,
            8,
            9
        ],
        "margin_bottom": [
            8,
            8,
            8,
            9,
            8,
            8,
            9,
            9,
            8,
            9,
            8,
            9
        ],
        "background_color": [
            128.0,
            128.0,
            128.0,
            128.0,
            128.0,
            128.0,
            128.0,
            128.0,
            128.0,
            128.0,
            128.0,
            128.0
        ],
        "background_proportion": [
            0.6477376302083356,
            0.6456624348958356,
            0.6418579101562523,
            0.6459564208984397,
            0.6408376057942731,
            0.6410105387369814,
            0.6492421468098981,
            0.6515767415364606,
            0.6422383626302106,
            0.6520902193509639,
            0.6423017713758703,
            0.6530120849609398
        ],
        "is_uniform": [
            false,
            false,
            false,
            false,
            false,
            false,
            false,
            false,
            false,
            false,
            false,
            false
        ],
        "bad_properties": [
            false,
            false,
            false,
            false,
            false,
            false,
            false,
            false,
            false,
            false,
            false,
            false
        ]
    }
}