{
    "recording": "dynamic29623-4-9-Video-9b4f6a1a067fe51e15306b9628efea20",
    "trial": "301",
    "trial_type": "train",
    "first_label": "NaturalVideo",
    "label": "NaturalVideo",
    "ID": null,
    "sampling_freq": 30,
    "valid_frames": 300,
    "peaks": [
        82,
        227
    ],
    "n_peaks": 2,
    "segments_n_peaks": 3,
    "segments_bad_n": 0,
    "segments_avg_duration": 100.0,
    "segments": {
        "frame_start": [
            0,
            83,
            228
        ],
        "frame_end": [
            83,
            228,
            300
        ],
        "duration": [
            83,
            145,
            72
        ],
        "transition_start": [
            0,
            0,
            0
        ],
        "transition_end": [
            0,
            0,
            0
        ],
        "max_change": [
            1419.1522822730985,
            823.0020867362289,
            2431.7590173007347
        ],
        "is_static": [
            false,
            false,
            false
        ],
        "intensity_range": [
            240.50000000000006,
            248.9375,
            235.43750000000006
        ],
        "margin_left": [
            0,
            0,
            0
        ],
        "margin_right": [
            0,
            0,
            0
        ],
        "margin_top": [
            0,
            0,
            0
        ],
        "margin_bottom": [
            0,
            0,
            0
        ],
        "background_color": [
            252.48627450980393,
            207.30980392156863,
            241.44313725490196
        ],
        "background_proportion": [
            0.022804229613767005,
            0.01239750303071125,
            0.009739487259476307
        ],
        "is_uniform": [
            false,
            false,
            false
        ],
        "bad_properties": [
            false,
            false,
            false
        ]
    }
}