{
    "recording": "dynamic29623-4-9-Video-9b4f6a1a067fe51e15306b9628efea20",
    "trial": "309",
    "trial_type": "live_test_bonus",
    "first_label": "Gabor",
    "label": "Gabor",
    "ID": null,
    "sampling_freq": 30,
    "valid_frames": 300,
    "peaks": [
        24,
        49,
        74,
        99,
        124,
        149,
        174,
        199,
        224,
        250,
        274
    ],
    "n_peaks": 11,
    "segments_n_peaks": 12,
    "segments_bad_n": 0,
    "segments_avg_duration": 25.0,
    "segments": {
        "frame_start": [
            0,
            25,
            50,
            75,
            100,
            125,
            150,
            175,
            200,
            225,
            251,
            275
        ],
        "frame_end": [
            25,
            50,
            75,
            100,
            125,
            150,
            175,
            200,
            225,
            251,
            275,
            300
        ],
        "duration": [
            25,
            25,
            25,
            25,
            25,
            25,
            25,
            25,
            25,
            26,
            24,
            25
        ],
        "transition_start": [
            0,
            0,
            0,
            0,
            0,
            0,
            0,
            0,
            0,
            0,
            0,
            0
        ],
        "transition_end": [
            0,
            0,
            0,
            0,
            0,
            0,
            0,
            0,
            0,
            0,
            0,
            0
        ],
        "max_change": [
            29.16909205889926,
            29.204719342721333,
            36.97443765262277,
            207.20364570938654,
            22.254803398278607,
            22.227985677832617,
            101.0811395195084,
            182.87700335590682,
            22.500891962736965,
            173.2884951568105,
            76.15204020971981,
            165.22711773079567
        ],
        "is_static": [
            true,
            true,
            true,
            false,
            true,
            true,
            false,
            false,
            true,
            false,
            false,
            false
        ],
        "intensity_range": [
            192.23194356198425,
            192.23524913935168,
            215.96710275501107,
            180.35873076842057,
            222.88212843308233,
            222.85847760783622,
            182.617955837676,
            177.3214670127103,
            216.20496675405693,
            184.5627690674514,
            207.99147740459878,
            169.6433635559925
        ],
        "margin_left": [
            23,
            23,
            22,
            23,
            22,
            22,
            23,
            23,
            22,
            23,
            22,
            23
        ],
        "margin_right": [
            22,
            22,
            22,
            23,
            22,
            22,
            23,
            23,
            22,
            23,
            22,
            23
        ],
        "margin_top": [
            9,
            9,
            8,
            9,
            8,
            8,
            9,
            9,
            8,
            9,
            8,
            9
        ],
        "margin_bottom": [
            8,
            8,
            8,
            9,
            8,
            8,
            9,
            9,
            8,
            9,
            8,
            9
        ],
        "background_color": [
            128.0,
            128.0,
            128.0,
            128.0,
            128.0,
            128.0,
            128.0,
            128.0,
            128.0,
            128.0,
            128.0,
            128.0
        ],
        "background_proportion": [
            0.6477376302083356,
            0.6456624348958356,
            0.6418752034505231,
            0.6459564208984397,
            0.6408376057942731,
            0.6410105387369814,
            0.6492248535156273,
            0.6515594482421898,
            0.6422556559244814,
            0.6520735911833957,
            0.6423197852240691,
            0.6530466715494815
        ],
        "is_uniform": [
            false,
            false,
            false,
            false,
            false,
            false,
            false,
            false,
            false,
            false,
            false,
            false
        ],
        "bad_properties": [
            false,
            false,
            false,
            false,
            false,
            false,
            false,
            false,
            false,
            false,
            false,
            false
        ]
    }
}