{
    "recording": "dynamic29623-4-9-Video-9b4f6a1a067fe51e15306b9628efea20",
    "trial": "32",
    "trial_type": "live_test_bonus",
    "first_label": "Gabor",
    "label": "Gabor",
    "ID": null,
    "sampling_freq": 30,
    "valid_frames": 300,
    "peaks": [
        24,
        49,
        74,
        99,
        124,
        149,
        174,
        199,
        249,
        274
    ],
    "n_peaks": 10,
    "segments_n_peaks": 11,
    "segments_bad_n": 0,
    "segments_avg_duration": 25.0,
    "segments": {
        "frame_start": [
            0,
            25,
            50,
            75,
            100,
            125,
            150,
            175,
            200,
            225,
            250,
            275
        ],
        "frame_end": [
            25,
            50,
            75,
            100,
            125,
            150,
            175,
            200,
            225,
            250,
            275,
            300
        ],
        "duration": [
            25,
            25,
            25,
            25,
            25,
            25,
            25,
            25,
            25,
            25,
            25,
            25
        ],
        "transition_start": [
            0,
            0,
            0,
            0,
            0,
            0,
            0,
            0,
            0,
            0,
            0,
            0
        ],
        "transition_end": [
            0,
            0,
            0,
            0,
            0,
            0,
            0,
            0,
            0,
            0,
            0,
            0
        ],
        "max_change": [
            37.33003471585598,
            22.403814752296835,
            4.2202068874703444,
            5.096109019910127,
            22.251506159584007,
            22.231786259289464,
            28.652638103619683,
            100.41903877307452,
            176.88887477422588,
            31.416934350758385,
            76.18773446255257,
            41.69482138067176
        ],
        "is_static": [
            true,
            true,
            true,
            true,
            true,
            true,
            true,
            false,
            false,
            true,
            false,
            true
        ],
        "intensity_range": [
            217.42767791786844,
            223.55644661675126,
            219.43695448025315,
            219.20435953695028,
            222.9995946534627,
            223.0477218062437,
            189.9566004555282,
            182.29959583807866,
            172.0946115524399,
            190.3481474927998,
            207.71240991115968,
            219.0138368952455
        ],
        "margin_left": [
            22,
            22,
            22,
            22,
            22,
            22,
            23,
            23,
            23,
            23,
            22,
            23
        ],
        "margin_right": [
            22,
            22,
            22,
            22,
            22,
            22,
            22,
            23,
            23,
            23,
            22,
            23
        ],
        "margin_top": [
            8,
            8,
            8,
            9,
            8,
            8,
            9,
            9,
            9,
            9,
            8,
            8
        ],
        "margin_bottom": [
            8,
            8,
            8,
            9,
            8,
            8,
            8,
            9,
            9,
            8,
            8,
            8
        ],
        "background_color": [
            128.0,
            128.0,
            128.0,
            128.0,
            128.0,
            128.0,
            128.0,
            128.0,
            128.0,
            128.0,
            128.0,
            128.0
        ],
        "background_proportion": [
            0.6397827148437523,
            0.6411661783854189,
            0.6425323486328147,
            0.6426879882812523,
            0.6413045247395857,
            0.6416330973307315,
            0.6467519124348982,
            0.6489654541015648,
            0.6536692301432314,
            0.6473225911458356,
            0.6404917399088564,
            0.6437947591145856
        ],
        "is_uniform": [
            false,
            false,
            false,
            false,
            false,
            false,
            false,
            false,
            false,
            false,
            false,
            false
        ],
        "bad_properties": [
            false,
            false,
            false,
            false,
            false,
            false,
            false,
            false,
            false,
            false,
            false,
            false
        ]
    }
}