{
    "recording": "dynamic29623-4-9-Video-9b4f6a1a067fe51e15306b9628efea20",
    "trial": "345",
    "trial_type": "live_test_main",
    "first_label": "NaturalVideo",
    "label": "NaturalVideo",
    "ID": null,
    "sampling_freq": 30,
    "valid_frames": 300,
    "peaks": [
        96,
        227,
        294
    ],
    "n_peaks": 3,
    "segments_n_peaks": 4,
    "segments_bad_n": 0,
    "segments_avg_duration": 75.0,
    "segments": {
        "frame_start": [
            0,
            97,
            228,
            295
        ],
        "frame_end": [
            97,
            228,
            295,
            300
        ],
        "duration": [
            97,
            131,
            67,
            5
        ],
        "transition_start": [
            0,
            0,
            1,
            0
        ],
        "transition_end": [
            0,
            0,
            0,
            0
        ],
        "max_change": [
            152.98756971949354,
            45.151766396088455,
            5.585640658188355,
            167.48728490675796
        ],
        "is_static": [
            false,
            true,
            true,
            false
        ],
        "intensity_range": [
            221.6875,
            201.6875,
            196.12225480074213,
            250.18749999999997
        ],
        "margin_left": [
            0,
            0,
            0,
            0
        ],
        "margin_right": [
            0,
            0,
            0,
            0
        ],
        "margin_top": [
            0,
            0,
            0,
            0
        ],
        "margin_bottom": [
            0,
            0,
            0,
            0
        ],
        "background_color": [
            37.647058823529406,
            31.623529411764707,
            31.623529411764707,
            15.56078431372549
        ],
        "background_proportion": [
            0.012011708262859707,
            0.0215209106755924,
            0.01943530458392519,
            0.021703084309895832
        ],
        "is_uniform": [
            false,
            false,
            false,
            false
        ],
        "bad_properties": [
            false,
            false,
            false,
            false
        ]
    }
}