{
    "recording": "dynamic29623-4-9-Video-9b4f6a1a067fe51e15306b9628efea20",
    "trial": "381",
    "trial_type": "train",
    "first_label": "NaturalImages",
    "label": "NaturalImages",
    "ID": null,
    "sampling_freq": 30,
    "valid_frames": 310,
    "peaks": [
        15,
        31,
        47,
        63,
        77,
        93,
        108,
        123,
        137,
        152,
        166,
        182,
        198,
        214,
        231,
        247,
        261,
        276,
        294
    ],
    "n_peaks": 19,
    "segments_n_peaks": 20,
    "segments_bad_n": 0,
    "segments_avg_duration": 15.5,
    "segments": {
        "frame_start": [
            0,
            16,
            32,
            48,
            64,
            78,
            94,
            109,
            124,
            138,
            153,
            167,
            183,
            199,
            215,
            232,
            248,
            262,
            277,
            295
        ],
        "frame_end": [
            16,
            32,
            48,
            64,
            78,
            94,
            109,
            124,
            138,
            153,
            167,
            183,
            199,
            215,
            232,
            248,
            262,
            277,
            295,
            310
        ],
        "duration": [
            16,
            16,
            16,
            16,
            14,
            16,
            15,
            15,
            14,
            15,
            14,
            16,
            16,
            16,
            17,
            16,
            14,
            15,
            18,
            15
        ],
        "transition_start": [
            1,
            0,
            0,
            0,
            0,
            1,
            0,
            0,
            1,
            0,
            1,
            1,
            0,
            1,
            0,
            0,
            0,
            0,
            0,
            0
        ],
        "transition_end": [
            0,
            0,
            0,
            0,
            0,
            0,
            0,
            0,
            0,
            0,
            0,
            0,
            0,
            0,
            0,
            1,
            1,
            0,
            1,
            0
        ],
        "max_change": [
            2.0194839173657902e-28,
            5.689801230750714,
            0.013439592292468026,
            46.199073443217564,
            0.16896293528921566,
            18.823657311056113,
            27.864651793987818,
            2.698099336354895,
            7.252317855338932,
            1.3381182256884518,
            2.0194839173657902e-28,
            4.08945600572269,
            1.7944011758025655,
            2.9544831798247597,
            7.466168067537445,
            7.780142087712487,
            2.0194839173657902e-28,
            4.719133128250913,
            10.906575713858208,
            11.048575462720997
        ],
        "is_static": [
            true,
            true,
            true,
            true,
            true,
            true,
            true,
            true,
            true,
            true,
            true,
            true,
            true,
            true,
            true,
            true,
            true,
            true,
            true,
            true
        ],
        "intensity_range": [
            1.4210854715202004e-14,
            134.25000000000003,
            0.6463919024326259,
            205.375,
            1.9774920105572278,
            245.0625,
            12.654468368015245,
            240.06249999999997,
            9.857022144105585,
            203.875,
            1.4210854715202004e-14,
            240.0625,
            6.611578475241657,
            232.00000000000003,
            8.117831720169647,
            225.375,
            1.4210854715202004e-14,
            255.0,
            10.6320060272526,
            178.94358080690876
        ],
        "margin_left": [
            64,
            0,
            64,
            0,
            64,
            0,
            64,
            12,
            64,
            0,
            64,
            0,
            64,
            0,
            64,
            0,
            64,
            0,
            64,
            0
        ],
        "margin_right": [
            64,
            0,
            64,
            0,
            64,
            0,
            64,
            10,
            64,
            0,
            64,
            0,
            64,
            0,
            64,
            0,
            64,
            0,
            64,
            2
        ],
        "margin_top": [
            36,
            0,
            36,
            0,
            36,
            0,
            36,
            1,
            36,
            0,
            36,
            0,
            36,
            0,
            36,
            0,
            36,
            0,
            36,
            0
        ],
        "margin_bottom": [
            36,
            0,
            36,
            0,
            36,
            0,
            36,
            1,
            36,
            0,
            36,
            0,
            36,
            0,
            36,
            0,
            36,
            0,
            36,
            0
        ],
        "background_color": [
            128.0,
            146.0705882352941,
            128.0,
            162.13333333333333,
            128.0,
            222.3686274509804,
            128.0,
            0.5019607843137255,
            128.0,
            74.79215686274509,
            128.0,
            109.92941176470589,
            128.0,
            129.00392156862745,
            128.0,
            0.5019607843137255,
            128.0,
            0.5019607843137255,
            128.0,
            178.19607843137254
        ],
        "background_proportion": [
            0.9960937500000036,
            0.03688335418701185,
            0.9960937500000036,
            0.014888445536295626,
            0.9787695748465437,
            0.023749457465277863,
            0.8731960720486142,
            0.3684048122829861,
            0.9224642240084168,
            0.02657402886284694,
            0.9960937500000036,
            0.013258192274305415,
            0.953779220581058,
            0.013027615017361157,
            0.9015655517578156,
            0.07545640733506945,
            0.9960937500000036,
            0.04801771375868055,
            0.93912760416667,
            0.03179083930121539
        ],
        "is_uniform": [
            true,
            false,
            true,
            false,
            true,
            false,
            true,
            false,
            true,
            false,
            true,
            false,
            true,
            false,
            true,
            false,
            true,
            false,
            true,
            false
        ],
        "bad_properties": [
            false,
            false,
            false,
            false,
            false,
            false,
            false,
            false,
            false,
            false,
            false,
            false,
            false,
            false,
            false,
            false,
            false,
            false,
            false,
            false
        ]
    }
}