{
    "recording": "dynamic29623-4-9-Video-9b4f6a1a067fe51e15306b9628efea20",
    "trial": "387",
    "trial_type": "train",
    "first_label": "NaturalVideo",
    "label": "NaturalVideo",
    "ID": null,
    "sampling_freq": 30,
    "valid_frames": 300,
    "peaks": [
        41,
        90,
        186
    ],
    "n_peaks": 3,
    "segments_n_peaks": 4,
    "segments_bad_n": 0,
    "segments_avg_duration": 75.0,
    "segments": {
        "frame_start": [
            0,
            42,
            91,
            187
        ],
        "frame_end": [
            42,
            91,
            187,
            300
        ],
        "duration": [
            42,
            49,
            96,
            113
        ],
        "transition_start": [
            0,
            0,
            2,
            1
        ],
        "transition_end": [
            0,
            0,
            0,
            0
        ],
        "max_change": [
            11.641686922736548,
            9.176499375966138,
            40.973087257916546,
            41.56516123075284
        ],
        "is_static": [
            true,
            true,
            true,
            true
        ],
        "intensity_range": [
            247.17929074619187,
            213.4424774695923,
            251.9412767747421,
            212.24687812483344
        ],
        "margin_left": [
            0,
            0,
            0,
            0
        ],
        "margin_right": [
            0,
            0,
            0,
            0
        ],
        "margin_top": [
            1,
            0,
            0,
            0
        ],
        "margin_bottom": [
            1,
            0,
            0,
            0
        ],
        "background_color": [
            0.5019607843137255,
            4.517647058823529,
            5.52156862745098,
            39.654901960784315
        ],
        "background_proportion": [
            0.14292701842292907,
            0.047830075633769134,
            0.04529831257272274,
            0.02483980996268145
        ],
        "is_uniform": [
            false,
            false,
            false,
            false
        ],
        "bad_properties": [
            false,
            false,
            false,
            false
        ]
    }
}