{
    "recording": "dynamic29623-4-9-Video-9b4f6a1a067fe51e15306b9628efea20",
    "trial": "39",
    "trial_type": "train",
    "first_label": "NaturalVideo",
    "label": "NaturalVideo",
    "ID": null,
    "sampling_freq": 30,
    "valid_frames": 300,
    "peaks": [
        24,
        120,
        201,
        284
    ],
    "n_peaks": 4,
    "segments_n_peaks": 5,
    "segments_bad_n": 0,
    "segments_avg_duration": 60.0,
    "segments": {
        "frame_start": [
            0,
            25,
            121,
            202,
            285
        ],
        "frame_end": [
            25,
            121,
            202,
            285,
            300
        ],
        "duration": [
            25,
            96,
            81,
            83,
            15
        ],
        "transition_start": [
            0,
            0,
            0,
            0,
            0
        ],
        "transition_end": [
            0,
            0,
            0,
            0,
            0
        ],
        "max_change": [
            507.60237139420434,
            7771.755763305201,
            2235.0163779308223,
            2345.7190313711462,
            491.16838096695585
        ],
        "is_static": [
            false,
            false,
            false,
            false,
            false
        ],
        "intensity_range": [
            215.68749999999997,
            249.6875,
            251.0,
            244.2926790320161,
            231.19197114972428
        ],
        "margin_left": [
            0,
            0,
            0,
            0,
            0
        ],
        "margin_right": [
            0,
            0,
            0,
            0,
            0
        ],
        "margin_top": [
            0,
            0,
            0,
            0,
            0
        ],
        "margin_bottom": [
            1,
            0,
            0,
            0,
            0
        ],
        "background_color": [
            85.83529411764707,
            79.81176470588235,
            4.517647058823529,
            8.533333333333333,
            122.98039215686273
        ],
        "background_proportion": [
            0.02443542480468724,
            0.014406575096978133,
            0.013621137956532922,
            0.011204179511012801,
            0.016486273871527603
        ],
        "is_uniform": [
            false,
            false,
            false,
            false,
            false
        ],
        "bad_properties": [
            false,
            false,
            false,
            false,
            false
        ]
    }
}