{
    "recording": "dynamic29623-4-9-Video-9b4f6a1a067fe51e15306b9628efea20",
    "trial": "419",
    "trial_type": "train",
    "first_label": "NaturalVideo",
    "label": "NaturalVideo",
    "ID": null,
    "sampling_freq": 30,
    "valid_frames": 300,
    "peaks": [
        124,
        170,
        285
    ],
    "n_peaks": 3,
    "segments_n_peaks": 4,
    "segments_bad_n": 0,
    "segments_avg_duration": 75.0,
    "segments": {
        "frame_start": [
            0,
            125,
            171,
            286
        ],
        "frame_end": [
            125,
            171,
            286,
            300
        ],
        "duration": [
            125,
            46,
            115,
            14
        ],
        "transition_start": [
            0,
            0,
            0,
            1
        ],
        "transition_end": [
            0,
            0,
            0,
            0
        ],
        "max_change": [
            7.55546073162286,
            35.2697405528486,
            45.71500332160086,
            10.652524098450257
        ],
        "is_static": [
            true,
            true,
            true,
            true
        ],
        "intensity_range": [
            141.25,
            133.5625,
            204.875,
            147.20180229611378
        ],
        "margin_left": [
            0,
            11,
            0,
            0
        ],
        "margin_right": [
            0,
            0,
            0,
            0
        ],
        "margin_top": [
            0,
            0,
            0,
            0
        ],
        "margin_bottom": [
            0,
            0,
            0,
            0
        ],
        "background_color": [
            75.79607843137255,
            53.70980392156862,
            3.5137254901960784,
            79.81176470588235
        ],
        "background_proportion": [
            0.04077758789062515,
            0.0437125606813291,
            0.05891750169836957,
            0.04695794521233991
        ],
        "is_uniform": [
            false,
            false,
            false,
            false
        ],
        "bad_properties": [
            false,
            false,
            false,
            false
        ]
    }
}