{
    "recording": "dynamic29623-4-9-Video-9b4f6a1a067fe51e15306b9628efea20",
    "trial": "429",
    "trial_type": "final_test_bonus",
    "first_label": "NaturalImages",
    "label": "NaturalImages",
    "ID": null,
    "sampling_freq": 30,
    "valid_frames": 313,
    "peaks": [
        14,
        30,
        45,
        61,
        76,
        92,
        108,
        124,
        138,
        153,
        167,
        182,
        197,
        212,
        232,
        247,
        265,
        281,
        297
    ],
    "n_peaks": 19,
    "segments_n_peaks": 20,
    "segments_bad_n": 0,
    "segments_avg_duration": 15.65,
    "segments": {
        "frame_start": [
            0,
            15,
            31,
            46,
            62,
            77,
            93,
            109,
            125,
            139,
            154,
            168,
            183,
            198,
            213,
            233,
            248,
            266,
            282,
            298
        ],
        "frame_end": [
            15,
            31,
            46,
            62,
            77,
            93,
            109,
            125,
            139,
            154,
            168,
            183,
            198,
            213,
            233,
            248,
            266,
            282,
            298,
            313
        ],
        "duration": [
            15,
            16,
            15,
            16,
            15,
            16,
            16,
            16,
            14,
            15,
            14,
            15,
            15,
            15,
            20,
            15,
            18,
            16,
            16,
            15
        ],
        "transition_start": [
            1,
            0,
            0,
            1,
            0,
            1,
            0,
            1,
            0,
            0,
            1,
            0,
            1,
            0,
            1,
            0,
            0,
            0,
            0,
            0
        ],
        "transition_end": [
            0,
            0,
            0,
            0,
            0,
            0,
            0,
            0,
            0,
            0,
            0,
            0,
            0,
            0,
            1,
            0,
            0,
            1,
            0,
            0
        ],
        "max_change": [
            2.0194839173657902e-28,
            31.87945601070807,
            0.07336146700806263,
            9.520942780004118,
            0.23130430137252883,
            9.497497587412917,
            0.6113198898114276,
            9.396809407749714,
            1.538982706714941,
            0.2891865320912487,
            1.641714284470156,
            0.5450224102967518,
            17.582948408677535,
            10.072636589431527,
            2.0194839173657902e-28,
            8.368318546767618,
            11.494060856208728,
            9.26025440083192,
            1.729880423884127,
            5.881211414346987
        ],
        "is_static": [
            true,
            true,
            true,
            true,
            true,
            true,
            true,
            true,
            true,
            true,
            true,
            true,
            true,
            true,
            true,
            true,
            true,
            true,
            true,
            true
        ],
        "intensity_range": [
            1.4210854715202004e-14,
            187.75,
            0.8747763227030987,
            194.5625,
            1.8132268208433544,
            242.56250000000003,
            3.3926376445034236,
            200.06250000000003,
            7.723196924386642,
            160.18750000000006,
            6.514992300044497,
            148.56250000000006,
            9.619457515676203,
            244.50000000000003,
            1.4210854715202004e-14,
            244.12499999999997,
            9.104349111508569,
            176.9375,
            5.898213800889181,
            242.6875
        ],
        "margin_left": [
            64,
            0,
            64,
            0,
            64,
            0,
            64,
            2,
            64,
            2,
            64,
            0,
            64,
            16,
            64,
            0,
            64,
            0,
            64,
            0
        ],
        "margin_right": [
            64,
            0,
            64,
            0,
            64,
            0,
            64,
            2,
            64,
            0,
            64,
            0,
            64,
            16,
            64,
            0,
            64,
            0,
            64,
            0
        ],
        "margin_top": [
            36,
            0,
            36,
            0,
            36,
            0,
            36,
            1,
            36,
            0,
            36,
            0,
            36,
            0,
            36,
            0,
            36,
            0,
            36,
            0
        ],
        "margin_bottom": [
            36,
            0,
            36,
            0,
            36,
            0,
            36,
            6,
            36,
            0,
            36,
            0,
            36,
            0,
            36,
            0,
            36,
            0,
            36,
            0
        ],
        "background_color": [
            128.0,
            95.87450980392157,
            128.0,
            64.75294117647059,
            128.0,
            147.07450980392156,
            128.0,
            187.2313725490196,
            128.0,
            144.06274509803922,
            128.0,
            168.15686274509804,
            128.0,
            254.49411764705883,
            128.0,
            231.40392156862745,
            128.0,
            229.39607843137253,
            128.0,
            105.91372549019607
        ],
        "background_proportion": [
            0.9960937500000034,
            0.016806920369466204,
            0.99525790744358,
            0.013776991102430605,
            0.9712490505642395,
            0.01758151584201395,
            0.9718290964762404,
            0.08205668131510446,
            0.875936235700338,
            0.031589084201389,
            0.9411542843549714,
            0.02314419216579869,
            0.928124927339103,
            0.5499844021267382,
            0.9960937500000036,
            0.03409661187065984,
            0.8906286734121849,
            0.05262925889756814,
            0.9479427337646518,
            0.010520087348090316
        ],
        "is_uniform": [
            true,
            false,
            true,
            false,
            true,
            false,
            true,
            false,
            true,
            false,
            true,
            false,
            true,
            false,
            true,
            false,
            true,
            false,
            true,
            false
        ],
        "bad_properties": [
            false,
            false,
            false,
            false,
            false,
            false,
            false,
            false,
            false,
            false,
            false,
            false,
            false,
            false,
            false,
            false,
            false,
            false,
            false,
            false
        ]
    }
}