{
    "recording": "dynamic29623-4-9-Video-9b4f6a1a067fe51e15306b9628efea20",
    "trial": "459",
    "trial_type": "final_test_bonus",
    "first_label": "NaturalImages",
    "label": "NaturalImages",
    "ID": null,
    "sampling_freq": 30,
    "valid_frames": 318,
    "peaks": [
        15,
        31,
        47,
        62,
        79,
        95,
        110,
        126,
        141,
        156,
        172,
        187,
        206,
        221,
        240,
        256,
        271,
        286,
        302
    ],
    "n_peaks": 19,
    "segments_n_peaks": 20,
    "segments_bad_n": 0,
    "segments_avg_duration": 15.9,
    "segments": {
        "frame_start": [
            0,
            16,
            32,
            48,
            63,
            80,
            96,
            111,
            127,
            142,
            157,
            173,
            188,
            207,
            222,
            241,
            257,
            272,
            287,
            303
        ],
        "frame_end": [
            16,
            32,
            48,
            63,
            80,
            96,
            111,
            127,
            142,
            157,
            173,
            188,
            207,
            222,
            241,
            257,
            272,
            287,
            303,
            318
        ],
        "duration": [
            16,
            16,
            16,
            15,
            17,
            16,
            15,
            16,
            15,
            15,
            16,
            15,
            19,
            15,
            19,
            16,
            15,
            15,
            16,
            15
        ],
        "transition_start": [
            1,
            1,
            0,
            0,
            1,
            1,
            0,
            1,
            0,
            0,
            1,
            0,
            1,
            0,
            1,
            0,
            0,
            0,
            0,
            0
        ],
        "transition_end": [
            0,
            0,
            0,
            0,
            0,
            0,
            0,
            0,
            0,
            0,
            0,
            0,
            0,
            0,
            0,
            1,
            1,
            0,
            1,
            0
        ],
        "max_change": [
            2.0194839173657902e-28,
            34.99260231916146,
            6.17121307222063,
            0.08376164196731863,
            2.0194839173657902e-28,
            9.810455193533862,
            0.6829910073841089,
            11.69674035574729,
            11.717217260024578,
            2.340162219906488,
            2.7013924226853923,
            0.9831545716558041,
            1.2149352349368534,
            0.8146926438434279,
            7.72509665614452,
            9.375789424887381,
            2.0194839173657902e-28,
            3.643286548925098,
            10.050407829982444,
            6.7248471855603125
        ],
        "is_static": [
            true,
            true,
            true,
            true,
            true,
            true,
            true,
            true,
            true,
            true,
            true,
            true,
            true,
            true,
            true,
            true,
            true,
            true,
            true,
            true
        ],
        "intensity_range": [
            1.4210854715202004e-14,
            218.0,
            9.969597736462262,
            161.0625,
            1.4210854715202004e-14,
            235.50000000000003,
            3.398201285176256,
            227.62500000000003,
            7.759384948821179,
            162.43750000000003,
            10.160757587404333,
            235.68750000000003,
            8.113196866078425,
            213.5,
            8.168248746334584,
            248.375,
            1.4210854715202004e-14,
            223.0,
            9.62055369051751,
            236.18780729399953
        ],
        "margin_left": [
            64,
            5,
            64,
            0,
            64,
            0,
            64,
            0,
            64,
            0,
            64,
            0,
            64,
            0,
            64,
            0,
            64,
            9,
            64,
            0
        ],
        "margin_right": [
            64,
            0,
            64,
            0,
            64,
            0,
            64,
            0,
            64,
            0,
            64,
            0,
            64,
            0,
            64,
            0,
            64,
            0,
            64,
            0
        ],
        "margin_top": [
            36,
            0,
            36,
            0,
            36,
            0,
            36,
            0,
            36,
            0,
            36,
            0,
            36,
            0,
            36,
            0,
            36,
            0,
            36,
            0
        ],
        "margin_bottom": [
            36,
            0,
            36,
            1,
            36,
            0,
            36,
            0,
            36,
            0,
            36,
            0,
            36,
            0,
            36,
            0,
            36,
            0,
            36,
            0
        ],
        "background_color": [
            128.0,
            7.529411764705882,
            128.0,
            165.14509803921567,
            128.0,
            75.79607843137255,
            128.0,
            17.568627450980394,
            128.0,
            27.607843137254903,
            128.0,
            156.10980392156864,
            128.0,
            110.93333333333334,
            128.0,
            5.52156862745098,
            128.0,
            255.49803921568628,
            128.0,
            146.0705882352941
        ],
        "background_proportion": [
            0.9960937500000036,
            0.04640367296006945,
            0.9110593795776398,
            0.048190646701387695,
            0.9960937500000036,
            0.021818372938368136,
            0.9479895697699686,
            0.03550889756944445,
            0.8825920952691004,
            0.023057725694444444,
            0.9361148410373298,
            0.038304646809894885,
            0.9580965395327001,
            0.02052137586805563,
            0.9506027786820056,
            0.06093004014756945,
            0.9960937500000034,
            0.06335110134548634,
            0.9370083279079895,
            0.01827324761284729
        ],
        "is_uniform": [
            true,
            false,
            true,
            false,
            true,
            false,
            true,
            false,
            true,
            false,
            true,
            false,
            true,
            false,
            true,
            false,
            true,
            false,
            true,
            false
        ],
        "bad_properties": [
            false,
            false,
            false,
            false,
            false,
            false,
            false,
            false,
            false,
            false,
            false,
            false,
            false,
            false,
            false,
            false,
            false,
            false,
            false,
            false
        ]
    }
}