{
    "recording": "dynamic29623-4-9-Video-9b4f6a1a067fe51e15306b9628efea20",
    "trial": "491",
    "trial_type": "train",
    "first_label": "NaturalVideo",
    "label": "NaturalVideo",
    "ID": null,
    "sampling_freq": 30,
    "valid_frames": 300,
    "peaks": [
        69,
        109,
        189,
        227,
        276
    ],
    "n_peaks": 5,
    "segments_n_peaks": 6,
    "segments_bad_n": 0,
    "segments_avg_duration": 50.0,
    "segments": {
        "frame_start": [
            0,
            70,
            110,
            190,
            228,
            277
        ],
        "frame_end": [
            70,
            110,
            190,
            228,
            277,
            300
        ],
        "duration": [
            70,
            40,
            80,
            38,
            49,
            23
        ],
        "transition_start": [
            0,
            0,
            0,
            0,
            0,
            1
        ],
        "transition_end": [
            0,
            0,
            0,
            0,
            0,
            0
        ],
        "max_change": [
            232.51826449609962,
            510.2472791690794,
            58.05074241271538,
            93.00172026560068,
            185.2766795775535,
            6.652530943750045
        ],
        "is_static": [
            false,
            false,
            false,
            false,
            false,
            true
        ],
        "intensity_range": [
            190.890738124327,
            198.72170380637345,
            241.42879352434028,
            199.97904533114246,
            238.10704081195206,
            229.25000000000006
        ],
        "margin_left": [
            0,
            8,
            0,
            6,
            4,
            12
        ],
        "margin_right": [
            0,
            0,
            0,
            0,
            0,
            0
        ],
        "margin_top": [
            0,
            0,
            0,
            0,
            0,
            7
        ],
        "margin_bottom": [
            0,
            0,
            0,
            0,
            0,
            0
        ],
        "background_color": [
            3.5137254901960784,
            1.5058823529411764,
            0.5019607843137255,
            0.5019607843137255,
            4.517647058823529,
            8.533333333333333
        ],
        "background_proportion": [
            0.07423764183407738,
            0.11483828226725261,
            0.11204973856608073,
            0.11545549359237939,
            0.06797323421556123,
            0.04684910629734849
        ],
        "is_uniform": [
            false,
            false,
            false,
            false,
            false,
            false
        ],
        "bad_properties": [
            false,
            false,
            false,
            false,
            false,
            false
        ]
    }
}