{
    "recording": "dynamic29623-4-9-Video-9b4f6a1a067fe51e15306b9628efea20",
    "trial": "645",
    "trial_type": "train",
    "first_label": "NaturalVideo",
    "label": "NaturalVideo",
    "ID": null,
    "sampling_freq": 30,
    "valid_frames": 300,
    "peaks": [
        69
    ],
    "n_peaks": 1,
    "segments_n_peaks": 2,
    "segments_bad_n": 0,
    "segments_avg_duration": 150.0,
    "segments": {
        "frame_start": [
            0,
            70
        ],
        "frame_end": [
            70,
            300
        ],
        "duration": [
            70,
            230
        ],
        "transition_start": [
            0,
            0
        ],
        "transition_end": [
            0,
            0
        ],
        "max_change": [
            2589.5963957831023,
            1624.7914651836322
        ],
        "is_static": [
            false,
            false
        ],
        "intensity_range": [
            196.11474175665037,
            205.91008177640637
        ],
        "margin_left": [
            0,
            0
        ],
        "margin_right": [
            0,
            0
        ],
        "margin_top": [
            0,
            0
        ],
        "margin_bottom": [
            0,
            0
        ],
        "background_color": [
            217.34901960784313,
            218.35294117647058
        ],
        "background_proportion": [
            0.0293183099655879,
            0.047456934832144644
        ],
        "is_uniform": [
            false,
            false
        ],
        "bad_properties": [
            false,
            false
        ]
    }
}