{
    "recording": "dynamic29623-4-9-Video-9b4f6a1a067fe51e15306b9628efea20",
    "trial": "681",
    "trial_type": "live_test_bonus",
    "first_label": "NaturalVideo",
    "label": "NaturalVideo",
    "ID": null,
    "sampling_freq": 30,
    "valid_frames": 300,
    "peaks": [
        33,
        87,
        136,
        233
    ],
    "n_peaks": 4,
    "segments_n_peaks": 5,
    "segments_bad_n": 0,
    "segments_avg_duration": 60.0,
    "segments": {
        "frame_start": [
            0,
            34,
            88,
            137,
            234
        ],
        "frame_end": [
            34,
            88,
            137,
            234,
            300
        ],
        "duration": [
            34,
            54,
            49,
            97,
            66
        ],
        "transition_start": [
            0,
            0,
            0,
            0,
            0
        ],
        "transition_end": [
            1,
            0,
            1,
            0,
            0
        ],
        "max_change": [
            37.756987321855846,
            510.2524591866596,
            49.83519453367142,
            5040.443266915309,
            3185.548707040629
        ],
        "is_static": [
            true,
            false,
            true,
            false,
            false
        ],
        "intensity_range": [
            225.29980338180113,
            217.94661928518806,
            224.83211099520832,
            240.9536799854237,
            224.45346144150403
        ],
        "margin_left": [
            0,
            0,
            0,
            0,
            0
        ],
        "margin_right": [
            0,
            0,
            0,
            0,
            0
        ],
        "margin_top": [
            0,
            3,
            0,
            0,
            0
        ],
        "margin_bottom": [
            0,
            0,
            0,
            0,
            0
        ],
        "background_color": [
            223.37254901960785,
            238.4313725490196,
            225.38039215686274,
            238.4313725490196,
            17.568627450980394
        ],
        "background_proportion": [
            0.03813695425939092,
            0.0598620191032506,
            0.029065344068739254,
            0.03756834469300378,
            0.025094928163470642
        ],
        "is_uniform": [
            false,
            false,
            false,
            false,
            false
        ],
        "bad_properties": [
            false,
            false,
            false,
            false,
            false
        ]
    }
}