{
    "recording": "dynamic29623-4-9-Video-9b4f6a1a067fe51e15306b9628efea20",
    "trial": "92",
    "trial_type": "train",
    "first_label": "NaturalVideo",
    "label": "NaturalVideo",
    "ID": null,
    "sampling_freq": 30,
    "valid_frames": 300,
    "peaks": [
        131,
        198
    ],
    "n_peaks": 2,
    "segments_n_peaks": 3,
    "segments_bad_n": 0,
    "segments_avg_duration": 100.0,
    "segments": {
        "frame_start": [
            0,
            132,
            199
        ],
        "frame_end": [
            132,
            199,
            300
        ],
        "duration": [
            132,
            67,
            101
        ],
        "transition_start": [
            0,
            0,
            1
        ],
        "transition_end": [
            0,
            0,
            0
        ],
        "max_change": [
            589.9517518475193,
            134.42271927413944,
            37.90607764896254
        ],
        "is_static": [
            false,
            false,
            true
        ],
        "intensity_range": [
            168.14988974142577,
            133.59638407018934,
            132.9362316994517
        ],
        "margin_left": [
            0,
            0,
            10
        ],
        "margin_right": [
            0,
            0,
            0
        ],
        "margin_top": [
            0,
            0,
            0
        ],
        "margin_bottom": [
            0,
            0,
            0
        ],
        "background_color": [
            171.16862745098038,
            160.12549019607843,
            60.73725490196078
        ],
        "background_proportion": [
            0.01625176632043093,
            0.03335411868878277,
            0.06587880452473982
        ],
        "is_uniform": [
            false,
            false,
            false
        ],
        "bad_properties": [
            false,
            false,
            false
        ]
    }
}