{
    "recording": "dynamic29647-19-8-Video-9b4f6a1a067fe51e15306b9628efea20",
    "trial": "12",
    "trial_type": "train",
    "first_label": "NaturalVideo",
    "label": "NaturalVideo",
    "ID": null,
    "sampling_freq": 30,
    "valid_frames": 300,
    "peaks": [
        13,
        98,
        135,
        158
    ],
    "n_peaks": 4,
    "segments_n_peaks": 5,
    "segments_bad_n": 0,
    "segments_avg_duration": 60.0,
    "segments": {
        "frame_start": [
            0,
            14,
            99,
            136,
            159
        ],
        "frame_end": [
            14,
            99,
            136,
            159,
            300
        ],
        "duration": [
            14,
            85,
            37,
            23,
            141
        ],
        "transition_start": [
            0,
            0,
            0,
            1,
            0
        ],
        "transition_end": [
            0,
            0,
            0,
            1,
            0
        ],
        "max_change": [
            518.3336225211866,
            811.8305506695112,
            1479.948149767336,
            46.829768031315,
            3785.0604941693664
        ],
        "is_static": [
            false,
            false,
            false,
            true,
            false
        ],
        "intensity_range": [
            189.56127128241036,
            221.18940377735584,
            237.24157321129354,
            206.77962658220923,
            239.88047250041612
        ],
        "margin_left": [
            0,
            0,
            0,
            0,
            0
        ],
        "margin_right": [
            0,
            0,
            0,
            0,
            0
        ],
        "margin_top": [
            0,
            0,
            0,
            0,
            0
        ],
        "margin_bottom": [
            0,
            0,
            0,
            0,
            0
        ],
        "background_color": [
            10.541176470588235,
            45.678431372549014,
            241.44313725490196,
            16.56470588235294,
            116.95686274509804
        ],
        "background_proportion": [
            0.045116969517299106,
            0.017557779947916605,
            0.028054864556939854,
            0.061267671130952384,
            0.008294035638759634
        ],
        "is_uniform": [
            false,
            false,
            false,
            false,
            false
        ],
        "bad_properties": [
            false,
            false,
            false,
            false,
            false
        ]
    }
}