{
    "recording": "dynamic29647-19-8-Video-9b4f6a1a067fe51e15306b9628efea20",
    "trial": "14",
    "trial_type": "train",
    "first_label": "NaturalImages",
    "label": "NaturalImages",
    "ID": null,
    "sampling_freq": 30,
    "valid_frames": 326,
    "peaks": [
        17,
        33,
        51,
        67,
        84,
        100,
        116,
        131,
        150,
        166,
        183,
        199,
        212,
        228,
        246,
        261,
        278,
        294,
        310
    ],
    "n_peaks": 19,
    "segments_n_peaks": 20,
    "segments_bad_n": 0,
    "segments_avg_duration": 16.3,
    "segments": {
        "frame_start": [
            0,
            18,
            34,
            52,
            68,
            85,
            101,
            117,
            132,
            151,
            167,
            184,
            200,
            213,
            229,
            247,
            262,
            279,
            295,
            311
        ],
        "frame_end": [
            18,
            34,
            52,
            68,
            85,
            101,
            117,
            132,
            151,
            167,
            184,
            200,
            213,
            229,
            247,
            262,
            279,
            295,
            311,
            326
        ],
        "duration": [
            18,
            16,
            18,
            16,
            17,
            16,
            16,
            15,
            19,
            16,
            17,
            16,
            13,
            16,
            18,
            15,
            17,
            16,
            16,
            15
        ],
        "transition_start": [
            1,
            0,
            0,
            1,
            0,
            1,
            0,
            0,
            1,
            1,
            0,
            1,
            0,
            1,
            0,
            0,
            0,
            0,
            0,
            0
        ],
        "transition_end": [
            0,
            0,
            0,
            0,
            0,
            0,
            0,
            0,
            0,
            0,
            0,
            0,
            0,
            0,
            1,
            0,
            0,
            1,
            1,
            0
        ],
        "max_change": [
            2.0194839173657902e-28,
            44.1228446543753,
            0.10875300359309784,
            26.73650712176102,
            0.8029671194344558,
            8.52947963740199,
            6.65799037203158,
            0.7727412208101383,
            2.0194839173657902e-28,
            14.573759469343138,
            4.7226506178786565,
            4.214162336283404,
            2.486333340940492,
            1.9776786466160214,
            1.9375428025507222,
            2.7542514424360984,
            4.804346020492095,
            7.567789025342636,
            2.0194839173657902e-28,
            7.5349243384138065
        ],
        "is_static": [
            true,
            true,
            true,
            true,
            true,
            true,
            true,
            true,
            true,
            true,
            true,
            true,
            true,
            true,
            true,
            true,
            true,
            true,
            true,
            true
        ],
        "intensity_range": [
            1.4210854715202004e-14,
            237.25000000000003,
            1.210295717376198,
            247.43750000000006,
            2.5257507127961674,
            236.75000000000003,
            10.464533706768066,
            202.99999999999997,
            1.4210854715202004e-14,
            252.56250000000006,
            6.331888754041373,
            239.0625,
            7.177670207528934,
            226.625,
            7.790304051329983,
            244.25000000000003,
            9.607303788697493,
            246.5625,
            1.4210854715202004e-14,
            194.45772075791592
        ],
        "margin_left": [
            64,
            0,
            64,
            0,
            64,
            0,
            64,
            0,
            64,
            0,
            64,
            0,
            64,
            0,
            64,
            0,
            64,
            0,
            64,
            0
        ],
        "margin_right": [
            64,
            4,
            64,
            0,
            64,
            0,
            64,
            0,
            64,
            0,
            64,
            0,
            64,
            0,
            64,
            0,
            64,
            0,
            64,
            2
        ],
        "margin_top": [
            36,
            0,
            36,
            0,
            36,
            0,
            36,
            0,
            36,
            0,
            36,
            0,
            36,
            0,
            36,
            0,
            36,
            0,
            36,
            0
        ],
        "margin_bottom": [
            36,
            0,
            36,
            0,
            36,
            0,
            36,
            0,
            36,
            0,
            36,
            0,
            36,
            0,
            36,
            0,
            36,
            0,
            36,
            0
        ],
        "background_color": [
            128.0,
            246.46274509803922,
            128.0,
            20.580392156862743,
            128.0,
            96.87843137254902,
            128.0,
            76.8,
            128.0,
            250.478431372549,
            128.0,
            98.88627450980391,
            128.0,
            142.05490196078432,
            128.0,
            149.08235294117645,
            128.0,
            52.705882352941174,
            128.0,
            74.79215686274509
        ],
        "background_proportion": [
            0.9960937500000036,
            0.017779668172200582,
            0.9863902904369248,
            0.03213670518663195,
            0.9490203857421908,
            0.017898559570312562,
            0.8946577707926464,
            0.03216552734375011,
            0.9960937500000036,
            0.027035183376736206,
            0.94217936197917,
            0.009626600477430454,
            0.9321418175330561,
            0.015016343858506998,
            0.9547932942708367,
            0.01302761501736079,
            0.8948771158854198,
            0.01625569661458339,
            0.9960937500000036,
            0.027582804361978873
        ],
        "is_uniform": [
            true,
            false,
            true,
            false,
            true,
            false,
            true,
            false,
            true,
            false,
            true,
            false,
            true,
            false,
            true,
            false,
            true,
            false,
            true,
            false
        ],
        "bad_properties": [
            false,
            false,
            false,
            false,
            false,
            false,
            false,
            false,
            false,
            false,
            false,
            false,
            false,
            false,
            false,
            false,
            false,
            false,
            false,
            false
        ]
    }
}