{
    "recording": "dynamic29647-19-8-Video-9b4f6a1a067fe51e15306b9628efea20",
    "trial": "176",
    "trial_type": "final_test_bonus",
    "first_label": "NaturalVideo",
    "label": "NaturalVideo",
    "ID": null,
    "sampling_freq": 30,
    "valid_frames": 300,
    "peaks": [
        27,
        61,
        223,
        276
    ],
    "n_peaks": 4,
    "segments_n_peaks": 5,
    "segments_bad_n": 0,
    "segments_avg_duration": 60.0,
    "segments": {
        "frame_start": [
            0,
            28,
            62,
            224,
            277
        ],
        "frame_end": [
            28,
            62,
            224,
            277,
            300
        ],
        "duration": [
            28,
            34,
            162,
            53,
            23
        ],
        "transition_start": [
            0,
            0,
            0,
            0,
            1
        ],
        "transition_end": [
            0,
            0,
            0,
            0,
            0
        ],
        "max_change": [
            27.609696745352963,
            30.663430001478996,
            541.6821759821977,
            692.1570331999046,
            3.160891772862363
        ],
        "is_static": [
            true,
            true,
            false,
            false,
            true
        ],
        "intensity_range": [
            233.7432790090644,
            242.55186840325408,
            251.1267067498339,
            195.42163152743146,
            220.8662268151355
        ],
        "margin_left": [
            0,
            0,
            0,
            0,
            0
        ],
        "margin_right": [
            0,
            0,
            0,
            0,
            0
        ],
        "margin_top": [
            0,
            0,
            0,
            0,
            0
        ],
        "margin_bottom": [
            0,
            0,
            0,
            0,
            0
        ],
        "background_color": [
            85.83529411764707,
            8.533333333333333,
            245.45882352941175,
            0.5019607843137255,
            75.79607843137255
        ],
        "background_proportion": [
            0.009326026553199305,
            0.020167032877604168,
            0.012286778830696711,
            0.08000595764544025,
            0.013579166296756678
        ],
        "is_uniform": [
            false,
            false,
            false,
            false,
            false
        ],
        "bad_properties": [
            false,
            false,
            false,
            false,
            false
        ]
    }
}