{
    "recording": "dynamic29647-19-8-Video-9b4f6a1a067fe51e15306b9628efea20",
    "trial": "189",
    "trial_type": "live_test_bonus",
    "first_label": "NaturalVideo",
    "label": "NaturalVideo",
    "ID": null,
    "sampling_freq": 30,
    "valid_frames": 300,
    "peaks": [
        39,
        183,
        270
    ],
    "n_peaks": 3,
    "segments_n_peaks": 4,
    "segments_bad_n": 0,
    "segments_avg_duration": 75.0,
    "segments": {
        "frame_start": [
            0,
            40,
            184,
            271
        ],
        "frame_end": [
            40,
            184,
            271,
            300
        ],
        "duration": [
            40,
            144,
            87,
            29
        ],
        "transition_start": [
            0,
            0,
            1,
            0
        ],
        "transition_end": [
            0,
            0,
            0,
            0
        ],
        "max_change": [
            3228.0403627294895,
            835.3442842691652,
            4.572119126317301,
            811.1815472450996
        ],
        "is_static": [
            false,
            false,
            true,
            false
        ],
        "intensity_range": [
            248.30723968120154,
            212.21030195048928,
            221.4375,
            177.73487565672588
        ],
        "margin_left": [
            0,
            0,
            0,
            0
        ],
        "margin_right": [
            0,
            0,
            0,
            0
        ],
        "margin_top": [
            0,
            0,
            0,
            0
        ],
        "margin_bottom": [
            0,
            0,
            0,
            0
        ],
        "background_color": [
            37.647058823529406,
            24.596078431372547,
            131.01176470588234,
            53.70980392156862
        ],
        "background_proportion": [
            0.007176717122395807,
            0.015062579402217158,
            0.017690436784611255,
            0.01848593525502867
        ],
        "is_uniform": [
            false,
            false,
            false,
            false
        ],
        "bad_properties": [
            false,
            false,
            false,
            false
        ]
    }
}