{
    "recording": "dynamic29647-19-8-Video-9b4f6a1a067fe51e15306b9628efea20",
    "trial": "231",
    "trial_type": "live_test_main",
    "first_label": "NaturalVideo",
    "label": "NaturalVideo",
    "ID": null,
    "sampling_freq": 30,
    "valid_frames": 300,
    "peaks": [
        61,
        156,
        213,
        273
    ],
    "n_peaks": 4,
    "segments_n_peaks": 5,
    "segments_bad_n": 0,
    "segments_avg_duration": 60.0,
    "segments": {
        "frame_start": [
            0,
            62,
            157,
            214,
            274
        ],
        "frame_end": [
            62,
            157,
            214,
            274,
            300
        ],
        "duration": [
            62,
            95,
            57,
            60,
            26
        ],
        "transition_start": [
            0,
            0,
            0,
            0,
            0
        ],
        "transition_end": [
            0,
            0,
            0,
            0,
            0
        ],
        "max_change": [
            184.2288629918125,
            456.0240002319323,
            1605.4884174978856,
            1272.8246216535626,
            243.40577408238946
        ],
        "is_static": [
            false,
            false,
            false,
            false,
            false
        ],
        "intensity_range": [
            209.310956626935,
            245.375,
            203.17188794975854,
            202.36261105105112,
            183.85381703796864
        ],
        "margin_left": [
            0,
            0,
            0,
            0,
            0
        ],
        "margin_right": [
            0,
            0,
            0,
            0,
            0
        ],
        "margin_top": [
            0,
            0,
            0,
            0,
            0
        ],
        "margin_bottom": [
            0,
            0,
            0,
            0,
            0
        ],
        "background_color": [
            1.5058823529411764,
            60.73725490196078,
            52.705882352941174,
            72.7843137254902,
            3.5137254901960784
        ],
        "background_proportion": [
            0.04253592542422715,
            0.028138010125411284,
            0.020736783568622148,
            0.029751671685112953,
            0.07309742462940705
        ],
        "is_uniform": [
            false,
            false,
            false,
            false,
            false
        ],
        "bad_properties": [
            false,
            false,
            false,
            false,
            false
        ]
    }
}