{
    "recording": "dynamic29647-19-8-Video-9b4f6a1a067fe51e15306b9628efea20",
    "trial": "312",
    "trial_type": "train",
    "first_label": "NaturalImages",
    "label": "NaturalImages",
    "ID": null,
    "sampling_freq": 30,
    "valid_frames": 319,
    "peaks": [
        14,
        30,
        45,
        61,
        76,
        91,
        109,
        125,
        142,
        158,
        172,
        188,
        206,
        221,
        240,
        255,
        273,
        288,
        303
    ],
    "n_peaks": 19,
    "segments_n_peaks": 20,
    "segments_bad_n": 0,
    "segments_avg_duration": 15.95,
    "segments": {
        "frame_start": [
            0,
            15,
            31,
            46,
            62,
            77,
            92,
            110,
            126,
            143,
            159,
            173,
            189,
            207,
            222,
            241,
            256,
            274,
            289,
            304
        ],
        "frame_end": [
            15,
            31,
            46,
            62,
            77,
            92,
            110,
            126,
            143,
            159,
            173,
            189,
            207,
            222,
            241,
            256,
            274,
            289,
            304,
            319
        ],
        "duration": [
            15,
            16,
            15,
            16,
            15,
            15,
            18,
            16,
            17,
            16,
            14,
            16,
            18,
            15,
            19,
            15,
            18,
            15,
            15,
            15
        ],
        "transition_start": [
            1,
            0,
            0,
            1,
            0,
            0,
            1,
            1,
            0,
            1,
            0,
            1,
            0,
            0,
            1,
            0,
            0,
            0,
            0,
            0
        ],
        "transition_end": [
            0,
            0,
            0,
            0,
            0,
            0,
            0,
            0,
            0,
            0,
            0,
            0,
            0,
            0,
            1,
            0,
            1,
            0,
            1,
            0
        ],
        "max_change": [
            2.0194839173657902e-28,
            19.094607503298946,
            0.04403304735410095,
            8.798706697439046,
            14.579025997173384,
            0.5919159409060927,
            2.0194839173657902e-28,
            33.68716894151703,
            4.822595734576958,
            5.827111693895104,
            1.6370299666413952,
            12.914385440602791,
            6.329962486337885,
            3.4430597809364993,
            2.0194839173657902e-28,
            2.340771053758959,
            3.723919696827907,
            2.746067464009221,
            7.941067224453088,
            4.274645924007847
        ],
        "is_static": [
            true,
            true,
            true,
            true,
            true,
            true,
            true,
            true,
            true,
            true,
            true,
            true,
            true,
            true,
            true,
            true,
            true,
            true,
            true,
            true
        ],
        "intensity_range": [
            1.4210854715202004e-14,
            157.56250000000003,
            0.7349012507008155,
            198.93750000000003,
            14.62575792739787,
            254.25,
            1.4210854715202004e-14,
            233.12500000000006,
            4.423042042445815,
            226.5625,
            5.424642045698292,
            217.75000000000003,
            6.8977714667000924,
            115.25000000000003,
            1.4210854715202004e-14,
            217.9375,
            8.401756342895794,
            249.75000000000003,
            10.870019941373727,
            231.27048970227813
        ],
        "margin_left": [
            64,
            2,
            64,
            0,
            64,
            0,
            64,
            0,
            64,
            0,
            64,
            0,
            64,
            4,
            64,
            0,
            64,
            0,
            64,
            0
        ],
        "margin_right": [
            64,
            0,
            64,
            0,
            64,
            0,
            64,
            0,
            64,
            0,
            64,
            0,
            64,
            3,
            64,
            0,
            64,
            0,
            64,
            0
        ],
        "margin_top": [
            36,
            0,
            36,
            0,
            36,
            0,
            36,
            0,
            36,
            0,
            36,
            0,
            36,
            0,
            36,
            0,
            36,
            0,
            36,
            0
        ],
        "margin_bottom": [
            36,
            0,
            36,
            0,
            36,
            0,
            36,
            0,
            36,
            0,
            36,
            0,
            36,
            0,
            36,
            0,
            36,
            0,
            36,
            0
        ],
        "background_color": [
            128.0,
            106.91764705882352,
            128.0,
            110.93333333333334,
            128.0,
            95.87450980392157,
            128.0,
            254.49411764705883,
            128.0,
            148.078431372549,
            128.0,
            32.627450980392155,
            128.0,
            184.21960784313725,
            128.0,
            173.1764705882353,
            128.0,
            230.4,
            128.0,
            25.6
        ],
        "background_proportion": [
            0.9960937500000034,
            0.024183591206868235,
            0.9923180474175383,
            0.025853474934895926,
            0.9161410861545172,
            0.016976250542534783,
            0.9960937500000036,
            0.2525973849826398,
            0.9384663899739617,
            0.011384752061631986,
            0.9458505539667073,
            0.031502617730034835,
            0.8871219776294881,
            0.13549296061197963,
            0.9960937500000036,
            0.021126641167534797,
            0.9442647298177117,
            0.016169230143229223,
            0.9364318847656282,
            0.031502617730034724
        ],
        "is_uniform": [
            true,
            false,
            true,
            false,
            true,
            false,
            true,
            false,
            true,
            false,
            true,
            false,
            true,
            false,
            true,
            false,
            true,
            false,
            true,
            false
        ],
        "bad_properties": [
            false,
            false,
            false,
            false,
            false,
            false,
            false,
            false,
            false,
            false,
            false,
            false,
            false,
            false,
            false,
            false,
            false,
            false,
            false,
            false
        ]
    }
}