{
    "recording": "dynamic29647-19-8-Video-9b4f6a1a067fe51e15306b9628efea20",
    "trial": "315",
    "trial_type": "train",
    "first_label": "NaturalVideo",
    "label": "NaturalVideo",
    "ID": null,
    "sampling_freq": 30,
    "valid_frames": 300,
    "peaks": [
        58,
        193
    ],
    "n_peaks": 2,
    "segments_n_peaks": 3,
    "segments_bad_n": 0,
    "segments_avg_duration": 100.0,
    "segments": {
        "frame_start": [
            0,
            59,
            194
        ],
        "frame_end": [
            59,
            194,
            300
        ],
        "duration": [
            59,
            135,
            106
        ],
        "transition_start": [
            0,
            0,
            1
        ],
        "transition_end": [
            0,
            0,
            0
        ],
        "max_change": [
            8.094309993003911,
            47.272790355844755,
            36.64351563602693
        ],
        "is_static": [
            true,
            true,
            true
        ],
        "intensity_range": [
            194.42110863632138,
            234.50781113802313,
            203.9647841587837
        ],
        "margin_left": [
            0,
            0,
            0
        ],
        "margin_right": [
            0,
            0,
            0
        ],
        "margin_top": [
            0,
            0,
            0
        ],
        "margin_bottom": [
            0,
            0,
            0
        ],
        "background_color": [
            80.8156862745098,
            31.623529411764707,
            96.87843137254902
        ],
        "background_proportion": [
            0.01912521103681151,
            0.013475959683641976,
            0.03666590130518366
        ],
        "is_uniform": [
            false,
            false,
            false
        ],
        "bad_properties": [
            false,
            false,
            false
        ]
    }
}