{
    "recording": "dynamic29647-19-8-Video-9b4f6a1a067fe51e15306b9628efea20",
    "trial": "344",
    "trial_type": "train",
    "first_label": "PinkNoise",
    "label": "PinkNoise",
    "ID": null,
    "sampling_freq": 30,
    "valid_frames": 324,
    "peaks": [
        26,
        53,
        80,
        134,
        161,
        188,
        215,
        242,
        269,
        296
    ],
    "n_peaks": 10,
    "segments_n_peaks": 11,
    "segments_bad_n": 0,
    "segments_avg_duration": 27.0,
    "segments": {
        "frame_start": [
            0,
            27,
            54,
            81,
            108,
            135,
            162,
            189,
            216,
            243,
            270,
            297
        ],
        "frame_end": [
            27,
            54,
            81,
            108,
            135,
            162,
            189,
            216,
            243,
            270,
            297,
            324
        ],
        "duration": [
            27,
            27,
            27,
            27,
            27,
            27,
            27,
            27,
            27,
            27,
            27,
            27
        ],
        "transition_start": [
            0,
            0,
            0,
            0,
            0,
            0,
            0,
            0,
            0,
            0,
            0,
            0
        ],
        "transition_end": [
            0,
            0,
            0,
            0,
            0,
            0,
            0,
            0,
            0,
            0,
            0,
            0
        ],
        "max_change": [
            452.20771070723254,
            422.87711252508274,
            446.142002541168,
            468.02496532842036,
            474.88979149173986,
            405.08632082980387,
            399.3970144502289,
            437.8013797411187,
            390.78301024981124,
            392.1252993904707,
            385.5831490737891,
            424.48359019337164
        ],
        "is_static": [
            false,
            false,
            false,
            false,
            false,
            false,
            false,
            false,
            false,
            false,
            false,
            false
        ],
        "intensity_range": [
            254.09660706506878,
            254.81389011714552,
            254.76080711232134,
            254.8146443044491,
            254.37559484707774,
            253.89356293432195,
            253.2838703677736,
            254.73651296011187,
            254.6576754807877,
            253.6874597791564,
            253.15687359325375,
            252.73136037894596
        ],
        "margin_left": [
            0,
            0,
            0,
            0,
            0,
            0,
            0,
            0,
            0,
            0,
            0,
            0
        ],
        "margin_right": [
            0,
            0,
            0,
            0,
            0,
            0,
            0,
            0,
            0,
            0,
            0,
            0
        ],
        "margin_top": [
            0,
            0,
            0,
            0,
            0,
            0,
            0,
            0,
            0,
            0,
            0,
            0
        ],
        "margin_bottom": [
            0,
            0,
            0,
            0,
            0,
            0,
            0,
            0,
            0,
            0,
            0,
            0
        ],
        "background_color": [
            126.99607843137255,
            126.99607843137255,
            125.9921568627451,
            125.9921568627451,
            125.9921568627451,
            128.0,
            108.92549019607843,
            129.00392156862745,
            129.00392156862745,
            129.00392156862745,
            126.99607843137255,
            145.06666666666666
        ],
        "background_proportion": [
            0.009991681134259293,
            0.010984444323881211,
            0.010776284300250656,
            0.009911619586708999,
            0.00946327492042814,
            0.010039718062789388,
            0.010135791919849573,
            0.010424013491030129,
            0.010552111967110377,
            0.01024787808641979,
            0.009687447253568708,
            0.010007693443769325
        ],
        "is_uniform": [
            false,
            false,
            false,
            false,
            false,
            false,
            false,
            false,
            false,
            false,
            false,
            false
        ],
        "bad_properties": [
            false,
            false,
            false,
            false,
            false,
            false,
            false,
            false,
            false,
            false,
            false,
            false
        ]
    }
}