{
    "recording": "dynamic29647-19-8-Video-9b4f6a1a067fe51e15306b9628efea20",
    "trial": "47",
    "trial_type": "live_test_main",
    "first_label": "PinkNoise",
    "label": "PinkNoise",
    "ID": null,
    "sampling_freq": 30,
    "valid_frames": 324,
    "peaks": [
        26,
        53,
        107,
        134,
        161,
        188,
        215,
        242,
        269,
        296
    ],
    "n_peaks": 10,
    "segments_n_peaks": 11,
    "segments_bad_n": 0,
    "segments_avg_duration": 27.0,
    "segments": {
        "frame_start": [
            0,
            27,
            54,
            81,
            108,
            135,
            162,
            189,
            216,
            243,
            270,
            297
        ],
        "frame_end": [
            27,
            54,
            81,
            108,
            135,
            162,
            189,
            216,
            243,
            270,
            297,
            324
        ],
        "duration": [
            27,
            27,
            27,
            27,
            27,
            27,
            27,
            27,
            27,
            27,
            27,
            27
        ],
        "transition_start": [
            0,
            0,
            0,
            0,
            0,
            0,
            0,
            0,
            0,
            0,
            0,
            0
        ],
        "transition_end": [
            0,
            0,
            0,
            0,
            0,
            0,
            0,
            0,
            0,
            0,
            0,
            0
        ],
        "max_change": [
            471.49881377088764,
            448.24848609822925,
            435.0535881565618,
            486.7188748040874,
            407.3125218099727,
            426.51253795985434,
            409.6059376613761,
            440.7506492405996,
            446.95838718024066,
            404.83991111691824,
            449.0618045582386,
            399.84990377446064
        ],
        "is_static": [
            false,
            false,
            false,
            false,
            false,
            false,
            false,
            false,
            false,
            false,
            false,
            false
        ],
        "intensity_range": [
            254.98090168405656,
            254.8583652044622,
            254.50408918367717,
            254.2910552582624,
            254.30071966364494,
            254.84858357980264,
            254.92994115761798,
            255.00000000000003,
            254.74942596343126,
            252.4114507433431,
            251.38867431484724,
            252.69759825327085
        ],
        "margin_left": [
            0,
            0,
            0,
            0,
            0,
            0,
            0,
            0,
            0,
            0,
            0,
            0
        ],
        "margin_right": [
            0,
            0,
            0,
            0,
            0,
            0,
            0,
            0,
            0,
            0,
            0,
            0
        ],
        "margin_top": [
            0,
            0,
            0,
            0,
            0,
            0,
            0,
            0,
            0,
            0,
            0,
            0
        ],
        "margin_bottom": [
            0,
            0,
            0,
            0,
            0,
            0,
            0,
            0,
            0,
            0,
            0,
            0
        ],
        "background_color": [
            119.96862745098039,
            126.99607843137255,
            134.0235294117647,
            124.98823529411764,
            135.02745098039216,
            124.98823529411764,
            130.0078431372549,
            129.00392156862745,
            128.0,
            136.0313725490196,
            129.00392156862745,
            125.9921568627451
        ],
        "background_proportion": [
            0.009431250301408211,
            0.010215853467399729,
            0.010391988872010068,
            0.009927631896219171,
            0.009927631896219171,
            0.01005573037229942,
            0.010359964252990005,
            0.009879594967689078,
            0.01005573037229942,
            0.01024787808641979,
            0.010840333538290933,
            0.010343951943479828
        ],
        "is_uniform": [
            false,
            false,
            false,
            false,
            false,
            false,
            false,
            false,
            false,
            false,
            false,
            false
        ],
        "bad_properties": [
            false,
            false,
            false,
            false,
            false,
            false,
            false,
            false,
            false,
            false,
            false,
            false
        ]
    }
}