{
    "recording": "dynamic29647-19-8-Video-9b4f6a1a067fe51e15306b9628efea20",
    "trial": "48",
    "trial_type": "train",
    "first_label": "PinkNoise",
    "label": "PinkNoise",
    "ID": null,
    "sampling_freq": 30,
    "valid_frames": 324,
    "peaks": [
        26,
        53,
        107,
        134,
        161,
        188,
        215,
        242,
        269,
        296
    ],
    "n_peaks": 10,
    "segments_n_peaks": 11,
    "segments_bad_n": 0,
    "segments_avg_duration": 27.0,
    "segments": {
        "frame_start": [
            0,
            27,
            54,
            81,
            108,
            135,
            162,
            189,
            216,
            243,
            270,
            297
        ],
        "frame_end": [
            27,
            54,
            81,
            108,
            135,
            162,
            189,
            216,
            243,
            270,
            297,
            324
        ],
        "duration": [
            27,
            27,
            27,
            27,
            27,
            27,
            27,
            27,
            27,
            27,
            27,
            27
        ],
        "transition_start": [
            0,
            0,
            0,
            0,
            0,
            0,
            0,
            0,
            0,
            0,
            0,
            0
        ],
        "transition_end": [
            0,
            0,
            0,
            0,
            0,
            0,
            0,
            0,
            0,
            0,
            0,
            0
        ],
        "max_change": [
            471.5257417675465,
            448.24038874905847,
            435.0375196403631,
            486.729022875647,
            407.30931961103806,
            426.5353382683141,
            409.6322078805774,
            440.7288927158859,
            446.93395504608026,
            404.8492821867242,
            448.9154278940905,
            399.87275890610647
        ],
        "is_static": [
            false,
            false,
            false,
            false,
            false,
            false,
            false,
            false,
            false,
            false,
            false,
            false
        ],
        "intensity_range": [
            254.98093237274455,
            254.85825993680677,
            254.5041020038261,
            254.29106772595657,
            254.30071443761003,
            254.8485603930337,
            254.92994715207368,
            255.00000000000003,
            254.74941438114314,
            252.41141918220222,
            251.38871050259925,
            252.697647218222
        ],
        "margin_left": [
            0,
            0,
            0,
            0,
            0,
            0,
            0,
            0,
            0,
            0,
            0,
            0
        ],
        "margin_right": [
            0,
            0,
            0,
            0,
            0,
            0,
            0,
            0,
            0,
            0,
            0,
            0
        ],
        "margin_top": [
            0,
            0,
            0,
            0,
            0,
            0,
            0,
            0,
            0,
            0,
            0,
            0
        ],
        "margin_bottom": [
            0,
            0,
            0,
            0,
            0,
            0,
            0,
            0,
            0,
            0,
            0,
            0
        ],
        "background_color": [
            119.96862745098039,
            126.99607843137255,
            134.0235294117647,
            124.98823529411764,
            135.02745098039216,
            124.98823529411764,
            130.0078431372549,
            129.00392156862745,
            128.0,
            136.0313725490196,
            129.00392156862745,
            125.9921568627451
        ],
        "background_proportion": [
            0.009431250301408211,
            0.010215853467399729,
            0.010375976562500036,
            0.009927631896219171,
            0.009927631896219171,
            0.010039718062789388,
            0.010375976562500036,
            0.009879594967689078,
            0.01005573037229942,
            0.01026389039592982,
            0.010840333538290933,
            0.010343951943479828
        ],
        "is_uniform": [
            false,
            false,
            false,
            false,
            false,
            false,
            false,
            false,
            false,
            false,
            false,
            false
        ],
        "bad_properties": [
            false,
            false,
            false,
            false,
            false,
            false,
            false,
            false,
            false,
            false,
            false,
            false
        ]
    }
}