{
    "recording": "dynamic29647-19-8-Video-9b4f6a1a067fe51e15306b9628efea20",
    "trial": "53",
    "trial_type": "final_test_main",
    "first_label": "NaturalImages",
    "label": "NaturalImages",
    "ID": null,
    "sampling_freq": 30,
    "valid_frames": 313,
    "peaks": [
        14,
        29,
        44,
        60,
        78,
        94,
        113,
        128,
        145,
        161,
        175,
        190,
        204,
        220,
        236,
        251,
        265,
        281,
        297
    ],
    "n_peaks": 19,
    "segments_n_peaks": 20,
    "segments_bad_n": 0,
    "segments_avg_duration": 15.65,
    "segments": {
        "frame_start": [
            0,
            15,
            30,
            45,
            61,
            79,
            95,
            114,
            129,
            146,
            162,
            176,
            191,
            205,
            221,
            237,
            252,
            266,
            282,
            298
        ],
        "frame_end": [
            15,
            30,
            45,
            61,
            79,
            95,
            114,
            129,
            146,
            162,
            176,
            191,
            205,
            221,
            237,
            252,
            266,
            282,
            298,
            313
        ],
        "duration": [
            15,
            15,
            15,
            16,
            18,
            16,
            19,
            15,
            17,
            16,
            14,
            15,
            14,
            16,
            16,
            15,
            14,
            16,
            16,
            15
        ],
        "transition_start": [
            1,
            0,
            1,
            0,
            0,
            1,
            0,
            0,
            1,
            1,
            0,
            0,
            1,
            1,
            0,
            0,
            0,
            0,
            0,
            0
        ],
        "transition_end": [
            0,
            0,
            0,
            0,
            0,
            0,
            0,
            0,
            0,
            0,
            0,
            0,
            0,
            0,
            1,
            0,
            0,
            1,
            0,
            0
        ],
        "max_change": [
            29.340476985576906,
            0.03348787764496344,
            2.0194839173657902e-28,
            42.37903771939919,
            0.1510869013642918,
            5.531291943411656,
            12.957396770341056,
            1.405265952097189,
            2.0194839173657902e-28,
            8.900809372016603,
            2.6278071068800113,
            0.9656268718932507,
            2.0194839173657902e-28,
            5.492678898478549,
            4.6891917605208375,
            3.770737162084357,
            5.523818195584344,
            6.244741843006635,
            1.2189663256410346,
            4.11366902499254
        ],
        "is_static": [
            true,
            true,
            true,
            true,
            true,
            true,
            true,
            true,
            true,
            true,
            true,
            true,
            true,
            true,
            true,
            true,
            true,
            true,
            true,
            true
        ],
        "intensity_range": [
            15.958273925610428,
            238.68750000000003,
            1.4210854715202004e-14,
            204.75000000000003,
            1.8763151476091195,
            204.125,
            12.357557247068755,
            237.6875,
            1.4210854715202004e-14,
            236.9375,
            10.182527334594795,
            238.5625,
            1.4210854715202004e-14,
            244.8125,
            8.12504391996751,
            220.43750000000003,
            8.41266086673457,
            239.75000000000003,
            5.0015253922440195,
            205.3125
        ],
        "margin_left": [
            64,
            0,
            64,
            0,
            64,
            1,
            64,
            0,
            64,
            0,
            64,
            0,
            64,
            0,
            64,
            0,
            64,
            0,
            64,
            0
        ],
        "margin_right": [
            64,
            0,
            64,
            3,
            64,
            0,
            64,
            0,
            64,
            0,
            64,
            0,
            64,
            0,
            64,
            0,
            64,
            0,
            64,
            0
        ],
        "margin_top": [
            36,
            0,
            36,
            0,
            36,
            0,
            36,
            0,
            36,
            0,
            36,
            0,
            36,
            0,
            36,
            0,
            36,
            0,
            36,
            0
        ],
        "margin_bottom": [
            36,
            0,
            36,
            0,
            36,
            0,
            36,
            0,
            36,
            0,
            36,
            0,
            36,
            0,
            36,
            0,
            36,
            0,
            36,
            0
        ],
        "background_color": [
            128.0,
            4.517647058823529,
            128.0,
            92.86274509803921,
            128.0,
            157.1137254901961,
            128.0,
            37.647058823529406,
            128.0,
            255.49803921568628,
            128.0,
            101.89803921568628,
            128.0,
            77.80392156862746,
            128.0,
            65.75686274509803,
            128.0,
            254.49411764705883,
            128.0,
            153.09803921568627
        ],
        "background_proportion": [
            0.926797049386164,
            0.021299574110243056,
            0.9960937500000034,
            0.021967887878418045,
            0.9848771271882268,
            0.015996297200520888,
            0.9230068273711656,
            0.01807149251302077,
            0.9960937500000036,
            0.07101779513888914,
            0.8772949945359034,
            0.03314548068576354,
            0.9960937500000036,
            0.014411078559027625,
            0.9383917914496561,
            0.015563964843750056,
            0.8658999488467293,
            0.0290527343750001,
            0.9489695231119826,
            0.018157958984375066
        ],
        "is_uniform": [
            true,
            false,
            true,
            false,
            true,
            false,
            true,
            false,
            true,
            false,
            true,
            false,
            true,
            false,
            true,
            false,
            true,
            false,
            true,
            false
        ],
        "bad_properties": [
            false,
            false,
            false,
            false,
            false,
            false,
            false,
            false,
            false,
            false,
            false,
            false,
            false,
            false,
            false,
            false,
            false,
            false,
            false,
            false
        ]
    }
}