{
    "recording": "dynamic29647-19-8-Video-9b4f6a1a067fe51e15306b9628efea20",
    "trial": "535",
    "trial_type": "train",
    "first_label": "NaturalVideo",
    "label": "NaturalVideo",
    "ID": null,
    "sampling_freq": 30,
    "valid_frames": 300,
    "peaks": [
        64,
        109,
        201,
        276
    ],
    "n_peaks": 4,
    "segments_n_peaks": 5,
    "segments_bad_n": 0,
    "segments_avg_duration": 60.0,
    "segments": {
        "frame_start": [
            0,
            65,
            110,
            202,
            277
        ],
        "frame_end": [
            65,
            110,
            202,
            277,
            300
        ],
        "duration": [
            65,
            45,
            92,
            75,
            23
        ],
        "transition_start": [
            0,
            0,
            0,
            0,
            1
        ],
        "transition_end": [
            0,
            0,
            0,
            0,
            0
        ],
        "max_change": [
            5957.557737756805,
            241.57655703241622,
            4062.47800074841,
            4327.703111257969,
            15.973538915146134
        ],
        "is_static": [
            false,
            false,
            false,
            false,
            true
        ],
        "intensity_range": [
            247.11255105697865,
            223.70089308041295,
            230.1875,
            234.696805488532,
            228.71084113896762
        ],
        "margin_left": [
            0,
            0,
            0,
            0,
            0
        ],
        "margin_right": [
            0,
            0,
            0,
            0,
            0
        ],
        "margin_top": [
            0,
            0,
            0,
            0,
            0
        ],
        "margin_bottom": [
            0,
            0,
            0,
            0,
            0
        ],
        "background_color": [
            4.517647058823529,
            174.18039215686275,
            130.0078431372549,
            31.623529411764707,
            16.56470588235294
        ],
        "background_proportion": [
            0.021437033628806088,
            0.056011058666088166,
            0.010996279509171234,
            0.03290913899739583,
            0.1196971084132339
        ],
        "is_uniform": [
            false,
            false,
            false,
            false,
            false
        ],
        "bad_properties": [
            false,
            false,
            false,
            false,
            false
        ]
    }
}