{
    "recording": "dynamic29647-19-8-Video-9b4f6a1a067fe51e15306b9628efea20",
    "trial": "560",
    "trial_type": "train",
    "first_label": "NaturalVideo",
    "label": "NaturalVideo",
    "ID": null,
    "sampling_freq": 30,
    "valid_frames": 300,
    "peaks": [
        119,
        207,
        261
    ],
    "n_peaks": 3,
    "segments_n_peaks": 4,
    "segments_bad_n": 0,
    "segments_avg_duration": 75.0,
    "segments": {
        "frame_start": [
            0,
            120,
            208,
            262
        ],
        "frame_end": [
            120,
            208,
            262,
            300
        ],
        "duration": [
            120,
            88,
            54,
            38
        ],
        "transition_start": [
            0,
            0,
            0,
            1
        ],
        "transition_end": [
            0,
            0,
            0,
            0
        ],
        "max_change": [
            20.660905962801042,
            97.31811215658,
            51.53772204589642,
            10.44990352900902
        ],
        "is_static": [
            true,
            false,
            false,
            true
        ],
        "intensity_range": [
            111.26504763712268,
            253.12500000000006,
            114.74255263873873,
            252.06250000000006
        ],
        "margin_left": [
            0,
            0,
            0,
            0
        ],
        "margin_right": [
            0,
            0,
            0,
            0
        ],
        "margin_top": [
            0,
            0,
            0,
            0
        ],
        "margin_bottom": [
            0,
            0,
            0,
            6
        ],
        "background_color": [
            3.5137254901960784,
            5.52156862745098,
            5.52156862745098,
            5.52156862745098
        ],
        "background_proportion": [
            0.07478629218207465,
            0.0651790156508937,
            0.14612033043378664,
            0.16295424452773086
        ],
        "is_uniform": [
            false,
            false,
            false,
            false
        ],
        "bad_properties": [
            false,
            false,
            false,
            false
        ]
    }
}