{
    "recording": "dynamic29647-19-8-Video-9b4f6a1a067fe51e15306b9628efea20",
    "trial": "561",
    "trial_type": "train",
    "first_label": "NaturalVideo",
    "label": "NaturalVideo",
    "ID": null,
    "sampling_freq": 30,
    "valid_frames": 300,
    "peaks": [
        93,
        157,
        222,
        270
    ],
    "n_peaks": 4,
    "segments_n_peaks": 5,
    "segments_bad_n": 0,
    "segments_avg_duration": 60.0,
    "segments": {
        "frame_start": [
            0,
            94,
            158,
            223,
            271
        ],
        "frame_end": [
            94,
            158,
            223,
            271,
            300
        ],
        "duration": [
            94,
            64,
            65,
            48,
            29
        ],
        "transition_start": [
            0,
            0,
            0,
            0,
            0
        ],
        "transition_end": [
            0,
            0,
            0,
            0,
            0
        ],
        "max_change": [
            5911.191892127162,
            5553.759038448331,
            2330.44292424244,
            1919.9339792932046,
            105.32006165326145
        ],
        "is_static": [
            false,
            false,
            false,
            false,
            false
        ],
        "intensity_range": [
            242.8740693107744,
            242.6986474128167,
            242.26859580526005,
            239.0935119187385,
            135.98854666608776
        ],
        "margin_left": [
            0,
            0,
            0,
            0,
            0
        ],
        "margin_right": [
            0,
            0,
            0,
            0,
            0
        ],
        "margin_top": [
            0,
            0,
            0,
            0,
            0
        ],
        "margin_bottom": [
            0,
            0,
            0,
            0,
            0
        ],
        "background_color": [
            10.541176470588235,
            5.52156862745098,
            24.596078431372547,
            10.541176470588235,
            23.5921568627451
        ],
        "background_proportion": [
            0.01900422657635195,
            0.016725858052571613,
            0.016481839693509616,
            0.014429092407226562,
            0.022853982859644396
        ],
        "is_uniform": [
            false,
            false,
            false,
            false,
            false
        ],
        "bad_properties": [
            false,
            false,
            false,
            false,
            false
        ]
    }
}