{
    "recording": "dynamic29647-19-8-Video-9b4f6a1a067fe51e15306b9628efea20",
    "trial": "569",
    "trial_type": "train",
    "first_label": "NaturalVideo",
    "label": "NaturalVideo",
    "ID": null,
    "sampling_freq": 30,
    "valid_frames": 300,
    "peaks": [
        30,
        260
    ],
    "n_peaks": 2,
    "segments_n_peaks": 3,
    "segments_bad_n": 0,
    "segments_avg_duration": 100.0,
    "segments": {
        "frame_start": [
            0,
            31,
            261
        ],
        "frame_end": [
            31,
            261,
            300
        ],
        "duration": [
            31,
            230,
            39
        ],
        "transition_start": [
            0,
            0,
            0
        ],
        "transition_end": [
            0,
            0,
            0
        ],
        "max_change": [
            272.05870133394353,
            2298.649767656078,
            3128.9999789210488
        ],
        "is_static": [
            false,
            false,
            false
        ],
        "intensity_range": [
            171.23939778231852,
            253.125,
            252.3659967978718
        ],
        "margin_left": [
            0,
            0,
            0
        ],
        "margin_right": [
            0,
            0,
            0
        ],
        "margin_top": [
            0,
            0,
            0
        ],
        "margin_bottom": [
            0,
            0,
            0
        ],
        "background_color": [
            85.83529411764707,
            4.517647058823529,
            5.52156862745098
        ],
        "background_proportion": [
            0.09809760637180676,
            0.08264878867329031,
            0.05194639548277243
        ],
        "is_uniform": [
            false,
            false,
            false
        ],
        "bad_properties": [
            false,
            false,
            false
        ]
    }
}