{
    "recording": "dynamic29647-19-8-Video-9b4f6a1a067fe51e15306b9628efea20",
    "trial": "600",
    "trial_type": "final_test_bonus",
    "first_label": "NaturalImages",
    "label": "NaturalImages",
    "ID": null,
    "sampling_freq": 30,
    "valid_frames": 312,
    "peaks": [
        16,
        31,
        49,
        65,
        78,
        94,
        107,
        123,
        140,
        155,
        173,
        188,
        202,
        218,
        235,
        251,
        265,
        280,
        296
    ],
    "n_peaks": 19,
    "segments_n_peaks": 20,
    "segments_bad_n": 0,
    "segments_avg_duration": 15.6,
    "segments": {
        "frame_start": [
            0,
            17,
            32,
            50,
            66,
            79,
            95,
            108,
            124,
            141,
            156,
            174,
            189,
            203,
            219,
            236,
            252,
            266,
            281,
            297
        ],
        "frame_end": [
            17,
            32,
            50,
            66,
            79,
            95,
            108,
            124,
            141,
            156,
            174,
            189,
            203,
            219,
            236,
            252,
            266,
            281,
            297,
            312
        ],
        "duration": [
            17,
            15,
            18,
            16,
            13,
            16,
            13,
            16,
            17,
            15,
            18,
            15,
            14,
            16,
            17,
            16,
            14,
            15,
            16,
            15
        ],
        "transition_start": [
            1,
            0,
            1,
            1,
            0,
            1,
            0,
            1,
            0,
            0,
            1,
            0,
            1,
            1,
            0,
            0,
            0,
            0,
            0,
            0
        ],
        "transition_end": [
            0,
            0,
            0,
            0,
            0,
            0,
            0,
            0,
            0,
            0,
            0,
            0,
            0,
            0,
            0,
            1,
            1,
            0,
            0,
            0
        ],
        "max_change": [
            17.80227900138298,
            0.026337019853782444,
            2.0194839173657902e-28,
            18.790130916643587,
            0.5291415231689602,
            6.2571827369824415,
            0.4261009635422476,
            7.315327186184419,
            5.418625757228377,
            1.0649577265214374,
            11.834824150111935,
            4.407932698221425,
            2.0194839173657902e-28,
            2.608666382277752,
            5.94346305273608,
            6.650451176066955,
            2.0194839173657902e-28,
            0.8553390563915937,
            2.1300775335806983,
            2.380192189254341
        ],
        "is_static": [
            true,
            true,
            true,
            true,
            true,
            true,
            true,
            true,
            true,
            true,
            true,
            true,
            true,
            true,
            true,
            true,
            true,
            true,
            true,
            true
        ],
        "intensity_range": [
            16.352492852329178,
            245.6875,
            1.4210854715202004e-14,
            201.125,
            1.9973666251281372,
            210.25,
            3.007563957836311,
            221.50000000000003,
            11.909524375007209,
            248.6875,
            10.719046302715611,
            249.75,
            1.4210854715202004e-14,
            205.31250000000003,
            7.363141818296469,
            194.06250000000003,
            1.4210854715202004e-14,
            149.3125,
            7.637919882030388,
            225.75000000000003
        ],
        "margin_left": [
            64,
            0,
            64,
            0,
            64,
            0,
            64,
            0,
            64,
            0,
            64,
            0,
            64,
            0,
            64,
            0,
            64,
            0,
            64,
            0
        ],
        "margin_right": [
            64,
            0,
            64,
            0,
            64,
            0,
            64,
            0,
            64,
            0,
            64,
            0,
            64,
            0,
            64,
            0,
            64,
            0,
            64,
            0
        ],
        "margin_top": [
            36,
            0,
            36,
            0,
            36,
            0,
            36,
            0,
            36,
            0,
            36,
            0,
            36,
            0,
            36,
            0,
            36,
            0,
            36,
            0
        ],
        "margin_bottom": [
            36,
            0,
            36,
            0,
            36,
            0,
            36,
            0,
            36,
            0,
            36,
            0,
            36,
            0,
            36,
            0,
            36,
            0,
            36,
            0
        ],
        "background_color": [
            128.0,
            94.87058823529412,
            128.0,
            243.45098039215685,
            128.0,
            98.88627450980391,
            128.0,
            75.79607843137255,
            128.0,
            80.8156862745098,
            128.0,
            21.584313725490198,
            128.0,
            146.0705882352941,
            128.0,
            48.69019607843137,
            128.0,
            128.0,
            128.0,
            124.98823529411764
        ],
        "background_proportion": [
            0.93759377797445,
            0.01991611056857646,
            0.9960937500000036,
            0.02057902018229174,
            0.943848047501005,
            0.012710571289062365,
            0.961540417793473,
            0.021126641167534797,
            0.9062194824218781,
            0.017379760742187562,
            0.9404500325520867,
            0.023317125108506944,
            0.9960937500000036,
            0.022077772352430636,
            0.8973693847656281,
            0.055597941080729366,
            0.9960937500000036,
            0.022481282552083412,
            0.9209760030110711,
            0.025507609049479258
        ],
        "is_uniform": [
            true,
            false,
            true,
            false,
            true,
            false,
            true,
            false,
            true,
            false,
            true,
            false,
            true,
            false,
            true,
            false,
            true,
            false,
            true,
            false
        ],
        "bad_properties": [
            false,
            false,
            false,
            false,
            false,
            false,
            false,
            false,
            false,
            false,
            false,
            false,
            false,
            false,
            false,
            false,
            false,
            false,
            false,
            false
        ]
    }
}