{
    "recording": "dynamic29647-19-8-Video-9b4f6a1a067fe51e15306b9628efea20",
    "trial": "62",
    "trial_type": "train",
    "first_label": "NaturalVideo",
    "label": "NaturalVideo",
    "ID": null,
    "sampling_freq": 30,
    "valid_frames": 300,
    "peaks": [
        74,
        121,
        247
    ],
    "n_peaks": 3,
    "segments_n_peaks": 4,
    "segments_bad_n": 0,
    "segments_avg_duration": 75.0,
    "segments": {
        "frame_start": [
            0,
            75,
            122,
            248
        ],
        "frame_end": [
            75,
            122,
            248,
            300
        ],
        "duration": [
            75,
            47,
            126,
            52
        ],
        "transition_start": [
            0,
            0,
            0,
            0
        ],
        "transition_end": [
            0,
            0,
            0,
            0
        ],
        "max_change": [
            1804.0956234499665,
            1842.6418503779084,
            2445.598317204083,
            1764.0337411183184
        ],
        "is_static": [
            false,
            false,
            false,
            false
        ],
        "intensity_range": [
            237.2915366350876,
            235.97015077825145,
            230.96776086397344,
            238.58626764761115
        ],
        "margin_left": [
            0,
            0,
            0,
            0
        ],
        "margin_right": [
            0,
            0,
            0,
            0
        ],
        "margin_top": [
            0,
            0,
            0,
            0
        ],
        "margin_bottom": [
            0,
            0,
            0,
            0
        ],
        "background_color": [
            7.529411764705882,
            194.25882352941176,
            25.6,
            180.20392156862744
        ],
        "background_proportion": [
            0.017103068033854165,
            0.04597440679022622,
            0.010122067083126653,
            0.014973664895082185
        ],
        "is_uniform": [
            false,
            false,
            false,
            false
        ],
        "bad_properties": [
            false,
            false,
            false,
            false
        ]
    }
}