{
    "recording": "dynamic29647-19-8-Video-9b4f6a1a067fe51e15306b9628efea20",
    "trial": "634",
    "trial_type": "train",
    "first_label": "NaturalVideo",
    "label": "NaturalVideo",
    "ID": null,
    "sampling_freq": 30,
    "valid_frames": 300,
    "peaks": [
        145,
        219,
        273
    ],
    "n_peaks": 3,
    "segments_n_peaks": 4,
    "segments_bad_n": 0,
    "segments_avg_duration": 75.0,
    "segments": {
        "frame_start": [
            0,
            146,
            220,
            274
        ],
        "frame_end": [
            146,
            220,
            274,
            300
        ],
        "duration": [
            146,
            74,
            54,
            26
        ],
        "transition_start": [
            0,
            1,
            0,
            1
        ],
        "transition_end": [
            0,
            0,
            0,
            0
        ],
        "max_change": [
            150.29844834308287,
            28.330013141704754,
            125.17311393491696,
            31.364492398828858
        ],
        "is_static": [
            false,
            true,
            false,
            true
        ],
        "intensity_range": [
            253.75000000000006,
            175.6875,
            195.71521809023682,
            148.3125
        ],
        "margin_left": [
            0,
            0,
            0,
            0
        ],
        "margin_right": [
            0,
            0,
            0,
            1
        ],
        "margin_top": [
            0,
            0,
            0,
            0
        ],
        "margin_bottom": [
            0,
            0,
            0,
            0
        ],
        "background_color": [
            17.568627450980394,
            4.517647058823529,
            23.5921568627451,
            24.596078431372547
        ],
        "background_proportion": [
            0.04888316812036244,
            0.03551047686572489,
            0.049061716338734566,
            0.0327880859375
        ],
        "is_uniform": [
            false,
            false,
            false,
            false
        ],
        "bad_properties": [
            false,
            false,
            false,
            false
        ]
    }
}