{
    "recording": "dynamic29647-19-8-Video-9b4f6a1a067fe51e15306b9628efea20",
    "trial": "64",
    "trial_type": "train",
    "first_label": "NaturalImages",
    "label": "NaturalImages",
    "ID": null,
    "sampling_freq": 30,
    "valid_frames": 326,
    "peaks": [
        17,
        33,
        51,
        67,
        84,
        100,
        116,
        131,
        150,
        166,
        183,
        199,
        212,
        228,
        246,
        261,
        278,
        294,
        310
    ],
    "n_peaks": 19,
    "segments_n_peaks": 20,
    "segments_bad_n": 0,
    "segments_avg_duration": 16.3,
    "segments": {
        "frame_start": [
            0,
            18,
            34,
            52,
            68,
            85,
            101,
            117,
            132,
            151,
            167,
            184,
            200,
            213,
            229,
            247,
            262,
            279,
            295,
            311
        ],
        "frame_end": [
            18,
            34,
            52,
            68,
            85,
            101,
            117,
            132,
            151,
            167,
            184,
            200,
            213,
            229,
            247,
            262,
            279,
            295,
            311,
            326
        ],
        "duration": [
            18,
            16,
            18,
            16,
            17,
            16,
            16,
            15,
            19,
            16,
            17,
            16,
            13,
            16,
            18,
            15,
            17,
            16,
            16,
            15
        ],
        "transition_start": [
            1,
            0,
            0,
            1,
            0,
            1,
            0,
            0,
            1,
            1,
            0,
            1,
            0,
            1,
            0,
            0,
            0,
            0,
            0,
            0
        ],
        "transition_end": [
            0,
            0,
            0,
            0,
            0,
            0,
            0,
            0,
            0,
            0,
            0,
            0,
            0,
            0,
            1,
            0,
            0,
            1,
            1,
            0
        ],
        "max_change": [
            2.0194839173657902e-28,
            44.102515267120665,
            0.10883705630296106,
            26.735612481865378,
            0.8032772371444644,
            8.528544794613875,
            6.656972145158623,
            0.7733484182841063,
            2.0194839173657902e-28,
            14.567890136758207,
            4.725249945638091,
            4.212250141437643,
            2.487802523660739,
            1.9771175059259636,
            1.939098416197955,
            2.7515179927156868,
            4.8062721375871815,
            7.571350689752126,
            2.0194839173657902e-28,
            7.524621846830586
        ],
        "is_static": [
            true,
            true,
            true,
            true,
            true,
            true,
            true,
            true,
            true,
            true,
            true,
            true,
            true,
            true,
            true,
            true,
            true,
            true,
            true,
            true
        ],
        "intensity_range": [
            1.4210854715202004e-14,
            237.25000000000003,
            1.2107633319848787,
            247.43750000000003,
            2.526238406746586,
            236.75000000000003,
            10.463733489566238,
            203.0,
            1.4210854715202004e-14,
            252.5625,
            6.333631037291639,
            239.06250000000003,
            7.179790549060058,
            226.625,
            7.793430762077577,
            244.25000000000003,
            9.609229434525531,
            246.5625,
            1.4210854715202004e-14,
            194.4571085315207
        ],
        "margin_left": [
            64,
            0,
            64,
            0,
            64,
            0,
            64,
            0,
            64,
            0,
            64,
            0,
            64,
            0,
            64,
            0,
            64,
            0,
            64,
            0
        ],
        "margin_right": [
            64,
            4,
            64,
            0,
            64,
            0,
            64,
            0,
            64,
            0,
            64,
            0,
            64,
            0,
            64,
            0,
            64,
            0,
            64,
            2
        ],
        "margin_top": [
            36,
            0,
            36,
            0,
            36,
            0,
            36,
            0,
            36,
            0,
            36,
            0,
            36,
            0,
            36,
            0,
            36,
            0,
            36,
            0
        ],
        "margin_bottom": [
            36,
            0,
            36,
            0,
            36,
            0,
            36,
            0,
            36,
            0,
            36,
            0,
            36,
            0,
            36,
            0,
            36,
            0,
            36,
            0
        ],
        "background_color": [
            128.0,
            246.46274509803922,
            128.0,
            20.580392156862743,
            128.0,
            96.87843137254902,
            128.0,
            76.8,
            128.0,
            250.478431372549,
            128.0,
            98.88627450980391,
            128.0,
            142.05490196078432,
            128.0,
            149.08235294117645,
            128.0,
            52.705882352941174,
            128.0,
            74.79215686274509
        ],
        "background_proportion": [
            0.9960937500000036,
            0.017779668172200582,
            0.9863902904369248,
            0.03213670518663195,
            0.9490203857421908,
            0.017898559570312562,
            0.8946577707926464,
            0.03216552734375011,
            0.9960937500000036,
            0.027035183376736206,
            0.94217936197917,
            0.009626600477430454,
            0.9321418175330561,
            0.015016343858506998,
            0.9547932942708367,
            0.01302761501736079,
            0.8949279785156281,
            0.01619805230034728,
            0.9960937500000036,
            0.027582804361978873
        ],
        "is_uniform": [
            true,
            false,
            true,
            false,
            true,
            false,
            true,
            false,
            true,
            false,
            true,
            false,
            true,
            false,
            true,
            false,
            true,
            false,
            true,
            false
        ],
        "bad_properties": [
            false,
            false,
            false,
            false,
            false,
            false,
            false,
            false,
            false,
            false,
            false,
            false,
            false,
            false,
            false,
            false,
            false,
            false,
            false,
            false
        ]
    }
}