{
    "recording": "dynamic29647-19-8-Video-9b4f6a1a067fe51e15306b9628efea20",
    "trial": "662",
    "trial_type": "train",
    "first_label": "NaturalVideo",
    "label": "NaturalVideo",
    "ID": null,
    "sampling_freq": 30,
    "valid_frames": 300,
    "peaks": [
        104,
        231
    ],
    "n_peaks": 2,
    "segments_n_peaks": 3,
    "segments_bad_n": 0,
    "segments_avg_duration": 100.0,
    "segments": {
        "frame_start": [
            0,
            105,
            232
        ],
        "frame_end": [
            105,
            232,
            300
        ],
        "duration": [
            105,
            127,
            68
        ],
        "transition_start": [
            0,
            0,
            0
        ],
        "transition_end": [
            0,
            0,
            0
        ],
        "max_change": [
            25.36575300681028,
            107.10595515776812,
            88.74979005835286
        ],
        "is_static": [
            true,
            false,
            false
        ],
        "intensity_range": [
            139.31484113572978,
            169.89037259314827,
            253.11018426229586
        ],
        "margin_left": [
            0,
            0,
            0
        ],
        "margin_right": [
            0,
            0,
            0
        ],
        "margin_top": [
            0,
            0,
            0
        ],
        "margin_bottom": [
            0,
            0,
            0
        ],
        "background_color": [
            3.5137254901960784,
            3.5137254901960784,
            18.57254901960784
        ],
        "background_proportion": [
            0.2510286361452133,
            0.09594033709348343,
            0.034688313802083336
        ],
        "is_uniform": [
            false,
            false,
            false
        ],
        "bad_properties": [
            false,
            false,
            false
        ]
    }
}