{
    "recording": "dynamic29647-19-8-Video-9b4f6a1a067fe51e15306b9628efea20",
    "trial": "690",
    "trial_type": "live_test_bonus",
    "first_label": "NaturalVideo",
    "label": "NaturalVideo",
    "ID": null,
    "sampling_freq": 30,
    "valid_frames": 300,
    "peaks": [
        4,
        127,
        245
    ],
    "n_peaks": 3,
    "segments_n_peaks": 4,
    "segments_bad_n": 0,
    "segments_avg_duration": 75.0,
    "segments": {
        "frame_start": [
            0,
            5,
            128,
            246
        ],
        "frame_end": [
            5,
            128,
            246,
            300
        ],
        "duration": [
            5,
            123,
            118,
            54
        ],
        "transition_start": [
            0,
            0,
            0,
            1
        ],
        "transition_end": [
            0,
            0,
            0,
            0
        ],
        "max_change": [
            42.219145136555085,
            65.36923204593919,
            270.0641725807792,
            37.87018665569592
        ],
        "is_static": [
            true,
            false,
            false,
            true
        ],
        "intensity_range": [
            245.875,
            238.81991135030495,
            245.42619756164945,
            191.67947191946794
        ],
        "margin_left": [
            4,
            0,
            9,
            0
        ],
        "margin_right": [
            0,
            0,
            0,
            0
        ],
        "margin_top": [
            0,
            0,
            0,
            0
        ],
        "margin_bottom": [
            0,
            0,
            0,
            0
        ],
        "background_color": [
            17.568627450980394,
            16.56470588235294,
            17.568627450980394,
            2.5098039215686274
        ],
        "background_proportion": [
            0.048248291015625,
            0.025243991758765245,
            0.05052060057214425,
            0.20892257210593554
        ],
        "is_uniform": [
            false,
            false,
            false,
            false
        ],
        "bad_properties": [
            false,
            false,
            false,
            false
        ]
    }
}