{
    "recording": "dynamic29647-19-8-Video-9b4f6a1a067fe51e15306b9628efea20",
    "trial": "73",
    "trial_type": "train",
    "first_label": "PinkNoise",
    "label": "PinkNoise",
    "ID": null,
    "sampling_freq": 30,
    "valid_frames": 324,
    "peaks": [
        26,
        53,
        80,
        134,
        161,
        188,
        215,
        242,
        269,
        296
    ],
    "n_peaks": 10,
    "segments_n_peaks": 11,
    "segments_bad_n": 0,
    "segments_avg_duration": 27.0,
    "segments": {
        "frame_start": [
            0,
            27,
            54,
            81,
            108,
            135,
            162,
            189,
            216,
            243,
            270,
            297
        ],
        "frame_end": [
            27,
            54,
            81,
            108,
            135,
            162,
            189,
            216,
            243,
            270,
            297,
            324
        ],
        "duration": [
            27,
            27,
            27,
            27,
            27,
            27,
            27,
            27,
            27,
            27,
            27,
            27
        ],
        "transition_start": [
            0,
            0,
            0,
            0,
            0,
            0,
            0,
            0,
            0,
            0,
            0,
            0
        ],
        "transition_end": [
            0,
            0,
            0,
            0,
            0,
            0,
            0,
            0,
            0,
            0,
            0,
            0
        ],
        "max_change": [
            434.0776784138375,
            408.9790881211237,
            409.3930400802956,
            441.62674732117534,
            454.54334268698454,
            407.1663422059351,
            386.74939723154915,
            426.7197485967974,
            440.338123917418,
            419.05314912130933,
            395.19658361626324,
            482.0551326017022
        ],
        "is_static": [
            false,
            false,
            false,
            false,
            false,
            false,
            false,
            false,
            false,
            false,
            false,
            false
        ],
        "intensity_range": [
            254.81735839878314,
            254.42659583984423,
            254.65852761880714,
            254.8298845060861,
            253.63133404311026,
            252.99953637541313,
            254.897676800046,
            254.38960779400645,
            254.37152018533578,
            254.72903385049773,
            254.69934885704075,
            254.22806453212672
        ],
        "margin_left": [
            0,
            0,
            0,
            0,
            0,
            0,
            0,
            0,
            0,
            0,
            0,
            0
        ],
        "margin_right": [
            0,
            0,
            0,
            0,
            0,
            0,
            0,
            0,
            0,
            0,
            0,
            0
        ],
        "margin_top": [
            0,
            0,
            0,
            0,
            0,
            0,
            0,
            0,
            0,
            0,
            0,
            0
        ],
        "margin_bottom": [
            0,
            0,
            0,
            0,
            0,
            0,
            0,
            0,
            0,
            0,
            0,
            0
        ],
        "background_color": [
            135.02745098039216,
            139.04313725490195,
            123.9843137254902,
            123.9843137254902,
            120.97254901960784,
            122.98039215686273,
            121.97647058823529,
            121.97647058823529,
            140.04705882352943,
            138.0392156862745,
            126.99607843137255,
            136.0313725490196
        ],
        "background_proportion": [
            0.010231865776909758,
            0.010007693443769325,
            0.010840333538290933,
            0.009895607277199108,
            0.01007174268180945,
            0.01015180422935946,
            0.010520087348090314,
            0.009463274920428274,
            0.010007693443769042,
            0.010119779610339543,
            0.010904382776331057,
            0.009831558039158986
        ],
        "is_uniform": [
            false,
            false,
            false,
            false,
            false,
            false,
            false,
            false,
            false,
            false,
            false,
            false
        ],
        "bad_properties": [
            false,
            false,
            false,
            false,
            false,
            false,
            false,
            false,
            false,
            false,
            false,
            false
        ]
    }
}