{
    "recording": "dynamic29647-19-8-Video-9b4f6a1a067fe51e15306b9628efea20",
    "trial": "92",
    "trial_type": "train",
    "first_label": "NaturalVideo",
    "label": "NaturalVideo",
    "ID": null,
    "sampling_freq": 30,
    "valid_frames": 300,
    "peaks": [
        4,
        178
    ],
    "n_peaks": 2,
    "segments_n_peaks": 3,
    "segments_bad_n": 0,
    "segments_avg_duration": 100.0,
    "segments": {
        "frame_start": [
            0,
            5,
            179
        ],
        "frame_end": [
            5,
            179,
            300
        ],
        "duration": [
            5,
            174,
            121
        ],
        "transition_start": [
            0,
            0,
            1
        ],
        "transition_end": [
            0,
            0,
            0
        ],
        "max_change": [
            0.19364160571649217,
            55.30429287050217,
            7.116470943183259
        ],
        "is_static": [
            true,
            false,
            true
        ],
        "intensity_range": [
            196.1875,
            160.77385408256347,
            135.25
        ],
        "margin_left": [
            0,
            0,
            0
        ],
        "margin_right": [
            0,
            0,
            0
        ],
        "margin_top": [
            0,
            0,
            0
        ],
        "margin_bottom": [
            0,
            0,
            0
        ],
        "background_color": [
            3.5137254901960784,
            1.5058823529411764,
            16.56470588235294
        ],
        "background_proportion": [
            0.0391693115234375,
            0.07754402599115481,
            0.0329941643608941
        ],
        "is_uniform": [
            false,
            false,
            false
        ],
        "bad_properties": [
            false,
            false,
            false
        ]
    }
}