{
    "recording": "dynamic29156-11-10-Video-8744edeac3b4d1ce16b680916b5267ce",
    "trial": "105",
    "trial_type": "train",
    "first_label": "NaturalVideo",
    "label": "NaturalVideo",
    "ID": null,
    "sampling_freq": 30,
    "valid_frames": 300,
    "peaks": [
        5,
        62,
        166,
        222
    ],
    "n_peaks": 4,
    "segments_n_peaks": 5,
    "segments_bad_n": 0,
    "segments_avg_duration": 60.0,
    "segments": {
        "frame_start": [
            0,
            6,
            63,
            167,
            223
        ],
        "frame_end": [
            6,
            63,
            167,
            223,
            300
        ],
        "duration": [
            6,
            57,
            104,
            56,
            77
        ],
        "transition_start": [
            0,
            0,
            0,
            0,
            0
        ],
        "transition_end": [
            0,
            0,
            0,
            0,
            0
        ],
        "max_change": [
            67.42562118226627,
            26.83356278697753,
            25.227568031862184,
            18.107257464172395,
            29.555099302194076
        ],
        "is_static": [
            false,
            true,
            true,
            true,
            true
        ],
        "intensity_range": [
            73.51914978027344,
            108.97271728515625,
            90.84203338623047,
            82.47530364990234,
            181.89987182617188
        ],
        "margin_left": [
            0,
            0,
            8,
            0,
            0
        ],
        "margin_right": [
            12,
            0,
            0,
            2,
            0
        ],
        "margin_top": [
            0,
            0,
            0,
            0,
            0
        ],
        "margin_bottom": [
            0,
            0,
            0,
            1,
            0
        ],
        "background_color": [
            1.5058825016021729,
            9.53725528717041,
            3.513725757598877,
            9.53725528717041,
            3.513725757598877
        ],
        "background_proportion": [
            0.09266322965453941,
            0.06648816956744452,
            0.04508311129953387,
            0.061777209376498055,
            0.14178252897645843
        ],
        "is_uniform": [
            false,
            false,
            false,
            false,
            false
        ],
        "bad_properties": [
            false,
            false,
            false,
            false,
            false
        ]
    }
}