{
    "recording": "dynamic29156-11-10-Video-8744edeac3b4d1ce16b680916b5267ce",
    "trial": "200",
    "trial_type": "train",
    "first_label": "NaturalVideo",
    "label": "NaturalVideo",
    "ID": null,
    "sampling_freq": 30,
    "valid_frames": 300,
    "peaks": [
        41,
        86,
        132,
        177,
        242
    ],
    "n_peaks": 5,
    "segments_n_peaks": 6,
    "segments_bad_n": 0,
    "segments_avg_duration": 50.0,
    "segments": {
        "frame_start": [
            0,
            42,
            87,
            133,
            178,
            243
        ],
        "frame_end": [
            42,
            87,
            133,
            178,
            243,
            300
        ],
        "duration": [
            42,
            45,
            46,
            45,
            65,
            57
        ],
        "transition_start": [
            0,
            0,
            0,
            0,
            0,
            0
        ],
        "transition_end": [
            0,
            0,
            0,
            0,
            0,
            0
        ],
        "max_change": [
            2.1628064453510834,
            3.24130214354261,
            5.99778570047374,
            12.33768484948151,
            27.364749123323584,
            67.95455324626495
        ],
        "is_static": [
            true,
            true,
            true,
            true,
            true,
            false
        ],
        "intensity_range": [
            96.10325622558594,
            105.46299743652344,
            114.62085723876953,
            124.27469635009766,
            100.50049591064453,
            207.83416748046875
        ],
        "margin_left": [
            0,
            31,
            0,
            0,
            0,
            0
        ],
        "margin_right": [
            18,
            0,
            0,
            0,
            22,
            0
        ],
        "margin_top": [
            0,
            0,
            0,
            0,
            0,
            10
        ],
        "margin_bottom": [
            0,
            6,
            0,
            7,
            0,
            0
        ],
        "background_color": [
            2.5098040103912354,
            2.5098040103912354,
            18.57254981994629,
            3.513725757598877,
            1.5058825016021729,
            10.541176795959473
        ],
        "background_proportion": [
            0.18231044826579304,
            0.20398402546858058,
            0.03585539216064203,
            0.08592844246945386,
            0.13192122241666238,
            0.0625440846740985
        ],
        "is_uniform": [
            false,
            false,
            false,
            false,
            false,
            false
        ],
        "bad_properties": [
            false,
            false,
            false,
            false,
            false,
            false
        ]
    }
}