{
    "recording": "dynamic29156-11-10-Video-8744edeac3b4d1ce16b680916b5267ce",
    "trial": "320",
    "trial_type": "final_test_bonus",
    "first_label": "NaturalVideo",
    "label": "NaturalVideo",
    "ID": null,
    "sampling_freq": 30,
    "valid_frames": 300,
    "peaks": [
        85,
        245
    ],
    "n_peaks": 2,
    "segments_n_peaks": 3,
    "segments_bad_n": 0,
    "segments_avg_duration": 100.0,
    "segments": {
        "frame_start": [
            0,
            86,
            246
        ],
        "frame_end": [
            86,
            246,
            300
        ],
        "duration": [
            86,
            160,
            54
        ],
        "transition_start": [
            0,
            0,
            1
        ],
        "transition_end": [
            0,
            0,
            0
        ],
        "max_change": [
            4.444259221601886,
            28.263577785966024,
            22.014906865287962
        ],
        "is_static": [
            true,
            true,
            true
        ],
        "intensity_range": [
            200.8125,
            90.83319091796875,
            127.71426391601562
        ],
        "margin_left": [
            0,
            4,
            0
        ],
        "margin_right": [
            0,
            9,
            0
        ],
        "margin_top": [
            0,
            0,
            0
        ],
        "margin_bottom": [
            0,
            1,
            0
        ],
        "background_color": [
            3.513725757598877,
            79.811767578125,
            2.5098040103912354
        ],
        "background_proportion": [
            0.013507870186059529,
            0.028063775781618103,
            0.04662663959618473
        ],
        "is_uniform": [
            false,
            false,
            false
        ],
        "bad_properties": [
            false,
            false,
            false
        ]
    }
}