{
    "recording": "dynamic29156-11-10-Video-8744edeac3b4d1ce16b680916b5267ce",
    "trial": "322",
    "trial_type": "live_test_main",
    "first_label": "NaturalVideo",
    "label": "NaturalVideo",
    "ID": null,
    "sampling_freq": 30,
    "valid_frames": 300,
    "peaks": [
        174,
        234
    ],
    "n_peaks": 2,
    "segments_n_peaks": 3,
    "segments_bad_n": 0,
    "segments_avg_duration": 100.0,
    "segments": {
        "frame_start": [
            0,
            175,
            235
        ],
        "frame_end": [
            175,
            235,
            300
        ],
        "duration": [
            175,
            60,
            65
        ],
        "transition_start": [
            0,
            0,
            1
        ],
        "transition_end": [
            0,
            0,
            0
        ],
        "max_change": [
            45.01493894191295,
            29.307962971923036,
            16.177155761716495
        ],
        "is_static": [
            true,
            true,
            true
        ],
        "intensity_range": [
            222.59085083007812,
            251.68875122070312,
            174.38009643554688
        ],
        "margin_left": [
            0,
            13,
            15
        ],
        "margin_right": [
            0,
            0,
            0
        ],
        "margin_top": [
            0,
            1,
            2
        ],
        "margin_bottom": [
            0,
            0,
            0
        ],
        "background_color": [
            1.5058825016021729,
            5.521568775177002,
            9.53725528717041
        ],
        "background_proportion": [
            0.0661023782057279,
            0.09384494916998375,
            0.049866838248580986
        ],
        "is_uniform": [
            false,
            false,
            false
        ],
        "bad_properties": [
            false,
            false,
            false
        ]
    }
}