{
    "recording": "dynamic29156-11-10-Video-8744edeac3b4d1ce16b680916b5267ce",
    "trial": "328",
    "trial_type": "train",
    "first_label": "RandomDots",
    "label": "RandomDots",
    "ID": null,
    "sampling_freq": 30,
    "valid_frames": 240,
    "peaks": [
        59,
        119,
        179
    ],
    "n_peaks": 3,
    "segments_n_peaks": 4,
    "segments_bad_n": 0,
    "segments_avg_duration": 60.0,
    "segments": {
        "frame_start": [
            0,
            60,
            120,
            180
        ],
        "frame_end": [
            60,
            120,
            180,
            240
        ],
        "duration": [
            60,
            60,
            60,
            60
        ],
        "transition_start": [
            0,
            0,
            0,
            0
        ],
        "transition_end": [
            0,
            0,
            0,
            0
        ],
        "max_change": [
            259.1816839692917,
            541.8499484541609,
            343.8060082755798,
            365.7994352320104
        ],
        "is_static": [
            false,
            false,
            false,
            false
        ],
        "intensity_range": [
            153.0,
            153.0,
            153.0,
            153.0
        ],
        "margin_left": [
            0,
            0,
            0,
            0
        ],
        "margin_right": [
            0,
            0,
            0,
            0
        ],
        "margin_top": [
            0,
            0,
            0,
            0
        ],
        "margin_bottom": [
            0,
            0,
            0,
            0
        ],
        "background_color": [
            128.0,
            128.0,
            128.0,
            128.0
        ],
        "background_proportion": [
            0.7385333854605135,
            0.6282174108722324,
            0.5900571625757245,
            0.6522621141512065
        ],
        "is_uniform": [
            false,
            false,
            false,
            false
        ],
        "bad_properties": [
            false,
            false,
            false,
            false
        ]
    }
}