{
    "recording": "dynamic29156-11-10-Video-8744edeac3b4d1ce16b680916b5267ce",
    "trial": "425",
    "trial_type": "train",
    "first_label": "PinkNoise",
    "label": "PinkNoise",
    "ID": null,
    "sampling_freq": 30,
    "valid_frames": 324,
    "peaks": [
        26,
        53,
        80,
        107,
        134,
        161,
        188,
        215,
        269,
        296
    ],
    "n_peaks": 10,
    "segments_n_peaks": 11,
    "segments_bad_n": 0,
    "segments_avg_duration": 27.0,
    "segments": {
        "frame_start": [
            0,
            27,
            54,
            81,
            108,
            135,
            162,
            189,
            216,
            243,
            270,
            297
        ],
        "frame_end": [
            27,
            54,
            81,
            108,
            135,
            162,
            189,
            216,
            243,
            270,
            297,
            324
        ],
        "duration": [
            27,
            27,
            27,
            27,
            27,
            27,
            27,
            27,
            27,
            27,
            27,
            27
        ],
        "transition_start": [
            0,
            0,
            0,
            0,
            0,
            0,
            0,
            0,
            0,
            0,
            0,
            0
        ],
        "transition_end": [
            0,
            0,
            0,
            0,
            0,
            0,
            0,
            0,
            0,
            0,
            0,
            0
        ],
        "max_change": [
            442.26963738161044,
            480.8250523661875,
            453.28261165098286,
            418.0782250831328,
            451.29757076001556,
            409.01135654919733,
            422.6865875633828,
            404.6999658880387,
            395.85464255913416,
            413.684427000554,
            380.8922274346484,
            434.3416955269131
        ],
        "is_static": [
            false,
            false,
            false,
            false,
            false,
            false,
            false,
            false,
            false,
            false,
            false,
            false
        ],
        "intensity_range": [
            254.9973907470703,
            255.0,
            254.4237823486328,
            253.3115997314453,
            253.51153564453125,
            253.93968200683594,
            254.62327575683594,
            253.66232299804688,
            253.55874633789062,
            254.19454956054688,
            254.92152404785156,
            254.87899780273438
        ],
        "margin_left": [
            0,
            0,
            0,
            0,
            0,
            0,
            0,
            0,
            0,
            0,
            0,
            0
        ],
        "margin_right": [
            0,
            0,
            0,
            0,
            0,
            0,
            0,
            0,
            0,
            0,
            0,
            0
        ],
        "margin_top": [
            0,
            0,
            0,
            0,
            0,
            0,
            0,
            0,
            0,
            0,
            0,
            0
        ],
        "margin_bottom": [
            0,
            0,
            0,
            0,
            0,
            0,
            0,
            0,
            0,
            0,
            0,
            0
        ],
        "background_color": [
            117.96078491210938,
            137.03530883789062,
            131.01177978515625,
            142.05490112304688,
            136.0313720703125,
            133.01962280273438,
            121.97647094726562,
            121.97647094726562,
            129.00393676757812,
            130.00784301757812,
            125.99215698242188,
            129.00393676757812
        ],
        "background_proportion": [
            0.009847570935629948,
            0.009159041585659075,
            0.010119780213525411,
            0.009943644798416583,
            0.010632174148387458,
            0.010183829455383167,
            0.010167817144918729,
            0.010135792523989851,
            0.010504075664671944,
            0.010151804834454289,
            0.010632174148387458,
            0.01042401411234975
        ],
        "is_uniform": [
            false,
            false,
            false,
            false,
            false,
            false,
            false,
            false,
            false,
            false,
            false,
            false
        ],
        "bad_properties": [
            false,
            false,
            false,
            false,
            false,
            false,
            false,
            false,
            false,
            false,
            false,
            false
        ]
    }
}