{
    "recording": "dynamic29156-11-10-Video-8744edeac3b4d1ce16b680916b5267ce",
    "trial": "60",
    "trial_type": "live_test_bonus",
    "first_label": "PinkNoise",
    "label": "PinkNoise",
    "ID": null,
    "sampling_freq": 30,
    "valid_frames": 324,
    "peaks": [
        53,
        80,
        107,
        134,
        162,
        188,
        216,
        242,
        269,
        296
    ],
    "n_peaks": 10,
    "segments_n_peaks": 11,
    "segments_bad_n": 0,
    "segments_avg_duration": 27.0,
    "segments": {
        "frame_start": [
            0,
            27,
            54,
            81,
            108,
            135,
            163,
            189,
            217,
            243,
            270,
            297
        ],
        "frame_end": [
            27,
            54,
            81,
            108,
            135,
            163,
            189,
            217,
            243,
            270,
            297,
            324
        ],
        "duration": [
            27,
            27,
            27,
            27,
            27,
            28,
            26,
            28,
            26,
            27,
            27,
            27
        ],
        "transition_start": [
            0,
            0,
            0,
            0,
            0,
            0,
            0,
            0,
            0,
            0,
            0,
            0
        ],
        "transition_end": [
            0,
            0,
            0,
            0,
            0,
            0,
            0,
            0,
            0,
            0,
            0,
            0
        ],
        "max_change": [
            457.2570627346938,
            433.7028131285992,
            491.4938387712387,
            419.91285723493627,
            461.68496855157133,
            418.2569442790865,
            399.8967803871027,
            391.34554873430375,
            390.6003015412621,
            415.02859899144823,
            408.6903532093252,
            417.27660816093874
        ],
        "is_static": [
            false,
            false,
            false,
            false,
            false,
            false,
            false,
            false,
            false,
            false,
            false,
            false
        ],
        "intensity_range": [
            254.9846649169922,
            254.69906616210938,
            254.69610595703125,
            253.7964324951172,
            254.9112091064453,
            253.93826293945312,
            254.30892944335938,
            254.33631896972656,
            254.8202362060547,
            253.97190856933594,
            253.3913116455078,
            254.01998901367188
        ],
        "margin_left": [
            0,
            0,
            0,
            0,
            0,
            0,
            0,
            0,
            0,
            0,
            0,
            0
        ],
        "margin_right": [
            0,
            0,
            0,
            0,
            0,
            0,
            0,
            0,
            0,
            0,
            0,
            0
        ],
        "margin_top": [
            0,
            0,
            0,
            0,
            0,
            0,
            0,
            0,
            0,
            0,
            0,
            0
        ],
        "margin_bottom": [
            0,
            0,
            0,
            0,
            0,
            0,
            0,
            0,
            0,
            0,
            0,
            0
        ],
        "background_color": [
            131.01177978515625,
            133.01962280273438,
            138.03921508789062,
            137.03530883789062,
            134.02352905273438,
            133.01962280273438,
            133.01962280273438,
            125.99215698242188,
            115.95294189453125,
            133.01962280273438,
            136.0313720703125,
            129.00393676757812
        ],
        "background_proportion": [
            0.010359964870491995,
            0.010632174148387458,
            0.009735484762378876,
            0.010151804834454289,
            0.009991681729809899,
            0.009928204356183017,
            0.010957963080529312,
            0.010623024256693491,
            0.010276208169601083,
            0.010279903318169801,
            0.010327940249563117,
            0.010007694040274337
        ],
        "is_uniform": [
            false,
            false,
            false,
            false,
            false,
            false,
            false,
            false,
            false,
            false,
            false,
            false
        ],
        "bad_properties": [
            false,
            false,
            false,
            false,
            false,
            false,
            false,
            false,
            false,
            false,
            false,
            false
        ]
    }
}