{
    "recording": "dynamic29156-11-10-Video-8744edeac3b4d1ce16b680916b5267ce",
    "trial": "725",
    "trial_type": "live_test_bonus",
    "first_label": "PinkNoise",
    "label": "PinkNoise",
    "ID": null,
    "sampling_freq": 30,
    "valid_frames": 324,
    "peaks": [
        53,
        80,
        107,
        134,
        162,
        188,
        216,
        242,
        269,
        296
    ],
    "n_peaks": 10,
    "segments_n_peaks": 11,
    "segments_bad_n": 0,
    "segments_avg_duration": 27.0,
    "segments": {
        "frame_start": [
            0,
            27,
            54,
            81,
            108,
            135,
            163,
            189,
            217,
            243,
            270,
            297
        ],
        "frame_end": [
            27,
            54,
            81,
            108,
            135,
            163,
            189,
            217,
            243,
            270,
            297,
            324
        ],
        "duration": [
            27,
            27,
            27,
            27,
            27,
            28,
            26,
            28,
            26,
            27,
            27,
            27
        ],
        "transition_start": [
            0,
            0,
            0,
            0,
            0,
            0,
            0,
            0,
            0,
            0,
            0,
            0
        ],
        "transition_end": [
            0,
            0,
            0,
            0,
            0,
            0,
            0,
            0,
            0,
            0,
            0,
            0
        ],
        "max_change": [
            457.25109898151163,
            433.67320090319964,
            491.43634269494237,
            419.8517253022027,
            461.60605798636436,
            418.17429250626657,
            399.79350898540656,
            391.26074361843325,
            390.5055817085538,
            414.9084333564431,
            408.61028187865213,
            417.1613487968492
        ],
        "is_static": [
            false,
            false,
            false,
            false,
            false,
            false,
            false,
            false,
            false,
            false,
            false,
            false
        ],
        "intensity_range": [
            254.98463439941406,
            254.69833374023438,
            254.6954803466797,
            253.7943572998047,
            254.91102600097656,
            253.93614196777344,
            254.30934143066406,
            254.3353271484375,
            254.81982421875,
            253.9723663330078,
            253.3863525390625,
            254.01882934570312
        ],
        "margin_left": [
            0,
            0,
            0,
            0,
            0,
            0,
            0,
            0,
            0,
            0,
            0,
            0
        ],
        "margin_right": [
            0,
            0,
            0,
            0,
            0,
            0,
            0,
            0,
            0,
            0,
            0,
            0
        ],
        "margin_top": [
            0,
            0,
            0,
            0,
            0,
            0,
            0,
            0,
            0,
            0,
            0,
            0
        ],
        "margin_bottom": [
            0,
            0,
            0,
            0,
            0,
            0,
            0,
            0,
            0,
            0,
            0,
            0
        ],
        "background_color": [
            131.01177978515625,
            133.01962280273438,
            138.03921508789062,
            137.03530883789062,
            134.02352905273438,
            138.03921508789062,
            133.01962280273438,
            125.99215698242188,
            124.98823547363281,
            133.01962280273438,
            136.0313720703125,
            129.00393676757812
        ],
        "background_proportion": [
            0.010359964870491995,
            0.010632174148387458,
            0.00968744783098556,
            0.010167817144918729,
            0.00997566941934546,
            0.009959085240650149,
            0.010941334911970085,
            0.01051494116105853,
            0.010309464506719533,
            0.010183829455383167,
            0.01029591562863424,
            0.010023706350738777
        ],
        "is_uniform": [
            false,
            false,
            false,
            false,
            false,
            false,
            false,
            false,
            false,
            false,
            false,
            false
        ],
        "bad_properties": [
            false,
            false,
            false,
            false,
            false,
            false,
            false,
            false,
            false,
            false,
            false,
            false
        ]
    }
}