{
    "recording": "dynamic29156-11-10-Video-8744edeac3b4d1ce16b680916b5267ce",
    "trial": "86",
    "trial_type": "train",
    "first_label": "NaturalVideo",
    "label": "NaturalVideo",
    "ID": null,
    "sampling_freq": 30,
    "valid_frames": 300,
    "peaks": [
        69,
        289
    ],
    "n_peaks": 2,
    "segments_n_peaks": 3,
    "segments_bad_n": 0,
    "segments_avg_duration": 100.0,
    "segments": {
        "frame_start": [
            0,
            70,
            290
        ],
        "frame_end": [
            70,
            290,
            300
        ],
        "duration": [
            70,
            220,
            10
        ],
        "transition_start": [
            0,
            0,
            1
        ],
        "transition_end": [
            0,
            0,
            0
        ],
        "max_change": [
            32.64223703358121,
            236.6580431167473,
            1.844187659834488
        ],
        "is_static": [
            true,
            false,
            true
        ],
        "intensity_range": [
            237.75,
            216.33975219726562,
            156.564453125
        ],
        "margin_left": [
            0,
            0,
            0
        ],
        "margin_right": [
            0,
            0,
            16
        ],
        "margin_top": [
            0,
            0,
            0
        ],
        "margin_bottom": [
            0,
            0,
            0
        ],
        "background_color": [
            18.57254981994629,
            3.513725757598877,
            3.513725757598877
        ],
        "background_proportion": [
            0.03847140586915335,
            0.15067369497363373,
            0.1583296882710867
        ],
        "is_uniform": [
            false,
            false,
            false
        ],
        "bad_properties": [
            false,
            false,
            false
        ]
    }
}