{
    "recording": "dynamic29514-2-9-Video-8744edeac3b4d1ce16b680916b5267ce",
    "trial": "229",
    "trial_type": "train",
    "first_label": "NaturalVideo",
    "label": "NaturalVideo",
    "ID": null,
    "sampling_freq": 30,
    "valid_frames": 300,
    "peaks": [
        25,
        110,
        236
    ],
    "n_peaks": 3,
    "segments_n_peaks": 4,
    "segments_bad_n": 0,
    "segments_avg_duration": 75.0,
    "segments": {
        "frame_start": [
            0,
            26,
            111,
            237
        ],
        "frame_end": [
            26,
            111,
            237,
            300
        ],
        "duration": [
            26,
            85,
            126,
            63
        ],
        "transition_start": [
            0,
            0,
            0,
            0
        ],
        "transition_end": [
            0,
            0,
            0,
            0
        ],
        "max_change": [
            1250.4103969352836,
            63.212993246452776,
            178.1964939807954,
            598.2335748244714
        ],
        "is_static": [
            false,
            false,
            false,
            false
        ],
        "intensity_range": [
            215.81939697265625,
            127.9744873046875,
            174.0181121826172,
            120.48072814941406
        ],
        "margin_left": [
            0,
            0,
            0,
            0
        ],
        "margin_right": [
            0,
            0,
            0,
            0
        ],
        "margin_top": [
            0,
            0,
            0,
            0
        ],
        "margin_bottom": [
            0,
            0,
            0,
            0
        ],
        "background_color": [
            217.34902954101562,
            1.5058825016021729,
            3.513725757598877,
            1.5058825016021729
        ],
        "background_proportion": [
            0.022248489532243124,
            0.11031086587216087,
            0.03778103756832819,
            0.07064173043500176
        ],
        "is_uniform": [
            false,
            false,
            false,
            false
        ],
        "bad_properties": [
            false,
            false,
            false,
            false
        ]
    }
}