{
    "recording": "dynamic29514-2-9-Video-8744edeac3b4d1ce16b680916b5267ce",
    "trial": "344",
    "trial_type": "final_test_bonus",
    "first_label": "Gabor",
    "label": "Gabor",
    "ID": null,
    "sampling_freq": 30,
    "valid_frames": 300,
    "peaks": [
        24,
        49,
        74,
        99,
        124,
        149,
        174,
        199,
        224,
        249,
        275
    ],
    "n_peaks": 11,
    "segments_n_peaks": 12,
    "segments_bad_n": 0,
    "segments_avg_duration": 25.0,
    "segments": {
        "frame_start": [
            0,
            25,
            50,
            75,
            100,
            125,
            150,
            175,
            200,
            225,
            250,
            276
        ],
        "frame_end": [
            25,
            50,
            75,
            100,
            125,
            150,
            175,
            200,
            225,
            250,
            276,
            300
        ],
        "duration": [
            25,
            25,
            25,
            25,
            25,
            25,
            25,
            25,
            25,
            25,
            26,
            24
        ],
        "transition_start": [
            0,
            0,
            0,
            0,
            0,
            0,
            0,
            0,
            0,
            0,
            0,
            0
        ],
        "transition_end": [
            0,
            0,
            0,
            0,
            0,
            0,
            0,
            0,
            0,
            0,
            0,
            0
        ],
        "max_change": [
            2.5243130851606566,
            2.5264465988400895,
            214.79592397545983,
            106.17098994313804,
            22.27697298335319,
            27.906805232298918,
            17.407709176193194,
            17.47692883239784,
            176.8342328492585,
            37.30407979768794,
            152.08020617389627,
            165.33029603845404
        ],
        "is_static": [
            true,
            true,
            false,
            false,
            true,
            true,
            true,
            true,
            false,
            true,
            false,
            false
        ],
        "intensity_range": [
            219.2757568359375,
            220.23074340820312,
            182.48614501953125,
            188.13255310058594,
            223.34425354003906,
            222.6619873046875,
            216.41656494140625,
            219.10887145996094,
            178.27297973632812,
            213.7307586669922,
            186.05043029785156,
            157.89212036132812
        ],
        "margin_left": [
            23,
            22,
            23,
            23,
            22,
            22,
            22,
            22,
            23,
            22,
            23,
            23
        ],
        "margin_right": [
            23,
            22,
            23,
            23,
            22,
            22,
            22,
            22,
            23,
            22,
            23,
            23
        ],
        "margin_top": [
            8,
            8,
            9,
            9,
            8,
            8,
            8,
            9,
            9,
            8,
            9,
            9
        ],
        "margin_bottom": [
            8,
            8,
            9,
            9,
            8,
            8,
            8,
            9,
            9,
            8,
            9,
            9
        ],
        "background_color": [
            128.0,
            128.0,
            128.0,
            128.0,
            128.0,
            128.0,
            128.0,
            128.0,
            128.0,
            128.0,
            128.0,
            128.0
        ],
        "background_proportion": [
            0.6434613348329749,
            0.6424929176556616,
            0.6470237265923771,
            0.6472831240505859,
            0.6419222432476022,
            0.6410057055619307,
            0.641714725281035,
            0.6436169733079001,
            0.6507763431544656,
            0.6415245004783485,
            0.6503726142900226,
            0.6554829659239668
        ],
        "is_uniform": [
            false,
            false,
            false,
            false,
            false,
            false,
            false,
            false,
            false,
            false,
            false,
            false
        ],
        "bad_properties": [
            false,
            false,
            false,
            false,
            false,
            false,
            false,
            false,
            false,
            false,
            false,
            false
        ]
    }
}