{
    "recording": "dynamic29514-2-9-Video-8744edeac3b4d1ce16b680916b5267ce",
    "trial": "487",
    "trial_type": "train",
    "first_label": "NaturalVideo",
    "label": "NaturalVideo",
    "ID": null,
    "sampling_freq": 30,
    "valid_frames": 300,
    "peaks": [
        131,
        230,
        285
    ],
    "n_peaks": 3,
    "segments_n_peaks": 4,
    "segments_bad_n": 0,
    "segments_avg_duration": 75.0,
    "segments": {
        "frame_start": [
            0,
            132,
            231,
            286
        ],
        "frame_end": [
            132,
            231,
            286,
            300
        ],
        "duration": [
            132,
            99,
            55,
            14
        ],
        "transition_start": [
            0,
            0,
            0,
            0
        ],
        "transition_end": [
            0,
            0,
            0,
            0
        ],
        "max_change": [
            711.0892801645548,
            1238.8660519075008,
            147.40307073761585,
            199.6329505379794
        ],
        "is_static": [
            false,
            false,
            false,
            false
        ],
        "intensity_range": [
            236.89801025390625,
            201.2301483154297,
            205.05322265625,
            224.60748291015625
        ],
        "margin_left": [
            0,
            0,
            0,
            0
        ],
        "margin_right": [
            0,
            0,
            0,
            0
        ],
        "margin_top": [
            0,
            0,
            0,
            0
        ],
        "margin_bottom": [
            0,
            0,
            0,
            0
        ],
        "background_color": [
            12.549019813537598,
            159.12158203125,
            89.85098266601562,
            4.5176472663879395
        ],
        "background_proportion": [
            0.015753930000126405,
            0.021848069796433094,
            0.010902636628777709,
            0.03220876249921893
        ],
        "is_uniform": [
            false,
            false,
            false,
            false
        ],
        "bad_properties": [
            false,
            false,
            false,
            false
        ]
    }
}