{
    "recording": "dynamic29514-2-9-Video-8744edeac3b4d1ce16b680916b5267ce",
    "trial": "579",
    "trial_type": "final_test_bonus",
    "first_label": "NaturalVideo",
    "label": "NaturalVideo",
    "ID": null,
    "sampling_freq": 30,
    "valid_frames": 300,
    "peaks": [
        131,
        230,
        285
    ],
    "n_peaks": 3,
    "segments_n_peaks": 4,
    "segments_bad_n": 0,
    "segments_avg_duration": 75.0,
    "segments": {
        "frame_start": [
            0,
            132,
            231,
            286
        ],
        "frame_end": [
            132,
            231,
            286,
            300
        ],
        "duration": [
            132,
            99,
            55,
            14
        ],
        "transition_start": [
            0,
            0,
            0,
            0
        ],
        "transition_end": [
            0,
            0,
            0,
            0
        ],
        "max_change": [
            711.2367797319965,
            1239.3795174108102,
            147.23249814545449,
            199.47770615462073
        ],
        "is_static": [
            false,
            false,
            false,
            false
        ],
        "intensity_range": [
            236.89797973632812,
            201.23052978515625,
            205.05323791503906,
            224.60806274414062
        ],
        "margin_left": [
            0,
            0,
            0,
            0
        ],
        "margin_right": [
            0,
            0,
            0,
            0
        ],
        "margin_top": [
            0,
            0,
            0,
            0
        ],
        "margin_bottom": [
            0,
            0,
            0,
            0
        ],
        "background_color": [
            12.549019813537598,
            159.12158203125,
            89.85098266601562,
            4.5176472663879395
        ],
        "background_proportion": [
            0.015753930000126405,
            0.021826234827617953,
            0.010918357806324611,
            0.03220876249921893
        ],
        "is_uniform": [
            false,
            false,
            false,
            false
        ],
        "bad_properties": [
            false,
            false,
            false,
            false
        ]
    }
}