{
    "recording": "dynamic29514-2-9-Video-8744edeac3b4d1ce16b680916b5267ce",
    "trial": "607",
    "trial_type": "live_test_main",
    "first_label": "Gabor",
    "label": "Gabor",
    "ID": null,
    "sampling_freq": 30,
    "valid_frames": 300,
    "peaks": [
        24,
        49,
        74,
        99,
        124,
        149,
        174,
        199,
        224
    ],
    "n_peaks": 9,
    "segments_n_peaks": 10,
    "segments_bad_n": 0,
    "segments_avg_duration": 25.0,
    "segments": {
        "frame_start": [
            0,
            25,
            50,
            75,
            100,
            125,
            150,
            175,
            200,
            225,
            250,
            275
        ],
        "frame_end": [
            25,
            50,
            75,
            100,
            125,
            150,
            175,
            200,
            225,
            250,
            275,
            300
        ],
        "duration": [
            25,
            25,
            25,
            25,
            25,
            25,
            25,
            25,
            25,
            25,
            25,
            25
        ],
        "transition_start": [
            0,
            0,
            0,
            0,
            0,
            0,
            0,
            0,
            0,
            0,
            0,
            0
        ],
        "transition_end": [
            0,
            0,
            0,
            0,
            0,
            0,
            0,
            0,
            0,
            0,
            0,
            0
        ],
        "max_change": [
            82.27325390105759,
            37.13400868726277,
            107.284995501379,
            4.584279416555647,
            12.682922369798689,
            78.6341603086548,
            36.446209098451035,
            100.39802604074349,
            36.25552412556029,
            97.62957050282392,
            168.06557339376954,
            38.26861824735225
        ],
        "is_static": [
            false,
            true,
            false,
            true,
            true,
            false,
            true,
            false,
            true,
            false,
            false,
            true
        ],
        "intensity_range": [
            216.62872314453125,
            216.59239196777344,
            188.39585876464844,
            219.68751525878906,
            223.1868438720703,
            212.22865295410156,
            214.1223907470703,
            182.29046630859375,
            214.23696899414062,
            181.3921356201172,
            162.2899932861328,
            188.0061492919922
        ],
        "margin_left": [
            22,
            22,
            23,
            22,
            22,
            22,
            22,
            23,
            22,
            23,
            23,
            23
        ],
        "margin_right": [
            22,
            22,
            23,
            22,
            22,
            22,
            22,
            23,
            22,
            23,
            23,
            23
        ],
        "margin_top": [
            8,
            8,
            9,
            9,
            8,
            8,
            8,
            9,
            8,
            9,
            9,
            9
        ],
        "margin_bottom": [
            8,
            8,
            9,
            9,
            8,
            8,
            8,
            9,
            8,
            9,
            9,
            9
        ],
        "background_color": [
            128.0,
            128.0,
            128.0,
            128.0,
            128.0,
            128.0,
            128.0,
            128.0,
            128.0,
            128.0,
            128.0,
            128.0
        ],
        "background_proportion": [
            0.6406425491204383,
            0.6442741135353627,
            0.6451387717293924,
            0.6409711192341696,
            0.6380139882105882,
            0.6403831516622294,
            0.6397087182708863,
            0.6490816130941676,
            0.6402620995150652,
            0.6470756060840188,
            0.6501883755825255,
            0.6502229619102866
        ],
        "is_uniform": [
            false,
            false,
            false,
            false,
            false,
            false,
            false,
            false,
            false,
            false,
            false,
            false
        ],
        "bad_properties": [
            false,
            false,
            false,
            false,
            false,
            false,
            false,
            false,
            false,
            false,
            false,
            false
        ]
    }
}