{
    "recording": "dynamic29514-2-9-Video-8744edeac3b4d1ce16b680916b5267ce",
    "trial": "666",
    "trial_type": "oracle",
    "first_label": "NaturalVideo",
    "label": "NaturalVideo",
    "ID": null,
    "sampling_freq": 30,
    "valid_frames": 300,
    "peaks": [
        160,
        210,
        278
    ],
    "n_peaks": 3,
    "segments_n_peaks": 4,
    "segments_bad_n": 0,
    "segments_avg_duration": 75.0,
    "segments": {
        "frame_start": [
            0,
            161,
            211,
            279
        ],
        "frame_end": [
            161,
            211,
            279,
            300
        ],
        "duration": [
            161,
            50,
            68,
            21
        ],
        "transition_start": [
            0,
            0,
            0,
            0
        ],
        "transition_end": [
            0,
            0,
            0,
            0
        ],
        "max_change": [
            782.6953697860745,
            761.0455574614914,
            177.79349623155042,
            2012.3369637895457
        ],
        "is_static": [
            false,
            false,
            false,
            false
        ],
        "intensity_range": [
            252.5,
            250.9879608154297,
            247.00680541992188,
            243.3157196044922
        ],
        "margin_left": [
            0,
            0,
            0,
            0
        ],
        "margin_right": [
            0,
            0,
            0,
            0
        ],
        "margin_top": [
            0,
            0,
            0,
            0
        ],
        "margin_bottom": [
            0,
            0,
            0,
            0
        ],
        "background_color": [
            251.48236083984375,
            39.654903411865234,
            38.65098190307617,
            251.48236083984375
        ],
        "background_proportion": [
            0.12190162011042915,
            0.033981325267632326,
            0.0325965900776738,
            0.15479558020557824
        ],
        "is_uniform": [
            false,
            false,
            false,
            false
        ],
        "bad_properties": [
            false,
            false,
            false,
            false
        ]
    }
}