{
    "recording": "dynamic29514-2-9-Video-8744edeac3b4d1ce16b680916b5267ce",
    "trial": "717",
    "trial_type": "train",
    "first_label": "Gabor",
    "label": "Gabor",
    "ID": null,
    "sampling_freq": 30,
    "valid_frames": 300,
    "peaks": [
        24,
        49,
        74,
        99,
        124,
        149,
        174,
        199,
        224,
        249,
        274
    ],
    "n_peaks": 11,
    "segments_n_peaks": 12,
    "segments_bad_n": 0,
    "segments_avg_duration": 25.0,
    "segments": {
        "frame_start": [
            0,
            25,
            50,
            75,
            100,
            125,
            150,
            175,
            200,
            225,
            250,
            275
        ],
        "frame_end": [
            25,
            50,
            75,
            100,
            125,
            150,
            175,
            200,
            225,
            250,
            275,
            300
        ],
        "duration": [
            25,
            25,
            25,
            25,
            25,
            25,
            25,
            25,
            25,
            25,
            25,
            25
        ],
        "transition_start": [
            0,
            0,
            0,
            0,
            0,
            0,
            0,
            0,
            0,
            0,
            0,
            0
        ],
        "transition_end": [
            0,
            0,
            0,
            0,
            0,
            0,
            0,
            0,
            0,
            0,
            0,
            0
        ],
        "max_change": [
            2.524241413874506,
            2.5263294785913026,
            214.75692638283672,
            106.15397250636286,
            22.275558913541417,
            27.930008401351593,
            17.453353876645174,
            17.544255426425835,
            176.7466142342165,
            37.359783184425496,
            97.23907745273235,
            165.2479460547231
        ],
        "is_static": [
            true,
            true,
            false,
            false,
            true,
            true,
            true,
            true,
            false,
            true,
            false,
            false
        ],
        "intensity_range": [
            219.27572631835938,
            220.23019409179688,
            182.47592163085938,
            188.12734985351562,
            223.34100341796875,
            222.65914916992188,
            216.41424560546875,
            219.10850524902344,
            178.25677490234375,
            213.72254943847656,
            180.59112548828125,
            182.19540405273438
        ],
        "margin_left": [
            23,
            22,
            23,
            23,
            22,
            22,
            22,
            22,
            23,
            22,
            23,
            23
        ],
        "margin_right": [
            23,
            22,
            23,
            23,
            22,
            22,
            22,
            22,
            23,
            22,
            23,
            23
        ],
        "margin_top": [
            8,
            8,
            9,
            9,
            8,
            8,
            8,
            9,
            9,
            8,
            9,
            9
        ],
        "margin_bottom": [
            8,
            8,
            9,
            9,
            8,
            8,
            8,
            9,
            9,
            8,
            9,
            9
        ],
        "background_color": [
            128.0,
            128.0,
            128.0,
            128.0,
            128.0,
            128.0,
            128.0,
            128.0,
            128.0,
            128.0,
            128.0,
            128.0
        ],
        "background_proportion": [
            0.6434613348329749,
            0.6424929176556616,
            0.6470410197562575,
            0.6473868830338694,
            0.6419222432476022,
            0.6410057055619307,
            0.641714725281035,
            0.6436169733079001,
            0.6508282226461074,
            0.6415417936422291,
            0.6498598054687942,
            0.6555492563855092
        ],
        "is_uniform": [
            false,
            false,
            false,
            false,
            false,
            false,
            false,
            false,
            false,
            false,
            false,
            false
        ],
        "bad_properties": [
            false,
            false,
            false,
            false,
            false,
            false,
            false,
            false,
            false,
            false,
            false,
            false
        ]
    }
}