{
    "recording": "dynamic29514-2-9-Video-8744edeac3b4d1ce16b680916b5267ce",
    "trial": "96",
    "trial_type": "final_test_bonus",
    "first_label": "NaturalVideo",
    "label": "NaturalVideo",
    "ID": null,
    "sampling_freq": 30,
    "valid_frames": 300,
    "peaks": [
        5,
        86,
        140
    ],
    "n_peaks": 3,
    "segments_n_peaks": 4,
    "segments_bad_n": 0,
    "segments_avg_duration": 75.0,
    "segments": {
        "frame_start": [
            0,
            6,
            87,
            141
        ],
        "frame_end": [
            6,
            87,
            141,
            300
        ],
        "duration": [
            6,
            81,
            54,
            159
        ],
        "transition_start": [
            0,
            0,
            0,
            0
        ],
        "transition_end": [
            0,
            0,
            0,
            0
        ],
        "max_change": [
            5.238316444935157,
            84.98770678124973,
            85.57200021848844,
            61.70426255742523
        ],
        "is_static": [
            true,
            false,
            false,
            false
        ],
        "intensity_range": [
            235.125,
            123.93263244628906,
            121.13652801513672,
            185.8125
        ],
        "margin_left": [
            9,
            0,
            0,
            0
        ],
        "margin_right": [
            0,
            0,
            0,
            0
        ],
        "margin_top": [
            0,
            0,
            0,
            0
        ],
        "margin_bottom": [
            0,
            0,
            0,
            0
        ],
        "background_color": [
            5.521568775177002,
            4.5176472663879395,
            4.5176472663879395,
            3.513725757598877
        ],
        "background_proportion": [
            0.07529788995902412,
            0.06884759756026597,
            0.08862813842066955,
            0.03888543354949644
        ],
        "is_uniform": [
            false,
            false,
            false,
            false
        ],
        "bad_properties": [
            false,
            false,
            false,
            false
        ]
    }
}