{
    "recording": "dynamic29623-4-9-Video-9b4f6a1a067fe51e15306b9628efea20",
    "trial": "133",
    "trial_type": "final_test_bonus",
    "first_label": "NaturalVideo",
    "label": "NaturalVideo",
    "ID": null,
    "sampling_freq": 30,
    "valid_frames": 300,
    "peaks": [
        32,
        117
    ],
    "n_peaks": 2,
    "segments_n_peaks": 3,
    "segments_bad_n": 0,
    "segments_avg_duration": 100.0,
    "segments": {
        "frame_start": [
            0,
            33,
            118
        ],
        "frame_end": [
            33,
            118,
            300
        ],
        "duration": [
            33,
            85,
            182
        ],
        "transition_start": [
            0,
            0,
            0
        ],
        "transition_end": [
            0,
            0,
            0
        ],
        "max_change": [
            226.39244347580592,
            269.7412453520555,
            4223.925847177435
        ],
        "is_static": [
            false,
            false,
            false
        ],
        "intensity_range": [
            220.0,
            232.09736531559616,
            252.875
        ],
        "margin_left": [
            0,
            0,
            0
        ],
        "margin_right": [
            0,
            0,
            0
        ],
        "margin_top": [
            0,
            0,
            0
        ],
        "margin_bottom": [
            0,
            0,
            0
        ],
        "background_color": [
            4.517647058823529,
            19.576470588235296,
            31.623529411764707
        ],
        "background_proportion": [
            0.062111748589409724,
            0.026697794596354168,
            0.023208171020060668
        ],
        "is_uniform": [
            false,
            false,
            false
        ],
        "bad_properties": [
            false,
            false,
            false
        ]
    }
}