{
    "recording": "dynamic29623-4-9-Video-9b4f6a1a067fe51e15306b9628efea20",
    "trial": "194",
    "trial_type": "train",
    "first_label": "NaturalVideo",
    "label": "NaturalVideo",
    "ID": null,
    "sampling_freq": 30,
    "valid_frames": 300,
    "peaks": [
        40,
        163
    ],
    "n_peaks": 2,
    "segments_n_peaks": 3,
    "segments_bad_n": 0,
    "segments_avg_duration": 100.0,
    "segments": {
        "frame_start": [
            0,
            41,
            164
        ],
        "frame_end": [
            41,
            164,
            300
        ],
        "duration": [
            41,
            123,
            136
        ],
        "transition_start": [
            0,
            0,
            0
        ],
        "transition_end": [
            0,
            0,
            0
        ],
        "max_change": [
            181.728540973806,
            215.30201052350645,
            330.66904927469346
        ],
        "is_static": [
            false,
            false,
            false
        ],
        "intensity_range": [
            129.08150333480216,
            153.3697479796885,
            171.8265440648773
        ],
        "margin_left": [
            0,
            0,
            0
        ],
        "margin_right": [
            0,
            0,
            0
        ],
        "margin_top": [
            2,
            0,
            0
        ],
        "margin_bottom": [
            0,
            0,
            0
        ],
        "background_color": [
            89.85098039215686,
            100.89411764705882,
            78.8078431372549
        ],
        "background_proportion": [
            0.022186031186483816,
            0.01748309872014742,
            0.013036727905273484
        ],
        "is_uniform": [
            false,
            false,
            false
        ],
        "bad_properties": [
            false,
            false,
            false
        ]
    }
}