{
    "recording": "dynamic29623-4-9-Video-9b4f6a1a067fe51e15306b9628efea20",
    "trial": "269",
    "trial_type": "train",
    "first_label": "NaturalImages",
    "label": "NaturalImages",
    "ID": null,
    "sampling_freq": 30,
    "valid_frames": 320,
    "peaks": [
        12,
        28,
        47,
        63,
        81,
        97,
        116,
        131,
        148,
        163,
        178,
        194,
        208,
        224,
        242,
        258,
        272,
        287,
        304
    ],
    "n_peaks": 19,
    "segments_n_peaks": 20,
    "segments_bad_n": 0,
    "segments_avg_duration": 16.0,
    "segments": {
        "frame_start": [
            0,
            13,
            29,
            48,
            64,
            82,
            98,
            117,
            132,
            149,
            164,
            179,
            195,
            209,
            225,
            243,
            259,
            273,
            288,
            305
        ],
        "frame_end": [
            13,
            29,
            48,
            64,
            82,
            98,
            117,
            132,
            149,
            164,
            179,
            195,
            209,
            225,
            243,
            259,
            273,
            288,
            305,
            320
        ],
        "duration": [
            13,
            16,
            19,
            16,
            18,
            16,
            19,
            15,
            17,
            15,
            15,
            16,
            14,
            16,
            18,
            16,
            14,
            15,
            17,
            15
        ],
        "transition_start": [
            1,
            1,
            0,
            1,
            0,
            1,
            0,
            0,
            1,
            0,
            1,
            1,
            0,
            1,
            0,
            0,
            0,
            0,
            0,
            0
        ],
        "transition_end": [
            0,
            0,
            0,
            0,
            0,
            0,
            0,
            0,
            0,
            0,
            0,
            0,
            0,
            0,
            0,
            1,
            1,
            0,
            0,
            0
        ],
        "max_change": [
            2.0194839173657902e-28,
            27.81951532225615,
            0.12699278985548423,
            17.550627119006037,
            0.4628628876692663,
            10.10020933296529,
            12.630473326277334,
            1.4876753713291961,
            17.78199663192094,
            4.13411690745602,
            2.0194839173657902e-28,
            3.021213243737647,
            1.6604337408582073,
            6.691324518202475,
            6.240167245763704,
            1.018241712417853,
            2.0194839173657902e-28,
            5.723664557869537,
            16.421460430852292,
            11.969406593621143
        ],
        "is_static": [
            true,
            true,
            true,
            true,
            true,
            true,
            true,
            true,
            true,
            true,
            true,
            true,
            true,
            true,
            true,
            true,
            true,
            true,
            true,
            true
        ],
        "intensity_range": [
            1.4210854715202004e-14,
            181.9375,
            0.795925219932414,
            237.3125,
            2.2917904646368044,
            224.37500000000003,
            10.856298392985806,
            210.9375,
            8.890183164658822,
            190.62500000000006,
            1.4210854715202004e-14,
            249.18750000000003,
            7.333258559342937,
            236.375,
            8.026585910757063,
            141.18750000000003,
            1.4210854715202004e-14,
            247.93750000000003,
            10.776016926269506,
            201.75
        ],
        "margin_left": [
            64,
            10,
            64,
            0,
            64,
            0,
            64,
            0,
            64,
            0,
            64,
            0,
            64,
            0,
            64,
            16,
            64,
            1,
            64,
            0
        ],
        "margin_right": [
            64,
            0,
            64,
            0,
            64,
            0,
            64,
            0,
            64,
            0,
            64,
            0,
            64,
            0,
            64,
            16,
            64,
            0,
            64,
            0
        ],
        "margin_top": [
            36,
            0,
            36,
            0,
            36,
            0,
            36,
            0,
            36,
            0,
            36,
            0,
            36,
            0,
            36,
            4,
            36,
            5,
            36,
            0
        ],
        "margin_bottom": [
            36,
            0,
            36,
            0,
            36,
            0,
            36,
            0,
            36,
            0,
            36,
            0,
            36,
            0,
            36,
            0,
            36,
            4,
            36,
            0
        ],
        "background_color": [
            128.0,
            22.588235294117645,
            128.0,
            24.596078431372547,
            128.0,
            113.94509803921568,
            128.0,
            218.35294117647058,
            128.0,
            220.3607843137255,
            128.0,
            161.12941176470588,
            128.0,
            208.31372549019608,
            128.0,
            99.89019607843137,
            128.0,
            21.584313725490198,
            128.0,
            5.52156862745098
        ],
        "background_proportion": [
            0.9960937500000036,
            0.033347235785590276,
            0.993590773197646,
            0.011010064019097222,
            0.962203696922023,
            0.0249599880642362,
            0.914951792934488,
            0.022337171766493136,
            0.9340810775756869,
            0.05046759711371403,
            0.9960937500000034,
            0.04219563802083348,
            0.9344246273949065,
            0.02069430881076396,
            0.8919977258752925,
            0.1156921386718754,
            0.9960937500000036,
            0.0794338650173611,
            0.8926645914713573,
            0.023000081380208332
        ],
        "is_uniform": [
            true,
            false,
            true,
            false,
            true,
            false,
            true,
            false,
            true,
            false,
            true,
            false,
            true,
            false,
            true,
            false,
            true,
            false,
            true,
            false
        ],
        "bad_properties": [
            false,
            false,
            false,
            false,
            false,
            false,
            false,
            false,
            false,
            false,
            false,
            false,
            false,
            false,
            false,
            false,
            false,
            false,
            false,
            false
        ]
    }
}