{
    "recording": "dynamic29623-4-9-Video-9b4f6a1a067fe51e15306b9628efea20",
    "trial": "272",
    "trial_type": "live_test_bonus",
    "first_label": "NaturalVideo",
    "label": "NaturalVideo",
    "ID": null,
    "sampling_freq": 30,
    "valid_frames": 300,
    "peaks": [
        156
    ],
    "n_peaks": 1,
    "segments_n_peaks": 2,
    "segments_bad_n": 0,
    "segments_avg_duration": 150.0,
    "segments": {
        "frame_start": [
            0,
            157
        ],
        "frame_end": [
            157,
            300
        ],
        "duration": [
            157,
            143
        ],
        "transition_start": [
            0,
            0
        ],
        "transition_end": [
            0,
            0
        ],
        "max_change": [
            27.133534111779145,
            42.97091736881789
        ],
        "is_static": [
            true,
            true
        ],
        "intensity_range": [
            131.7175062530471,
            195.04932237386066
        ],
        "margin_left": [
            11,
            0
        ],
        "margin_right": [
            0,
            0
        ],
        "margin_top": [
            0,
            0
        ],
        "margin_bottom": [
            0,
            0
        ],
        "background_color": [
            3.5137254901960784,
            2.5098039215686274
        ],
        "background_proportion": [
            0.1951774062624403,
            0.20057802711611306
        ],
        "is_uniform": [
            false,
            false
        ],
        "bad_properties": [
            false,
            false
        ]
    }
}