{
    "recording": "dynamic29623-4-9-Video-9b4f6a1a067fe51e15306b9628efea20",
    "trial": "273",
    "trial_type": "train",
    "first_label": "NaturalVideo",
    "label": "NaturalVideo",
    "ID": null,
    "sampling_freq": 30,
    "valid_frames": 300,
    "peaks": [
        52,
        94,
        144,
        233
    ],
    "n_peaks": 4,
    "segments_n_peaks": 5,
    "segments_bad_n": 0,
    "segments_avg_duration": 60.0,
    "segments": {
        "frame_start": [
            0,
            53,
            95,
            145,
            234
        ],
        "frame_end": [
            53,
            95,
            145,
            234,
            300
        ],
        "duration": [
            53,
            42,
            50,
            89,
            66
        ],
        "transition_start": [
            0,
            0,
            1,
            1,
            1
        ],
        "transition_end": [
            0,
            0,
            0,
            0,
            0
        ],
        "max_change": [
            28.820895304590653,
            48.031033155067945,
            4.117275796806256,
            36.251682465357476,
            13.9788876028609
        ],
        "is_static": [
            true,
            true,
            true,
            true,
            true
        ],
        "intensity_range": [
            226.4367491223934,
            252.37500000000003,
            225.125,
            244.4722420691626,
            240.3125
        ],
        "margin_left": [
            0,
            0,
            0,
            0,
            0
        ],
        "margin_right": [
            0,
            0,
            0,
            0,
            0
        ],
        "margin_top": [
            0,
            0,
            0,
            0,
            0
        ],
        "margin_bottom": [
            0,
            0,
            0,
            0,
            0
        ],
        "background_color": [
            188.23529411764707,
            3.5137254901960784,
            188.23529411764707,
            179.2,
            9.537254901960784
        ],
        "background_proportion": [
            0.023403047765575283,
            0.04753597198970734,
            0.023575348107992614,
            0.05138859604344241,
            0.027097261868990384
        ],
        "is_uniform": [
            false,
            false,
            false,
            false,
            false
        ],
        "bad_properties": [
            false,
            false,
            false,
            false,
            false
        ]
    }
}