{
    "recording": "dynamic29623-4-9-Video-9b4f6a1a067fe51e15306b9628efea20",
    "trial": "298",
    "trial_type": "train",
    "first_label": "NaturalVideo",
    "label": "NaturalVideo",
    "ID": null,
    "sampling_freq": 30,
    "valid_frames": 300,
    "peaks": [
        49
    ],
    "n_peaks": 1,
    "segments_n_peaks": 2,
    "segments_bad_n": 0,
    "segments_avg_duration": 150.0,
    "segments": {
        "frame_start": [
            0,
            50
        ],
        "frame_end": [
            50,
            300
        ],
        "duration": [
            50,
            250
        ],
        "transition_start": [
            0,
            0
        ],
        "transition_end": [
            0,
            0
        ],
        "max_change": [
            1.2339242844985736,
            12.364692747946204
        ],
        "is_static": [
            true,
            true
        ],
        "intensity_range": [
            185.54343881355325,
            186.06250000000003
        ],
        "margin_left": [
            9,
            0
        ],
        "margin_right": [
            0,
            0
        ],
        "margin_top": [
            0,
            0
        ],
        "margin_bottom": [
            0,
            0
        ],
        "background_color": [
            16.56470588235294,
            4.517647058823529
        ],
        "background_proportion": [
            0.056635538736979164,
            0.14195200602213542
        ],
        "is_uniform": [
            false,
            false
        ],
        "bad_properties": [
            false,
            false
        ]
    }
}