{
    "recording": "dynamic29623-4-9-Video-9b4f6a1a067fe51e15306b9628efea20",
    "trial": "306",
    "trial_type": "final_test_main",
    "first_label": "RandomDots",
    "label": "RandomDots",
    "ID": null,
    "sampling_freq": 30,
    "valid_frames": 240,
    "peaks": [
        59,
        119,
        179
    ],
    "n_peaks": 3,
    "segments_n_peaks": 4,
    "segments_bad_n": 0,
    "segments_avg_duration": 60.0,
    "segments": {
        "frame_start": [
            0,
            60,
            120,
            180
        ],
        "frame_end": [
            60,
            120,
            180,
            240
        ],
        "duration": [
            60,
            60,
            60,
            60
        ],
        "transition_start": [
            0,
            0,
            0,
            0
        ],
        "transition_end": [
            0,
            0,
            0,
            0
        ],
        "max_change": [
            581.6502730204252,
            496.74009755360424,
            481.82972695086454,
            293.3062386873468
        ],
        "is_static": [
            false,
            false,
            false,
            false
        ],
        "intensity_range": [
            153.00000000000003,
            153.00000000000003,
            153.00000000000003,
            153.00000000000003
        ],
        "margin_left": [
            0,
            0,
            0,
            0
        ],
        "margin_right": [
            0,
            0,
            0,
            0
        ],
        "margin_top": [
            0,
            0,
            0,
            0
        ],
        "margin_bottom": [
            0,
            0,
            0,
            0
        ],
        "background_color": [
            128.0,
            128.0,
            128.0,
            128.0
        ],
        "background_proportion": [
            0.7000325520833358,
            0.6341451009114606,
            0.5881953769260003,
            0.5758234659830749
        ],
        "is_uniform": [
            false,
            false,
            false,
            false
        ],
        "bad_properties": [
            false,
            false,
            false,
            false
        ]
    }
}