{
    "recording": "dynamic29623-4-9-Video-9b4f6a1a067fe51e15306b9628efea20",
    "trial": "31",
    "trial_type": "final_test_bonus",
    "first_label": "NaturalVideo",
    "label": "NaturalVideo",
    "ID": null,
    "sampling_freq": 30,
    "valid_frames": 300,
    "peaks": [
        28,
        205
    ],
    "n_peaks": 2,
    "segments_n_peaks": 3,
    "segments_bad_n": 0,
    "segments_avg_duration": 100.0,
    "segments": {
        "frame_start": [
            0,
            29,
            206
        ],
        "frame_end": [
            29,
            206,
            300
        ],
        "duration": [
            29,
            177,
            94
        ],
        "transition_start": [
            0,
            0,
            0
        ],
        "transition_end": [
            0,
            0,
            0
        ],
        "max_change": [
            1119.552872228962,
            676.1040666095705,
            168.6080415060726
        ],
        "is_static": [
            false,
            false,
            false
        ],
        "intensity_range": [
            170.875,
            216.875,
            221.25
        ],
        "margin_left": [
            0,
            0,
            0
        ],
        "margin_right": [
            0,
            0,
            0
        ],
        "margin_top": [
            0,
            0,
            0
        ],
        "margin_bottom": [
            0,
            0,
            0
        ],
        "background_color": [
            3.5137254901960784,
            2.5098039215686274,
            95.87450980392157
        ],
        "background_proportion": [
            0.06310561607623923,
            0.02036114421492467,
            0.011443009613253586
        ],
        "is_uniform": [
            false,
            false,
            false
        ],
        "bad_properties": [
            false,
            false,
            false
        ]
    }
}