{
    "recording": "dynamic29623-4-9-Video-9b4f6a1a067fe51e15306b9628efea20",
    "trial": "321",
    "trial_type": "final_test_bonus",
    "first_label": "NaturalVideo",
    "label": "NaturalVideo",
    "ID": null,
    "sampling_freq": 30,
    "valid_frames": 300,
    "peaks": [
        174,
        258,
        293
    ],
    "n_peaks": 3,
    "segments_n_peaks": 4,
    "segments_bad_n": 0,
    "segments_avg_duration": 75.0,
    "segments": {
        "frame_start": [
            0,
            175,
            259,
            294
        ],
        "frame_end": [
            175,
            259,
            294,
            300
        ],
        "duration": [
            175,
            84,
            35,
            6
        ],
        "transition_start": [
            0,
            0,
            0,
            0
        ],
        "transition_end": [
            0,
            0,
            0,
            0
        ],
        "max_change": [
            25096.63989841631,
            12770.354678952766,
            3662.9785720952955,
            1802.0491000736142
        ],
        "is_static": [
            false,
            false,
            false,
            false
        ],
        "intensity_range": [
            254.3125,
            255.0,
            254.7875577252386,
            253.0625
        ],
        "margin_left": [
            0,
            0,
            0,
            0
        ],
        "margin_right": [
            0,
            0,
            0,
            0
        ],
        "margin_top": [
            0,
            0,
            0,
            0
        ],
        "margin_bottom": [
            0,
            0,
            0,
            0
        ],
        "background_color": [
            0.5019607843137255,
            0.5019607843137255,
            0.5019607843137255,
            174.18039215686275
        ],
        "background_proportion": [
            0.04283054896763393,
            0.04822049822126116,
            0.021752493722098216,
            0.010592142740885454
        ],
        "is_uniform": [
            false,
            false,
            false,
            false
        ],
        "bad_properties": [
            false,
            false,
            false,
            false
        ]
    }
}