{
    "recording": "dynamic29623-4-9-Video-9b4f6a1a067fe51e15306b9628efea20",
    "trial": "331",
    "trial_type": "live_test_bonus",
    "first_label": "NaturalVideo",
    "label": "NaturalVideo",
    "ID": null,
    "sampling_freq": 30,
    "valid_frames": 300,
    "peaks": [
        32,
        85,
        127
    ],
    "n_peaks": 3,
    "segments_n_peaks": 4,
    "segments_bad_n": 0,
    "segments_avg_duration": 75.0,
    "segments": {
        "frame_start": [
            0,
            33,
            86,
            128
        ],
        "frame_end": [
            33,
            86,
            128,
            300
        ],
        "duration": [
            33,
            53,
            42,
            172
        ],
        "transition_start": [
            0,
            0,
            0,
            0
        ],
        "transition_end": [
            0,
            0,
            0,
            0
        ],
        "max_change": [
            35.65039171534194,
            700.2023223373709,
            68.46920941369063,
            20331.154597687764
        ],
        "is_static": [
            true,
            false,
            false,
            false
        ],
        "intensity_range": [
            130.00441724958372,
            241.90924604316757,
            192.8764185904723,
            251.1876219098314
        ],
        "margin_left": [
            0,
            0,
            0,
            0
        ],
        "margin_right": [
            0,
            0,
            0,
            0
        ],
        "margin_top": [
            0,
            0,
            0,
            0
        ],
        "margin_bottom": [
            0,
            0,
            0,
            0
        ],
        "background_color": [
            75.79607843137255,
            74.79215686274509,
            18.57254901960784,
            100.89411764705882
        ],
        "background_proportion": [
            0.04045582780934358,
            0.01649388727152105,
            0.01598600357297867,
            0.014339861019637284
        ],
        "is_uniform": [
            false,
            false,
            false,
            false
        ],
        "bad_properties": [
            false,
            false,
            false,
            false
        ]
    }
}