{
    "recording": "dynamic29623-4-9-Video-9b4f6a1a067fe51e15306b9628efea20",
    "trial": "337",
    "trial_type": "train",
    "first_label": "NaturalVideo",
    "label": "NaturalVideo",
    "ID": null,
    "sampling_freq": 30,
    "valid_frames": 300,
    "peaks": [
        15,
        99,
        224
    ],
    "n_peaks": 3,
    "segments_n_peaks": 4,
    "segments_bad_n": 0,
    "segments_avg_duration": 75.0,
    "segments": {
        "frame_start": [
            0,
            16,
            100,
            225
        ],
        "frame_end": [
            16,
            100,
            225,
            300
        ],
        "duration": [
            16,
            84,
            125,
            75
        ],
        "transition_start": [
            0,
            0,
            0,
            0
        ],
        "transition_end": [
            0,
            0,
            0,
            0
        ],
        "max_change": [
            8.354779939184619,
            133.16039329857958,
            388.7917447373961,
            157.35482449360708
        ],
        "is_static": [
            true,
            false,
            false,
            false
        ],
        "intensity_range": [
            178.74644454089918,
            246.62500000000006,
            239.54144626941724,
            231.5
        ],
        "margin_left": [
            0,
            0,
            0,
            0
        ],
        "margin_right": [
            0,
            0,
            0,
            0
        ],
        "margin_top": [
            0,
            0,
            0,
            0
        ],
        "margin_bottom": [
            0,
            0,
            0,
            0
        ],
        "background_color": [
            57.725490196078425,
            47.68627450980392,
            46.682352941176475,
            44.674509803921566
        ],
        "background_proportion": [
            0.041017532348632674,
            0.019331432524181617,
            0.027153930664062405,
            0.020982530381944517
        ],
        "is_uniform": [
            false,
            false,
            false,
            false
        ],
        "bad_properties": [
            false,
            false,
            false,
            false
        ]
    }
}