{
    "recording": "dynamic29623-4-9-Video-9b4f6a1a067fe51e15306b9628efea20",
    "trial": "407",
    "trial_type": "train",
    "first_label": "NaturalVideo",
    "label": "NaturalVideo",
    "ID": null,
    "sampling_freq": 30,
    "valid_frames": 300,
    "peaks": [
        17,
        58,
        85,
        147,
        180,
        275
    ],
    "n_peaks": 6,
    "segments_n_peaks": 7,
    "segments_bad_n": 0,
    "segments_avg_duration": 42.857142857142854,
    "segments": {
        "frame_start": [
            0,
            18,
            59,
            86,
            148,
            181,
            276
        ],
        "frame_end": [
            18,
            59,
            86,
            148,
            181,
            276,
            300
        ],
        "duration": [
            18,
            41,
            27,
            62,
            33,
            95,
            24
        ],
        "transition_start": [
            1,
            0,
            0,
            0,
            0,
            0,
            0
        ],
        "transition_end": [
            0,
            0,
            0,
            0,
            0,
            0,
            0
        ],
        "max_change": [
            49.20693909749839,
            176.9566980916982,
            926.3592626990171,
            917.606506920777,
            1802.830655063586,
            5883.1689104092175,
            305.33659720666157
        ],
        "is_static": [
            true,
            false,
            false,
            false,
            false,
            false,
            false
        ],
        "intensity_range": [
            171.44775575567144,
            195.5807167261032,
            189.74999999999997,
            184.75,
            219.37798935693394,
            250.70662878787923,
            224.98317722176205
        ],
        "margin_left": [
            0,
            0,
            0,
            0,
            0,
            0,
            0
        ],
        "margin_right": [
            2,
            0,
            0,
            0,
            0,
            0,
            0
        ],
        "margin_top": [
            0,
            0,
            0,
            0,
            0,
            0,
            0
        ],
        "margin_bottom": [
            0,
            0,
            0,
            0,
            0,
            0,
            0
        ],
        "background_color": [
            4.517647058823529,
            39.654901960784315,
            28.61176470588235,
            106.91764705882352,
            39.654901960784315,
            32.627450980392155,
            1.5058823529411764
        ],
        "background_proportion": [
            0.10203043619791667,
            0.023367036648882195,
            0.013001995322145061,
            0.015257148332493118,
            0.02400099629103544,
            0.018121552049068047,
            0.03211869133843316
        ],
        "is_uniform": [
            false,
            false,
            false,
            false,
            false,
            false,
            false
        ],
        "bad_properties": [
            false,
            false,
            false,
            false,
            false,
            false,
            false
        ]
    }
}