{
    "recording": "dynamic29623-4-9-Video-9b4f6a1a067fe51e15306b9628efea20",
    "trial": "471",
    "trial_type": "live_test_bonus",
    "first_label": "Gabor",
    "label": "Gabor",
    "ID": null,
    "sampling_freq": 30,
    "valid_frames": 300,
    "peaks": [
        24,
        49,
        74,
        99,
        124,
        149,
        174,
        199,
        224,
        249,
        274
    ],
    "n_peaks": 11,
    "segments_n_peaks": 12,
    "segments_bad_n": 0,
    "segments_avg_duration": 25.0,
    "segments": {
        "frame_start": [
            0,
            25,
            50,
            75,
            100,
            125,
            150,
            175,
            200,
            225,
            250,
            275
        ],
        "frame_end": [
            25,
            50,
            75,
            100,
            125,
            150,
            175,
            200,
            225,
            250,
            275,
            300
        ],
        "duration": [
            25,
            25,
            25,
            25,
            25,
            25,
            25,
            25,
            25,
            25,
            25,
            25
        ],
        "transition_start": [
            0,
            0,
            0,
            0,
            0,
            0,
            0,
            0,
            0,
            0,
            0,
            0
        ],
        "transition_end": [
            0,
            0,
            0,
            0,
            0,
            0,
            0,
            0,
            0,
            0,
            0,
            0
        ],
        "max_change": [
            82.27538300745944,
            10.035995260033689,
            80.66343906260578,
            36.855620788808125,
            36.691402039165624,
            9.822864018967588,
            32.15976853430943,
            77.51730934296789,
            77.02483515747703,
            29.43531747491739,
            35.30156695754682,
            43.730913980925465
        ],
        "is_static": [
            false,
            true,
            false,
            true,
            true,
            true,
            true,
            false,
            false,
            true,
            true,
            true
        ],
        "intensity_range": [
            216.6275948499953,
            223.3235899674264,
            213.64686404407675,
            216.11664840263722,
            214.73336553857277,
            219.6289194508392,
            222.7482940431876,
            210.72946799673903,
            209.51827730238475,
            216.13706396001837,
            222.94377001382043,
            189.20489842987502
        ],
        "margin_left": [
            22,
            22,
            22,
            22,
            22,
            22,
            22,
            22,
            22,
            22,
            22,
            23
        ],
        "margin_right": [
            22,
            22,
            22,
            22,
            22,
            22,
            22,
            22,
            22,
            22,
            22,
            22
        ],
        "margin_top": [
            8,
            8,
            8,
            8,
            8,
            10,
            8,
            8,
            8,
            8,
            8,
            9
        ],
        "margin_bottom": [
            8,
            8,
            8,
            8,
            8,
            9,
            8,
            8,
            8,
            8,
            8,
            8
        ],
        "background_color": [
            128.0,
            128.0,
            128.0,
            128.0,
            128.0,
            128.0,
            128.0,
            128.0,
            128.0,
            128.0,
            128.0,
            128.0
        ],
        "background_proportion": [
            0.6406473795572939,
            0.6376383463541689,
            0.6405263264973982,
            0.6407165527343772,
            0.6391947428385439,
            0.6410970052083356,
            0.6417022705078148,
            0.6420827229817732,
            0.6404744466145856,
            0.6434143066406273,
            0.6387278238932315,
            0.6477722167968772
        ],
        "is_uniform": [
            false,
            false,
            false,
            false,
            false,
            false,
            false,
            false,
            false,
            false,
            false,
            false
        ],
        "bad_properties": [
            false,
            false,
            false,
            false,
            false,
            false,
            false,
            false,
            false,
            false,
            false,
            false
        ]
    }
}