{
    "recording": "dynamic29623-4-9-Video-9b4f6a1a067fe51e15306b9628efea20",
    "trial": "478",
    "trial_type": "oracle",
    "first_label": "NaturalVideo",
    "label": "NaturalVideo",
    "ID": null,
    "sampling_freq": 30,
    "valid_frames": 300,
    "peaks": [
        230
    ],
    "n_peaks": 1,
    "segments_n_peaks": 2,
    "segments_bad_n": 0,
    "segments_avg_duration": 150.0,
    "segments": {
        "frame_start": [
            0,
            231
        ],
        "frame_end": [
            231,
            300
        ],
        "duration": [
            231,
            69
        ],
        "transition_start": [
            0,
            1
        ],
        "transition_end": [
            0,
            0
        ],
        "max_change": [
            41.35716487051039,
            26.643247917610896
        ],
        "is_static": [
            true,
            true
        ],
        "intensity_range": [
            236.36425475886006,
            207.27629966087002
        ],
        "margin_left": [
            0,
            0
        ],
        "margin_right": [
            0,
            0
        ],
        "margin_top": [
            0,
            0
        ],
        "margin_bottom": [
            0,
            0
        ],
        "background_color": [
            3.5137254901960784,
            146.0705882352941
        ],
        "background_proportion": [
            0.029512765947702472,
            0.016466776529947973
        ],
        "is_uniform": [
            false,
            false
        ],
        "bad_properties": [
            false,
            false
        ]
    }
}