{
    "recording": "dynamic29623-4-9-Video-9b4f6a1a067fe51e15306b9628efea20",
    "trial": "51",
    "trial_type": "train",
    "first_label": "Gabor",
    "label": "Gabor",
    "ID": null,
    "sampling_freq": 30,
    "valid_frames": 300,
    "peaks": [
        24,
        49,
        74,
        99,
        124,
        149,
        174,
        199,
        224,
        274
    ],
    "n_peaks": 10,
    "segments_n_peaks": 11,
    "segments_bad_n": 0,
    "segments_avg_duration": 25.0,
    "segments": {
        "frame_start": [
            0,
            25,
            50,
            75,
            100,
            125,
            150,
            175,
            200,
            225,
            250,
            275
        ],
        "frame_end": [
            25,
            50,
            75,
            100,
            125,
            150,
            175,
            200,
            225,
            250,
            275,
            300
        ],
        "duration": [
            25,
            25,
            25,
            25,
            25,
            25,
            25,
            25,
            25,
            25,
            25,
            25
        ],
        "transition_start": [
            0,
            0,
            0,
            0,
            0,
            0,
            0,
            0,
            0,
            0,
            0,
            0
        ],
        "transition_end": [
            0,
            0,
            0,
            0,
            0,
            0,
            0,
            0,
            0,
            0,
            0,
            0
        ],
        "max_change": [
            29.169673518792315,
            29.20527681345735,
            36.976447920992854,
            207.3068402261795,
            22.254997419879285,
            22.229556711839816,
            101.1169076023387,
            183.06127761783478,
            22.352642061885287,
            172.27079815238824,
            76.17710433345279,
            165.39949031255247
        ],
        "is_static": [
            true,
            true,
            true,
            false,
            true,
            true,
            false,
            false,
            true,
            false,
            false,
            false
        ],
        "intensity_range": [
            192.23332982971093,
            192.23860926068002,
            215.9746639888866,
            180.39967921566682,
            222.88720856134168,
            222.86675544820494,
            182.645658913327,
            177.33578121711986,
            216.2065510511506,
            173.85785161831967,
            208.03179074768883,
            169.6962294667414
        ],
        "margin_left": [
            23,
            23,
            22,
            23,
            22,
            22,
            23,
            23,
            22,
            23,
            22,
            23
        ],
        "margin_right": [
            22,
            22,
            22,
            23,
            22,
            22,
            23,
            23,
            22,
            23,
            22,
            23
        ],
        "margin_top": [
            9,
            9,
            8,
            9,
            8,
            8,
            9,
            9,
            8,
            9,
            8,
            9
        ],
        "margin_bottom": [
            8,
            8,
            8,
            9,
            8,
            8,
            9,
            9,
            8,
            9,
            8,
            9
        ],
        "background_color": [
            128.0,
            128.0,
            128.0,
            128.0,
            128.0,
            128.0,
            128.0,
            128.0,
            128.0,
            128.0,
            128.0,
            128.0
        ],
        "background_proportion": [
            0.6477376302083356,
            0.6456970214843772,
            0.6419616699218773,
            0.6459218343098981,
            0.6408376057942731,
            0.6409586588541689,
            0.6492421468098981,
            0.6515940348307314,
            0.6422556559244814,
            0.6528737386067731,
            0.6420654296875022,
            0.6531331380208356
        ],
        "is_uniform": [
            false,
            false,
            false,
            false,
            false,
            false,
            false,
            false,
            false,
            false,
            false,
            false
        ],
        "bad_properties": [
            false,
            false,
            false,
            false,
            false,
            false,
            false,
            false,
            false,
            false,
            false,
            false
        ]
    }
}