{
    "recording": "dynamic29623-4-9-Video-9b4f6a1a067fe51e15306b9628efea20",
    "trial": "573",
    "trial_type": "train",
    "first_label": "NaturalVideo",
    "label": "NaturalVideo",
    "ID": null,
    "sampling_freq": 30,
    "valid_frames": 300,
    "peaks": [
        134,
        166,
        292
    ],
    "n_peaks": 3,
    "segments_n_peaks": 4,
    "segments_bad_n": 0,
    "segments_avg_duration": 75.0,
    "segments": {
        "frame_start": [
            0,
            135,
            167,
            293
        ],
        "frame_end": [
            135,
            167,
            293,
            300
        ],
        "duration": [
            135,
            32,
            126,
            7
        ],
        "transition_start": [
            0,
            0,
            0,
            0
        ],
        "transition_end": [
            0,
            0,
            0,
            0
        ],
        "max_change": [
            2562.075452969572,
            253.3863303554,
            407.27526283436305,
            1230.0816500940168
        ],
        "is_static": [
            false,
            false,
            false,
            false
        ],
        "intensity_range": [
            255.00000000000006,
            249.0147522481068,
            247.25000000000006,
            249.08333349227908
        ],
        "margin_left": [
            0,
            0,
            0,
            0
        ],
        "margin_right": [
            0,
            0,
            0,
            0
        ],
        "margin_top": [
            0,
            0,
            0,
            0
        ],
        "margin_bottom": [
            0,
            0,
            0,
            0
        ],
        "background_color": [
            254.49411764705883,
            153.09803921568627,
            11.545098039215686,
            5.52156862745098
        ],
        "background_proportion": [
            0.014164488992573353,
            0.0159827868143718,
            0.020007380732783565,
            0.03810700916108631
        ],
        "is_uniform": [
            false,
            false,
            false,
            false
        ],
        "bad_properties": [
            false,
            false,
            false,
            false
        ]
    }
}