{
    "recording": "dynamic29623-4-9-Video-9b4f6a1a067fe51e15306b9628efea20",
    "trial": "584",
    "trial_type": "train",
    "first_label": "NaturalVideo",
    "label": "NaturalVideo",
    "ID": null,
    "sampling_freq": 30,
    "valid_frames": 300,
    "peaks": [
        61,
        242,
        284
    ],
    "n_peaks": 3,
    "segments_n_peaks": 4,
    "segments_bad_n": 0,
    "segments_avg_duration": 75.0,
    "segments": {
        "frame_start": [
            0,
            62,
            243,
            285
        ],
        "frame_end": [
            62,
            243,
            285,
            300
        ],
        "duration": [
            62,
            181,
            42,
            15
        ],
        "transition_start": [
            0,
            0,
            0,
            0
        ],
        "transition_end": [
            0,
            0,
            0,
            0
        ],
        "max_change": [
            5349.520966456694,
            6030.466692287901,
            1877.8653347193265,
            1406.7044246282373
        ],
        "is_static": [
            false,
            false,
            false,
            false
        ],
        "intensity_range": [
            253.06250000000003,
            252.13550601986563,
            250.72068455038857,
            247.9375
        ],
        "margin_left": [
            0,
            0,
            0,
            0
        ],
        "margin_right": [
            0,
            0,
            0,
            0
        ],
        "margin_top": [
            0,
            0,
            0,
            0
        ],
        "margin_bottom": [
            0,
            0,
            0,
            0
        ],
        "background_color": [
            3.5137254901960784,
            4.517647058823529,
            15.56078431372549,
            19.576470588235296
        ],
        "background_proportion": [
            0.0684479744203629,
            0.022278253544760013,
            0.02131810263981895,
            0.016428629557291668
        ],
        "is_uniform": [
            false,
            false,
            false,
            false
        ],
        "bad_properties": [
            false,
            false,
            false,
            false
        ]
    }
}