{
    "recording": "dynamic29623-4-9-Video-9b4f6a1a067fe51e15306b9628efea20",
    "trial": "66",
    "trial_type": "live_test_bonus",
    "first_label": "NaturalVideo",
    "label": "NaturalVideo",
    "ID": null,
    "sampling_freq": 30,
    "valid_frames": 300,
    "peaks": [
        230,
        272
    ],
    "n_peaks": 2,
    "segments_n_peaks": 3,
    "segments_bad_n": 0,
    "segments_avg_duration": 100.0,
    "segments": {
        "frame_start": [
            0,
            231,
            273
        ],
        "frame_end": [
            231,
            273,
            300
        ],
        "duration": [
            231,
            42,
            27
        ],
        "transition_start": [
            0,
            1,
            1
        ],
        "transition_end": [
            0,
            0,
            0
        ],
        "max_change": [
            27.334738753682075,
            2.416602568870987,
            5.584025601702792
        ],
        "is_static": [
            true,
            true,
            true
        ],
        "intensity_range": [
            147.20243754090458,
            173.375,
            141.78200541337412
        ],
        "margin_left": [
            0,
            10,
            0
        ],
        "margin_right": [
            0,
            0,
            0
        ],
        "margin_top": [
            0,
            0,
            0
        ],
        "margin_bottom": [
            0,
            0,
            0
        ],
        "background_color": [
            80.8156862745098,
            58.72941176470589,
            75.79607843137255
        ],
        "background_proportion": [
            0.04073656310594802,
            0.04029126671271581,
            0.043898362379807855
        ],
        "is_uniform": [
            false,
            false,
            false
        ],
        "bad_properties": [
            false,
            false,
            false
        ]
    }
}