{
    "recording": "dynamic29623-4-9-Video-9b4f6a1a067fe51e15306b9628efea20",
    "trial": "667",
    "trial_type": "train",
    "first_label": "NaturalVideo",
    "label": "NaturalVideo",
    "ID": null,
    "sampling_freq": 30,
    "valid_frames": 300,
    "peaks": [
        20,
        92,
        156,
        280
    ],
    "n_peaks": 4,
    "segments_n_peaks": 5,
    "segments_bad_n": 0,
    "segments_avg_duration": 60.0,
    "segments": {
        "frame_start": [
            0,
            21,
            93,
            157,
            281
        ],
        "frame_end": [
            21,
            93,
            157,
            281,
            300
        ],
        "duration": [
            21,
            72,
            64,
            124,
            19
        ],
        "transition_start": [
            0,
            0,
            0,
            0,
            1
        ],
        "transition_end": [
            0,
            0,
            0,
            0,
            0
        ],
        "max_change": [
            1033.4204133824753,
            38.80973773534721,
            32.5365137800758,
            307.5176366414956,
            44.54323106148931
        ],
        "is_static": [
            false,
            true,
            true,
            false,
            true
        ],
        "intensity_range": [
            220.33047744078894,
            169.12530013807884,
            136.12500000000003,
            176.1567989882968,
            158.125
        ],
        "margin_left": [
            0,
            0,
            0,
            0,
            13
        ],
        "margin_right": [
            0,
            0,
            0,
            0,
            0
        ],
        "margin_top": [
            0,
            1,
            0,
            0,
            0
        ],
        "margin_bottom": [
            0,
            0,
            0,
            0,
            0
        ],
        "background_color": [
            4.517647058823529,
            76.8,
            1.5058823529411764,
            1.5058823529411764,
            30.619607843137253
        ],
        "background_proportion": [
            0.19337608700706846,
            0.02081800390172895,
            0.1192021369934082,
            0.019409630888251848,
            0.035643400969328706
        ],
        "is_uniform": [
            false,
            false,
            false,
            false,
            false
        ],
        "bad_properties": [
            false,
            false,
            false,
            false,
            false
        ]
    }
}