{
    "recording": "dynamic29515-10-12-Video-9b4f6a1a067fe51e15306b9628efea20",
    "trial": "244",
    "trial_type": "train",
    "first_label": "NaturalVideo",
    "label": "NaturalVideo",
    "ID": null,
    "sampling_freq": 30,
    "valid_frames": 324,
    "peaks": [
        53,
        134,
        188,
        242
    ],
    "n_peaks": 4,
    "segments_n_peaks": 5,
    "segments_bad_n": 0,
    "segments_avg_duration": 64.8,
    "segments": {
        "frame_start": [
            0,
            54,
            135,
            189,
            243
        ],
        "frame_end": [
            54,
            135,
            189,
            243,
            324
        ],
        "duration": [
            54,
            81,
            54,
            54,
            81
        ],
        "transition_start": [
            0,
            0,
            0,
            0,
            0
        ],
        "transition_end": [
            0,
            0,
            0,
            0,
            0
        ],
        "max_change": [
            457.25649255199926,
            2194.592762736455,
            418.1277257594792,
            391.19730175155166,
            1320.2170550642481
        ],
        "is_static": [
            false,
            false,
            false,
            false,
            false
        ],
        "intensity_range": [
            254.98460496756772,
            254.9109289681273,
            254.64295600089736,
            254.87191965792502,
            255.0
        ],
        "margin_left": [
            0,
            0,
            0,
            0,
            0
        ],
        "margin_right": [
            0,
            0,
            0,
            0,
            0
        ],
        "margin_top": [
            0,
            0,
            0,
            0,
            0
        ],
        "margin_bottom": [
            0,
            0,
            0,
            0,
            0
        ],
        "background_color": [
            133.01960784313724,
            135.02745098039216,
            133.01960784313724,
            115.95294117647059,
            129.00392156862745
        ],
        "background_proportion": [
            0.010327939633969652,
            0.009516649285461712,
            0.010391988872009773,
            0.010391988872010068,
            0.009719471872588769
        ],
        "is_uniform": [
            false,
            false,
            false,
            false,
            false
        ],
        "bad_properties": [
            false,
            false,
            false,
            false,
            false
        ]
    }
}