{
    "recording": "dynamic29515-10-12-Video-9b4f6a1a067fe51e15306b9628efea20",
    "trial": "429",
    "trial_type": "train",
    "first_label": "NaturalVideo",
    "label": "NaturalVideo",
    "ID": null,
    "sampling_freq": 30,
    "valid_frames": 300,
    "peaks": [
        166,
        270
    ],
    "n_peaks": 2,
    "segments_n_peaks": 3,
    "segments_bad_n": 0,
    "segments_avg_duration": 100.0,
    "segments": {
        "frame_start": [
            0,
            167,
            271
        ],
        "frame_end": [
            167,
            271,
            300
        ],
        "duration": [
            167,
            104,
            29
        ],
        "transition_start": [
            0,
            0,
            0
        ],
        "transition_end": [
            0,
            0,
            0
        ],
        "max_change": [
            5293.188846167302,
            3618.2462306461043,
            2998.4756266687746
        ],
        "is_static": [
            false,
            false,
            false
        ],
        "intensity_range": [
            250.9375,
            254.12500000000003,
            248.98334154973185
        ],
        "margin_left": [
            0,
            0,
            0
        ],
        "margin_right": [
            0,
            0,
            0
        ],
        "margin_top": [
            0,
            0,
            0
        ],
        "margin_bottom": [
            0,
            0,
            0
        ],
        "background_color": [
            118.96470588235294,
            59.733333333333334,
            45.678431372549014
        ],
        "background_proportion": [
            0.007551577752697757,
            0.01782955267490491,
            0.03270817899155879
        ],
        "is_uniform": [
            false,
            false,
            false
        ],
        "bad_properties": [
            false,
            false,
            false
        ]
    }
}