{
    "recording": "dynamic29515-10-12-Video-9b4f6a1a067fe51e15306b9628efea20",
    "trial": "53",
    "trial_type": "oracle",
    "first_label": "NaturalVideo",
    "label": "NaturalVideo",
    "ID": null,
    "sampling_freq": 30,
    "valid_frames": 300,
    "peaks": [
        169
    ],
    "n_peaks": 1,
    "segments_n_peaks": 2,
    "segments_bad_n": 0,
    "segments_avg_duration": 150.0,
    "segments": {
        "frame_start": [
            0,
            170
        ],
        "frame_end": [
            170,
            300
        ],
        "duration": [
            170,
            130
        ],
        "transition_start": [
            0,
            0
        ],
        "transition_end": [
            0,
            0
        ],
        "max_change": [
            5379.178189859445,
            1117.3869453722239
        ],
        "is_static": [
            false,
            false
        ],
        "intensity_range": [
            249.6622642111075,
            215.15274229043425
        ],
        "margin_left": [
            0,
            0
        ],
        "margin_right": [
            0,
            0
        ],
        "margin_top": [
            0,
            0
        ],
        "margin_bottom": [
            0,
            0
        ],
        "background_color": [
            160.12549019607843,
            186.22745098039215
        ],
        "background_proportion": [
            0.010154724121093786,
            0.018267704890324584
        ],
        "is_uniform": [
            false,
            false
        ],
        "bad_properties": [
            false,
            false
        ]
    }
}