{
    "recording": "dynamic29515-10-12-Video-9b4f6a1a067fe51e15306b9628efea20",
    "trial": "708",
    "trial_type": "live_test_main",
    "first_label": "NaturalVideo",
    "label": "NaturalVideo",
    "ID": null,
    "sampling_freq": 30,
    "valid_frames": 324,
    "peaks": [
        53,
        134,
        188,
        242
    ],
    "n_peaks": 4,
    "segments_n_peaks": 5,
    "segments_bad_n": 0,
    "segments_avg_duration": 64.8,
    "segments": {
        "frame_start": [
            0,
            54,
            135,
            189,
            243
        ],
        "frame_end": [
            54,
            135,
            189,
            243,
            324
        ],
        "duration": [
            54,
            81,
            54,
            54,
            81
        ],
        "transition_start": [
            0,
            0,
            0,
            0,
            0
        ],
        "transition_end": [
            0,
            0,
            0,
            0,
            0
        ],
        "max_change": [
            457.251659541392,
            2195.7541087279687,
            418.20453511150953,
            391.27174054182643,
            1322.6781740955826
        ],
        "is_static": [
            false,
            false,
            false,
            false,
            false
        ],
        "intensity_range": [
            254.9846806687634,
            254.9110900850737,
            254.64376505304483,
            254.87209056085902,
            255.0
        ],
        "margin_left": [
            0,
            0,
            0,
            0,
            0
        ],
        "margin_right": [
            0,
            0,
            0,
            0,
            0
        ],
        "margin_top": [
            0,
            0,
            0,
            0,
            0
        ],
        "margin_bottom": [
            0,
            0,
            0,
            0,
            0
        ],
        "background_color": [
            133.01960784313724,
            120.97254901960784,
            133.01960784313724,
            115.95294117647059,
            136.0313725490196
        ],
        "background_proportion": [
            0.010335945788724666,
            0.009521986721965055,
            0.01043201964578485,
            0.010424013491030129,
            0.009703459563078737
        ],
        "is_uniform": [
            false,
            false,
            false,
            false,
            false
        ],
        "bad_properties": [
            false,
            false,
            false,
            false,
            false
        ]
    }
}