{
    "recording": "dynamic29515-10-12-Video-9b4f6a1a067fe51e15306b9628efea20",
    "trial": "73",
    "trial_type": "final_test_bonus",
    "first_label": "NaturalVideo",
    "label": "NaturalVideo",
    "ID": null,
    "sampling_freq": 30,
    "valid_frames": 300,
    "peaks": [
        100,
        152,
        261
    ],
    "n_peaks": 3,
    "segments_n_peaks": 4,
    "segments_bad_n": 0,
    "segments_avg_duration": 75.0,
    "segments": {
        "frame_start": [
            0,
            101,
            153,
            262
        ],
        "frame_end": [
            101,
            153,
            262,
            300
        ],
        "duration": [
            101,
            52,
            109,
            38
        ],
        "transition_start": [
            0,
            0,
            0,
            1
        ],
        "transition_end": [
            0,
            0,
            0,
            0
        ],
        "max_change": [
            76.12579029034617,
            86.50022028860285,
            110.97347245862345,
            2.488871401641361
        ],
        "is_static": [
            false,
            false,
            false,
            true
        ],
        "intensity_range": [
            195.51467994974948,
            115.05747649628444,
            199.1875,
            173.625
        ],
        "margin_left": [
            0,
            0,
            0,
            0
        ],
        "margin_right": [
            0,
            0,
            0,
            0
        ],
        "margin_top": [
            0,
            0,
            0,
            0
        ],
        "margin_bottom": [
            0,
            0,
            0,
            0
        ],
        "background_color": [
            38.65098039215687,
            96.87843137254902,
            44.674509803921566,
            22.588235294117645
        ],
        "background_proportion": [
            0.03465079631742459,
            0.04311683850410672,
            0.03146506959874342,
            0.024105450054546736
        ],
        "is_uniform": [
            false,
            false,
            false,
            false
        ],
        "bad_properties": [
            false,
            false,
            false,
            false
        ]
    }
}