{
    "recording": "dynamic29712-5-9-Video-9b4f6a1a067fe51e15306b9628efea20",
    "trial": "149",
    "trial_type": "train",
    "first_label": "NaturalVideo",
    "label": "NaturalVideo",
    "ID": null,
    "sampling_freq": 30,
    "valid_frames": 300,
    "peaks": [
        65,
        100,
        190,
        250,
        295
    ],
    "n_peaks": 5,
    "segments_n_peaks": 6,
    "segments_bad_n": 0,
    "segments_avg_duration": 50.0,
    "segments": {
        "frame_start": [
            0,
            66,
            101,
            191,
            251,
            296
        ],
        "frame_end": [
            66,
            101,
            191,
            251,
            296,
            300
        ],
        "duration": [
            66,
            35,
            90,
            60,
            45,
            4
        ],
        "transition_start": [
            0,
            0,
            0,
            0,
            0,
            0
        ],
        "transition_end": [
            0,
            0,
            0,
            0,
            0,
            0
        ],
        "max_change": [
            197.48893212225317,
            20.45114244408638,
            47.11305206123865,
            671.241077239008,
            488.7433710916092,
            342.413782066885
        ],
        "is_static": [
            false,
            true,
            true,
            false,
            false,
            false
        ],
        "intensity_range": [
            219.49816804801372,
            163.96678307916628,
            196.62500000000003,
            136.6875,
            248.1057253896808,
            212.8358329284731
        ],
        "margin_left": [
            0,
            1,
            0,
            0,
            0,
            0
        ],
        "margin_right": [
            0,
            0,
            0,
            0,
            0,
            0
        ],
        "margin_top": [
            0,
            0,
            0,
            0,
            0,
            0
        ],
        "margin_bottom": [
            0,
            0,
            0,
            0,
            0,
            0
        ],
        "background_color": [
            3.5137254901960784,
            17.568627450980394,
            0.5019607843137255,
            3.5137254901960784,
            2.5098039215686274,
            3.5137254901960784
        ],
        "background_proportion": [
            0.020391676161024306,
            0.027014596121651784,
            0.04575037073206018,
            0.06149927775065104,
            0.02936017071759259,
            0.028533935546875
        ],
        "is_uniform": [
            false,
            false,
            false,
            false,
            false,
            false
        ],
        "bad_properties": [
            false,
            false,
            false,
            false,
            false,
            false
        ]
    }
}