{
    "recording": "dynamic29712-5-9-Video-9b4f6a1a067fe51e15306b9628efea20",
    "trial": "24",
    "trial_type": "train",
    "first_label": "Gabor",
    "label": "Gabor",
    "ID": null,
    "sampling_freq": 30,
    "valid_frames": 300,
    "peaks": [
        24,
        49,
        74,
        99,
        124,
        149,
        174,
        199,
        224,
        249,
        274
    ],
    "n_peaks": 11,
    "segments_n_peaks": 12,
    "segments_bad_n": 0,
    "segments_avg_duration": 25.0,
    "segments": {
        "frame_start": [
            0,
            25,
            50,
            75,
            100,
            125,
            150,
            175,
            200,
            225,
            250,
            275
        ],
        "frame_end": [
            25,
            50,
            75,
            100,
            125,
            150,
            175,
            200,
            225,
            250,
            275,
            300
        ],
        "duration": [
            25,
            25,
            25,
            25,
            25,
            25,
            25,
            25,
            25,
            25,
            25,
            25
        ],
        "transition_start": [
            0,
            0,
            0,
            0,
            0,
            0,
            0,
            0,
            0,
            0,
            0,
            0
        ],
        "transition_end": [
            0,
            0,
            0,
            0,
            0,
            0,
            0,
            0,
            0,
            0,
            0,
            0
        ],
        "max_change": [
            9.460079855976005,
            37.161510590473625,
            80.6830018624816,
            208.54561018967118,
            11.072632206999199,
            14.020843737693447,
            28.65515012922124,
            28.406865285220718,
            36.257374996757044,
            36.458905024565,
            36.05013741571471,
            31.414791274416952
        ],
        "is_static": [
            true,
            true,
            false,
            false,
            true,
            true,
            true,
            true,
            true,
            true,
            true,
            true
        ],
        "intensity_range": [
            217.69759392755006,
            216.9927400341501,
            215.51811580647134,
            176.29702078935398,
            216.99719745171404,
            223.46207976318027,
            189.9666752263097,
            188.8257937452917,
            214.040581396946,
            222.91453112790992,
            223.01291269905553,
            221.33329442738088
        ],
        "margin_left": [
            22,
            22,
            22,
            23,
            22,
            22,
            23,
            23,
            22,
            22,
            22,
            22
        ],
        "margin_right": [
            22,
            22,
            22,
            23,
            22,
            22,
            22,
            23,
            22,
            22,
            22,
            22
        ],
        "margin_top": [
            8,
            8,
            8,
            9,
            8,
            8,
            9,
            9,
            8,
            8,
            8,
            8
        ],
        "margin_bottom": [
            8,
            8,
            8,
            9,
            8,
            8,
            8,
            9,
            8,
            8,
            8,
            8
        ],
        "background_color": [
            128.0,
            128.0,
            128.0,
            128.0,
            128.0,
            128.0,
            128.0,
            128.0,
            128.0,
            128.0,
            128.0,
            128.0
        ],
        "background_proportion": [
            0.6432759602864606,
            0.6402496337890647,
            0.6413909912109398,
            0.649155680338544,
            0.6412872314453147,
            0.6377075195312523,
            0.646769205729169,
            0.6437428792317731,
            0.6430338541666689,
            0.6385203043619815,
            0.6390218098958356,
            0.6422210693359398
        ],
        "is_uniform": [
            false,
            false,
            false,
            false,
            false,
            false,
            false,
            false,
            false,
            false,
            false,
            false
        ],
        "bad_properties": [
            false,
            false,
            false,
            false,
            false,
            false,
            false,
            false,
            false,
            false,
            false,
            false
        ]
    }
}