{
    "recording": "dynamic29712-5-9-Video-9b4f6a1a067fe51e15306b9628efea20",
    "trial": "244",
    "trial_type": "train",
    "first_label": "NaturalVideo",
    "label": "NaturalVideo",
    "ID": null,
    "sampling_freq": 30,
    "valid_frames": 300,
    "peaks": [
        76,
        203,
        293
    ],
    "n_peaks": 3,
    "segments_n_peaks": 4,
    "segments_bad_n": 0,
    "segments_avg_duration": 75.0,
    "segments": {
        "frame_start": [
            0,
            77,
            204,
            294
        ],
        "frame_end": [
            77,
            204,
            294,
            300
        ],
        "duration": [
            77,
            127,
            90,
            6
        ],
        "transition_start": [
            0,
            0,
            0,
            0
        ],
        "transition_end": [
            0,
            0,
            0,
            0
        ],
        "max_change": [
            590.0283131368276,
            5310.585303567472,
            1785.3530243379741,
            474.3751738044961
        ],
        "is_static": [
            false,
            false,
            false,
            false
        ],
        "intensity_range": [
            237.37107336529394,
            230.8041202592388,
            231.28356823798654,
            225.4696304508279
        ],
        "margin_left": [
            0,
            0,
            0,
            0
        ],
        "margin_right": [
            0,
            0,
            0,
            0
        ],
        "margin_top": [
            0,
            0,
            0,
            0
        ],
        "margin_bottom": [
            0,
            0,
            0,
            0
        ],
        "background_color": [
            243.45098039215685,
            11.545098039215686,
            11.545098039215686,
            14.556862745098039
        ],
        "background_proportion": [
            0.01403676483022191,
            0.028578190040087763,
            0.032732363100405094,
            0.024354722764756944
        ],
        "is_uniform": [
            false,
            false,
            false,
            false
        ],
        "bad_properties": [
            false,
            false,
            false,
            false
        ]
    }
}