{
    "recording": "dynamic29712-5-9-Video-9b4f6a1a067fe51e15306b9628efea20",
    "trial": "283",
    "trial_type": "final_test_bonus",
    "first_label": "Gabor",
    "label": "Gabor",
    "ID": null,
    "sampling_freq": 30,
    "valid_frames": 300,
    "peaks": [
        24,
        49,
        74,
        99,
        124,
        149,
        199,
        224,
        249,
        274
    ],
    "n_peaks": 10,
    "segments_n_peaks": 11,
    "segments_bad_n": 0,
    "segments_avg_duration": 25.0,
    "segments": {
        "frame_start": [
            0,
            25,
            50,
            75,
            100,
            125,
            150,
            175,
            200,
            225,
            250,
            275
        ],
        "frame_end": [
            25,
            50,
            75,
            100,
            125,
            150,
            175,
            200,
            225,
            250,
            275,
            300
        ],
        "duration": [
            25,
            25,
            25,
            25,
            25,
            25,
            25,
            25,
            25,
            25,
            25,
            25
        ],
        "transition_start": [
            0,
            0,
            0,
            0,
            0,
            0,
            0,
            0,
            0,
            0,
            0,
            0
        ],
        "transition_end": [
            0,
            0,
            0,
            0,
            0,
            0,
            0,
            0,
            0,
            0,
            0,
            0
        ],
        "max_change": [
            82.26604036059261,
            9.45039776275417,
            28.90454102832335,
            208.2682411112906,
            11.716943423316419,
            11.618298433327421,
            187.3018896111567,
            28.56643935313552,
            28.91497141708875,
            22.132743361890945,
            76.1456921828211,
            43.05143873684023
        ],
        "is_static": [
            false,
            true,
            true,
            false,
            true,
            true,
            false,
            true,
            true,
            true,
            false,
            true
        ],
        "intensity_range": [
            217.46610369018427,
            217.23104073259202,
            191.21423914279626,
            178.3316990727838,
            223.18108235896867,
            216.98709463119314,
            174.7714982365726,
            189.87049510726317,
            221.88329810690647,
            219.5090846431164,
            209.37450610423505,
            189.18224803465142
        ],
        "margin_left": [
            22,
            22,
            23,
            23,
            22,
            22,
            23,
            23,
            22,
            24,
            22,
            23
        ],
        "margin_right": [
            22,
            22,
            22,
            23,
            22,
            22,
            23,
            22,
            22,
            23,
            22,
            22
        ],
        "margin_top": [
            8,
            8,
            9,
            9,
            8,
            8,
            9,
            9,
            8,
            8,
            8,
            9
        ],
        "margin_bottom": [
            8,
            8,
            8,
            9,
            8,
            8,
            9,
            8,
            8,
            8,
            8,
            9
        ],
        "background_color": [
            128.0,
            128.0,
            128.0,
            128.0,
            128.0,
            128.0,
            128.0,
            128.0,
            128.0,
            128.0,
            128.0,
            128.0
        ],
        "background_proportion": [
            0.6389526367187522,
            0.6410451253255232,
            0.6457661946614606,
            0.6486714680989606,
            0.6378631591796897,
            0.642930094401044,
            0.6504872639973981,
            0.6473744710286481,
            0.6410451253255232,
            0.6420654296875022,
            0.6429473876953148,
            0.6477722167968772
        ],
        "is_uniform": [
            false,
            false,
            false,
            false,
            false,
            false,
            false,
            false,
            false,
            false,
            false,
            false
        ],
        "bad_properties": [
            false,
            false,
            false,
            false,
            false,
            false,
            false,
            false,
            false,
            false,
            false,
            false
        ]
    }
}