{
    "recording": "dynamic29712-5-9-Video-9b4f6a1a067fe51e15306b9628efea20",
    "trial": "312",
    "trial_type": "train",
    "first_label": "Gabor",
    "label": "Gabor",
    "ID": null,
    "sampling_freq": 30,
    "valid_frames": 300,
    "peaks": [
        24,
        49,
        74,
        99,
        124,
        149,
        174,
        199,
        224,
        249
    ],
    "n_peaks": 10,
    "segments_n_peaks": 11,
    "segments_bad_n": 0,
    "segments_avg_duration": 25.0,
    "segments": {
        "frame_start": [
            0,
            25,
            50,
            75,
            100,
            125,
            150,
            175,
            200,
            225,
            250,
            275
        ],
        "frame_end": [
            25,
            50,
            75,
            100,
            125,
            150,
            175,
            200,
            225,
            250,
            275,
            300
        ],
        "duration": [
            25,
            25,
            25,
            25,
            25,
            25,
            25,
            25,
            25,
            25,
            25,
            25
        ],
        "transition_start": [
            0,
            0,
            0,
            0,
            0,
            0,
            0,
            0,
            0,
            0,
            0,
            0
        ],
        "transition_end": [
            0,
            0,
            0,
            0,
            0,
            0,
            0,
            0,
            0,
            0,
            0,
            0
        ],
        "max_change": [
            2.5280234058109667,
            2.656766610091358,
            9.431462026598757,
            9.419602107606547,
            86.3383475637607,
            28.582205407904276,
            101.64850372316748,
            77.4938857934182,
            25.296472805643774,
            30.639481135473048,
            168.88785932589445,
            36.63520308103879
        ],
        "is_static": [
            true,
            true,
            true,
            true,
            false,
            true,
            false,
            false,
            true,
            true,
            false,
            true
        ],
        "intensity_range": [
            219.63269304964135,
            219.63063161303958,
            216.89530369247012,
            217.40161409205933,
            213.36900125304822,
            189.77920529846006,
            183.4370911622177,
            210.65710362570877,
            216.2049733756549,
            223.01340176209285,
            172.37763122442394,
            219.35347775171965
        ],
        "margin_left": [
            22,
            22,
            22,
            22,
            22,
            23,
            23,
            22,
            22,
            22,
            23,
            22
        ],
        "margin_right": [
            22,
            22,
            22,
            22,
            22,
            22,
            23,
            22,
            22,
            22,
            23,
            22
        ],
        "margin_top": [
            8,
            8,
            8,
            8,
            8,
            9,
            9,
            8,
            8,
            8,
            9,
            8
        ],
        "margin_bottom": [
            8,
            8,
            8,
            8,
            8,
            9,
            9,
            8,
            8,
            8,
            9,
            8
        ],
        "background_color": [
            128.0,
            128.0,
            128.0,
            128.0,
            128.0,
            128.0,
            128.0,
            128.0,
            128.0,
            128.0,
            128.0,
            128.0
        ],
        "background_proportion": [
            0.6425150553385439,
            0.6421173095703148,
            0.642411295572919,
            0.6420654296875022,
            0.6438466389973981,
            0.6452646891276065,
            0.6487752278645856,
            0.6422210693359398,
            0.6419097900390648,
            0.6381225585937522,
            0.6544647216796897,
            0.6442097981770856
        ],
        "is_uniform": [
            false,
            false,
            false,
            false,
            false,
            false,
            false,
            false,
            false,
            false,
            false,
            false
        ],
        "bad_properties": [
            false,
            false,
            false,
            false,
            false,
            false,
            false,
            false,
            false,
            false,
            false,
            false
        ]
    }
}