{
    "recording": "dynamic29712-5-9-Video-9b4f6a1a067fe51e15306b9628efea20",
    "trial": "441",
    "trial_type": "final_test_bonus",
    "first_label": "Gabor",
    "label": "Gabor",
    "ID": null,
    "sampling_freq": 30,
    "valid_frames": 300,
    "peaks": [
        24,
        49,
        74,
        99,
        124,
        149,
        174,
        199,
        224
    ],
    "n_peaks": 9,
    "segments_n_peaks": 10,
    "segments_bad_n": 0,
    "segments_avg_duration": 25.0,
    "segments": {
        "frame_start": [
            0,
            25,
            50,
            75,
            100,
            125,
            150,
            175,
            200,
            225,
            250,
            275
        ],
        "frame_end": [
            25,
            50,
            75,
            100,
            125,
            150,
            175,
            200,
            225,
            250,
            275,
            300
        ],
        "duration": [
            25,
            25,
            25,
            25,
            25,
            25,
            25,
            25,
            25,
            25,
            25,
            25
        ],
        "transition_start": [
            0,
            0,
            0,
            0,
            0,
            0,
            0,
            0,
            0,
            0,
            0,
            0
        ],
        "transition_end": [
            0,
            0,
            0,
            0,
            0,
            0,
            0,
            0,
            0,
            0,
            0,
            0
        ],
        "max_change": [
            82.2751564088612,
            37.13540890611019,
            107.28807163663781,
            4.588271209251837,
            12.688683026613123,
            78.63380697917506,
            36.44381840604241,
            100.4039137170036,
            36.25646441649576,
            97.62890211926296,
            168.0449440476624,
            38.297927841245546
        ],
        "is_static": [
            false,
            true,
            false,
            true,
            true,
            false,
            true,
            false,
            true,
            false,
            false,
            true
        ],
        "intensity_range": [
            216.6287199993062,
            216.59145053507638,
            188.39382983840954,
            219.68745381384792,
            223.1863932067931,
            212.22541374605086,
            214.12113101669112,
            182.28586771869865,
            214.23580813684873,
            181.3930565960566,
            162.28332192275047,
            188.00642182078457
        ],
        "margin_left": [
            22,
            22,
            23,
            22,
            22,
            22,
            22,
            23,
            22,
            23,
            23,
            23
        ],
        "margin_right": [
            22,
            22,
            23,
            22,
            22,
            22,
            22,
            23,
            22,
            23,
            23,
            23
        ],
        "margin_top": [
            8,
            8,
            9,
            9,
            8,
            8,
            8,
            9,
            8,
            9,
            9,
            9
        ],
        "margin_bottom": [
            8,
            8,
            9,
            9,
            8,
            8,
            8,
            9,
            8,
            9,
            9,
            9
        ],
        "background_color": [
            128.0,
            128.0,
            128.0,
            128.0,
            128.0,
            128.0,
            128.0,
            128.0,
            128.0,
            128.0,
            128.0,
            128.0
        ],
        "background_proportion": [
            0.6406473795572939,
            0.6442789713541689,
            0.6451436360677106,
            0.6409759521484397,
            0.6380187988281273,
            0.6403879801432314,
            0.6397135416666689,
            0.6490692138671897,
            0.6402323404947939,
            0.647080485026044,
            0.6502278645833356,
            0.6502278645833356
        ],
        "is_uniform": [
            false,
            false,
            false,
            false,
            false,
            false,
            false,
            false,
            false,
            false,
            false,
            false
        ],
        "bad_properties": [
            false,
            false,
            false,
            false,
            false,
            false,
            false,
            false,
            false,
            false,
            false,
            false
        ]
    }
}