{
    "recording": "dynamic29712-5-9-Video-9b4f6a1a067fe51e15306b9628efea20",
    "trial": "48",
    "trial_type": "train",
    "first_label": "NaturalVideo",
    "label": "NaturalVideo",
    "ID": null,
    "sampling_freq": 30,
    "valid_frames": 300,
    "peaks": [
        78,
        189,
        232
    ],
    "n_peaks": 3,
    "segments_n_peaks": 4,
    "segments_bad_n": 0,
    "segments_avg_duration": 75.0,
    "segments": {
        "frame_start": [
            0,
            79,
            190,
            233
        ],
        "frame_end": [
            79,
            190,
            233,
            300
        ],
        "duration": [
            79,
            111,
            43,
            67
        ],
        "transition_start": [
            0,
            0,
            0,
            0
        ],
        "transition_end": [
            0,
            0,
            0,
            0
        ],
        "max_change": [
            5472.479779917573,
            4382.332032307291,
            360.85881544744177,
            726.4197196540783
        ],
        "is_static": [
            false,
            false,
            false,
            false
        ],
        "intensity_range": [
            251.89600329382185,
            252.0625,
            242.9375,
            252.79425521198
        ],
        "margin_left": [
            0,
            0,
            0,
            0
        ],
        "margin_right": [
            0,
            0,
            0,
            0
        ],
        "margin_top": [
            0,
            0,
            0,
            0
        ],
        "margin_bottom": [
            0,
            0,
            0,
            0
        ],
        "background_color": [
            4.517647058823529,
            3.5137254901960784,
            0.5019607843137255,
            3.5137254901960784
        ],
        "background_proportion": [
            0.1013463660131527,
            0.08438660217835023,
            0.0918052732482437,
            0.06438525755013992
        ],
        "is_uniform": [
            false,
            false,
            false,
            false
        ],
        "bad_properties": [
            false,
            false,
            false,
            false
        ]
    }
}