{
    "recording": "dynamic29712-5-9-Video-9b4f6a1a067fe51e15306b9628efea20",
    "trial": "49",
    "trial_type": "oracle",
    "first_label": "NaturalVideo",
    "label": "NaturalVideo",
    "ID": null,
    "sampling_freq": 30,
    "valid_frames": 300,
    "peaks": [
        104,
        257
    ],
    "n_peaks": 2,
    "segments_n_peaks": 3,
    "segments_bad_n": 0,
    "segments_avg_duration": 100.0,
    "segments": {
        "frame_start": [
            0,
            105,
            258
        ],
        "frame_end": [
            105,
            258,
            300
        ],
        "duration": [
            105,
            153,
            42
        ],
        "transition_start": [
            0,
            0,
            1
        ],
        "transition_end": [
            0,
            0,
            0
        ],
        "max_change": [
            223.95417061363952,
            14.08245092798537,
            30.351389316271153
        ],
        "is_static": [
            false,
            true,
            true
        ],
        "intensity_range": [
            166.12500000000003,
            125.83981491727515,
            153.1875
        ],
        "margin_left": [
            0,
            0,
            0
        ],
        "margin_right": [
            0,
            0,
            0
        ],
        "margin_top": [
            0,
            0,
            0
        ],
        "margin_bottom": [
            0,
            0,
            0
        ],
        "background_color": [
            35.63921568627451,
            45.678431372549014,
            33.6313725490196
        ],
        "background_proportion": [
            0.024058266291542747,
            0.02176638002748835,
            0.022080584270198093
        ],
        "is_uniform": [
            false,
            false,
            false
        ],
        "bad_properties": [
            false,
            false,
            false
        ]
    }
}