{
    "recording": "dynamic29712-5-9-Video-9b4f6a1a067fe51e15306b9628efea20",
    "trial": "605",
    "trial_type": "train",
    "first_label": "NaturalVideo",
    "label": "NaturalVideo",
    "ID": null,
    "sampling_freq": 30,
    "valid_frames": 300,
    "peaks": [
        35,
        67,
        128
    ],
    "n_peaks": 3,
    "segments_n_peaks": 4,
    "segments_bad_n": 0,
    "segments_avg_duration": 75.0,
    "segments": {
        "frame_start": [
            0,
            36,
            68,
            129
        ],
        "frame_end": [
            36,
            68,
            129,
            300
        ],
        "duration": [
            36,
            32,
            61,
            171
        ],
        "transition_start": [
            0,
            0,
            0,
            0
        ],
        "transition_end": [
            0,
            0,
            0,
            0
        ],
        "max_change": [
            974.9955597516584,
            945.6501077932711,
            1552.631066647113,
            285.0034113522934
        ],
        "is_static": [
            false,
            false,
            false,
            false
        ],
        "intensity_range": [
            157.06022559121033,
            163.03444903689538,
            137.27005825515567,
            220.56249999999997
        ],
        "margin_left": [
            0,
            0,
            0,
            0
        ],
        "margin_right": [
            0,
            0,
            0,
            0
        ],
        "margin_top": [
            0,
            0,
            0,
            0
        ],
        "margin_bottom": [
            0,
            0,
            0,
            0
        ],
        "background_color": [
            1.5058823529411764,
            1.5058823529411764,
            18.57254901960784,
            200.28235294117647
        ],
        "background_proportion": [
            0.039510373716001156,
            0.05825678507486979,
            0.017583878313908813,
            0.05046911406935325
        ],
        "is_uniform": [
            false,
            false,
            false,
            false
        ],
        "bad_properties": [
            false,
            false,
            false,
            false
        ]
    }
}