{
    "recording": "dynamic29712-5-9-Video-9b4f6a1a067fe51e15306b9628efea20",
    "trial": "712",
    "trial_type": "train",
    "first_label": "NaturalVideo",
    "label": "NaturalVideo",
    "ID": null,
    "sampling_freq": 30,
    "valid_frames": 300,
    "peaks": [
        178,
        256
    ],
    "n_peaks": 2,
    "segments_n_peaks": 3,
    "segments_bad_n": 0,
    "segments_avg_duration": 100.0,
    "segments": {
        "frame_start": [
            0,
            179,
            257
        ],
        "frame_end": [
            179,
            257,
            300
        ],
        "duration": [
            179,
            78,
            43
        ],
        "transition_start": [
            0,
            0,
            0
        ],
        "transition_end": [
            0,
            0,
            0
        ],
        "max_change": [
            2303.636209802316,
            470.9368734683651,
            136.6751715569286
        ],
        "is_static": [
            false,
            false,
            false
        ],
        "intensity_range": [
            239.98308429546378,
            228.669146275274,
            223.68212183661078
        ],
        "margin_left": [
            0,
            0,
            0
        ],
        "margin_right": [
            0,
            0,
            0
        ],
        "margin_top": [
            0,
            0,
            0
        ],
        "margin_bottom": [
            0,
            0,
            0
        ],
        "background_color": [
            73.78823529411764,
            23.5921568627451,
            54.71372549019608
        ],
        "background_proportion": [
            0.009023428407239324,
            0.01652839856270032,
            0.013543062431867684
        ],
        "is_uniform": [
            false,
            false,
            false
        ],
        "bad_properties": [
            false,
            false,
            false
        ]
    }
}