{
    "recording": "dynamic29712-5-9-Video-9b4f6a1a067fe51e15306b9628efea20",
    "trial": "714",
    "trial_type": "final_test_bonus",
    "first_label": "NaturalVideo",
    "label": "NaturalVideo",
    "ID": null,
    "sampling_freq": 30,
    "valid_frames": 300,
    "peaks": [
        172,
        266
    ],
    "n_peaks": 2,
    "segments_n_peaks": 3,
    "segments_bad_n": 0,
    "segments_avg_duration": 100.0,
    "segments": {
        "frame_start": [
            0,
            173,
            267
        ],
        "frame_end": [
            173,
            267,
            300
        ],
        "duration": [
            173,
            94,
            33
        ],
        "transition_start": [
            0,
            0,
            0
        ],
        "transition_end": [
            0,
            0,
            0
        ],
        "max_change": [
            86.21925035225085,
            369.7158837532302,
            9.924805265926615
        ],
        "is_static": [
            false,
            false,
            true
        ],
        "intensity_range": [
            231.86546804183126,
            115.6875,
            182.00492840760526
        ],
        "margin_left": [
            0,
            14,
            15
        ],
        "margin_right": [
            0,
            12,
            16
        ],
        "margin_top": [
            0,
            3,
            4
        ],
        "margin_bottom": [
            0,
            4,
            5
        ],
        "background_color": [
            23.5921568627451,
            1.5058823529411764,
            0.5019607843137255
        ],
        "background_proportion": [
            0.011637987199316595,
            0.31811382753629214,
            0.2840030554569129
        ],
        "is_uniform": [
            false,
            false,
            false
        ],
        "bad_properties": [
            false,
            false,
            false
        ]
    }
}