{
    "recording": "dynamic29712-5-9-Video-9b4f6a1a067fe51e15306b9628efea20",
    "trial": "76",
    "trial_type": "oracle",
    "first_label": "Gabor",
    "label": "Gabor",
    "ID": null,
    "sampling_freq": 30,
    "valid_frames": 300,
    "peaks": [
        24,
        49,
        74,
        99,
        124,
        149,
        174,
        199,
        224,
        249,
        274
    ],
    "n_peaks": 11,
    "segments_n_peaks": 12,
    "segments_bad_n": 0,
    "segments_avg_duration": 25.0,
    "segments": {
        "frame_start": [
            0,
            25,
            50,
            75,
            100,
            125,
            150,
            175,
            200,
            225,
            250,
            275
        ],
        "frame_end": [
            25,
            50,
            75,
            100,
            125,
            150,
            175,
            200,
            225,
            250,
            275,
            300
        ],
        "duration": [
            25,
            25,
            25,
            25,
            25,
            25,
            25,
            25,
            25,
            25,
            25,
            25
        ],
        "transition_start": [
            0,
            0,
            0,
            0,
            0,
            0,
            0,
            0,
            0,
            0,
            0,
            0
        ],
        "transition_end": [
            0,
            0,
            0,
            0,
            0,
            0,
            0,
            0,
            0,
            0,
            0,
            0
        ],
        "max_change": [
            2.524245330925529,
            2.5261810808794496,
            214.8595090279318,
            106.18744046937995,
            22.278148290414038,
            27.85700915872684,
            17.335729345164,
            17.363973629232014,
            176.98632397680382,
            37.2013708436522,
            97.29224361627405,
            165.48475791636235
        ],
        "is_static": [
            true,
            true,
            false,
            false,
            true,
            true,
            true,
            true,
            false,
            true,
            false,
            false
        ],
        "intensity_range": [
            219.27578867190957,
            220.2314346960844,
            182.4983692421149,
            188.1405726040772,
            223.3494034978082,
            222.666716221209,
            216.42061608431794,
            219.1095303983587,
            178.30215349548195,
            213.74533215227584,
            180.57982814957114,
            182.210861194171
        ],
        "margin_left": [
            23,
            22,
            23,
            23,
            22,
            22,
            22,
            22,
            23,
            22,
            23,
            23
        ],
        "margin_right": [
            23,
            22,
            23,
            23,
            22,
            22,
            22,
            22,
            23,
            22,
            23,
            23
        ],
        "margin_top": [
            8,
            8,
            9,
            9,
            8,
            8,
            8,
            9,
            9,
            8,
            9,
            9
        ],
        "margin_bottom": [
            8,
            8,
            9,
            9,
            8,
            8,
            8,
            9,
            9,
            8,
            9,
            9
        ],
        "background_color": [
            128.0,
            128.0,
            128.0,
            128.0,
            128.0,
            128.0,
            128.0,
            128.0,
            128.0,
            128.0,
            128.0,
            128.0
        ],
        "background_proportion": [
            0.6434661865234398,
            0.6424977620442731,
            0.6469594319661481,
            0.6472188313802106,
            0.6419443766276064,
            0.6410278320312522,
            0.6417195638020856,
            0.6436218261718772,
            0.650712076822919,
            0.641373697916669,
            0.6500030517578148,
            0.6557963053385439
        ],
        "is_uniform": [
            false,
            false,
            false,
            false,
            false,
            false,
            false,
            false,
            false,
            false,
            false,
            false
        ],
        "bad_properties": [
            false,
            false,
            false,
            false,
            false,
            false,
            false,
            false,
            false,
            false,
            false,
            false
        ]
    }
}