{
    "recording": "dynamic29712-5-9-Video-9b4f6a1a067fe51e15306b9628efea20",
    "trial": "82",
    "trial_type": "train",
    "first_label": "NaturalVideo",
    "label": "NaturalVideo",
    "ID": null,
    "sampling_freq": 30,
    "valid_frames": 300,
    "peaks": [
        75,
        150
    ],
    "n_peaks": 2,
    "segments_n_peaks": 3,
    "segments_bad_n": 0,
    "segments_avg_duration": 100.0,
    "segments": {
        "frame_start": [
            0,
            76,
            151
        ],
        "frame_end": [
            76,
            151,
            300
        ],
        "duration": [
            76,
            75,
            149
        ],
        "transition_start": [
            0,
            0,
            0
        ],
        "transition_end": [
            0,
            0,
            0
        ],
        "max_change": [
            5274.979942943306,
            1083.0456188429032,
            604.0089641406579
        ],
        "is_static": [
            false,
            false,
            false
        ],
        "intensity_range": [
            227.18394545443806,
            209.34831019876026,
            224.14889037735622
        ],
        "margin_left": [
            0,
            0,
            0
        ],
        "margin_right": [
            0,
            0,
            0
        ],
        "margin_top": [
            0,
            0,
            0
        ],
        "margin_bottom": [
            0,
            0,
            0
        ],
        "background_color": [
            215.34117647058824,
            16.56470588235294,
            88.84705882352941
        ],
        "background_proportion": [
            0.00963646068907624,
            0.024838935004340278,
            0.010509448296805127
        ],
        "is_uniform": [
            false,
            false,
            false
        ],
        "bad_properties": [
            false,
            false,
            false
        ]
    }
}