{
    "recording": "dynamic29228-2-10-Video-8744edeac3b4d1ce16b680916b5267ce",
    "trial": "117",
    "trial_type": "final_test_main",
    "first_label": "PinkNoise",
    "label": "PinkNoise",
    "ID": null,
    "sampling_freq": 30,
    "valid_frames": 324,
    "peaks": [
        26,
        53,
        80,
        134,
        161,
        188,
        215,
        242,
        269,
        296
    ],
    "n_peaks": 10,
    "segments_n_peaks": 11,
    "segments_bad_n": 0,
    "segments_avg_duration": 27.0,
    "segments": {
        "frame_start": [
            0,
            27,
            54,
            81,
            108,
            135,
            162,
            189,
            216,
            243,
            270,
            297
        ],
        "frame_end": [
            27,
            54,
            81,
            108,
            135,
            162,
            189,
            216,
            243,
            270,
            297,
            324
        ],
        "duration": [
            27,
            27,
            27,
            27,
            27,
            27,
            27,
            27,
            27,
            27,
            27,
            27
        ],
        "transition_start": [
            0,
            0,
            0,
            0,
            0,
            0,
            0,
            0,
            0,
            0,
            0,
            0
        ],
        "transition_end": [
            0,
            0,
            0,
            0,
            0,
            0,
            0,
            0,
            0,
            0,
            0,
            0
        ],
        "max_change": [
            458.44885744467877,
            455.7087658602542,
            441.0705101529823,
            441.8964227606053,
            451.9434080586603,
            422.00851972032,
            419.44260312801373,
            423.98043436641376,
            408.79789280496385,
            418.98088976461895,
            418.0336088279689,
            393.3191319920831
        ],
        "is_static": [
            false,
            false,
            false,
            false,
            false,
            false,
            false,
            false,
            false,
            false,
            false,
            false
        ],
        "intensity_range": [
            254.9844512939453,
            254.11773681640625,
            254.82911682128906,
            254.80764770507812,
            254.32081604003906,
            253.83412170410156,
            254.150634765625,
            254.28318786621094,
            254.70184326171875,
            252.25619506835938,
            253.78106689453125,
            254.92105102539062
        ],
        "margin_left": [
            0,
            0,
            0,
            0,
            0,
            0,
            0,
            0,
            0,
            0,
            0,
            0
        ],
        "margin_right": [
            0,
            0,
            0,
            0,
            0,
            0,
            0,
            0,
            0,
            0,
            0,
            0
        ],
        "margin_top": [
            0,
            0,
            0,
            0,
            0,
            0,
            0,
            0,
            0,
            0,
            0,
            0
        ],
        "margin_bottom": [
            0,
            0,
            0,
            0,
            0,
            0,
            0,
            0,
            0,
            0,
            0,
            0
        ],
        "background_color": [
            132.01568603515625,
            123.98431396484375,
            132.01568603515625,
            115.95294189453125,
            134.02352905273438,
            118.96470642089844,
            131.01177978515625,
            128.0,
            114.94902038574219,
            129.00393676757812,
            126.99607849121094,
            119.9686279296875
        ],
        "background_proportion": [
            0.010119780213525411,
            0.009911620177487705,
            0.009799534004236632,
            0.009399226242625658,
            0.010039718661203217,
            0.010135792523989851,
            0.010648186458851896,
            0.010760190859035476,
            0.010135792523989851,
            0.010616161837923018,
            0.010375977180956434,
            0.010247878697240923
        ],
        "is_uniform": [
            false,
            false,
            false,
            false,
            false,
            false,
            false,
            false,
            false,
            false,
            false,
            false
        ],
        "bad_properties": [
            false,
            false,
            false,
            false,
            false,
            false,
            false,
            false,
            false,
            false,
            false,
            false
        ]
    }
}