{
    "recording": "dynamic29228-2-10-Video-8744edeac3b4d1ce16b680916b5267ce",
    "trial": "121",
    "trial_type": "train",
    "first_label": "PinkNoise",
    "label": "PinkNoise",
    "ID": null,
    "sampling_freq": 30,
    "valid_frames": 324,
    "n_peaks": 11,
    "segments_n_peaks": 12,
    "segments_bad_n": 0,
    "segments_avg_duration": 27.0,
    "segments": {
        "frame_start": [
            0,
            27,
            54,
            81,
            108,
            135,
            162,
            189,
            216,
            243,
            270,
            297
        ],
        "frame_end": [
            27,
            54,
            81,
            108,
            135,
            162,
            189,
            216,
            243,
            270,
            297,
            324
        ],
        "duration": [
            27,
            27,
            27,
            27,
            27,
            27,
            27,
            27,
            27,
            27,
            27,
            27
        ],
        "transition_start": [
            0,
            0,
            0,
            0,
            0,
            0,
            0,
            0,
            0,
            0,
            0,
            0
        ],
        "transition_end": [
            0,
            0,
            0,
            0,
            0,
            0,
            0,
            0,
            0,
            0,
            0,
            0
        ],
        "max_change": [
            483.6741042923612,
            431.5602897274935,
            471.02301528280964,
            469.4876855126798,
            429.3837241944583,
            435.13704433085627,
            407.00530369745854,
            444.8138322018976,
            423.0804099652606,
            432.5836060802329,
            410.1044508400725,
            391.96892378678785
        ],
        "is_static": [
            false,
            false,
            false,
            false,
            false,
            false,
            false,
            false,
            false,
            false,
            false,
            false
        ],
        "intensity_range": [
            255.0,
            254.70535278320312,
            254.6399383544922,
            254.8587646484375,
            253.68023681640625,
            253.98435974121094,
            254.92398071289062,
            254.9400177001953,
            254.1228485107422,
            254.37237548828125,
            254.66030883789062,
            253.46499633789062
        ],
        "margin_left": [
            0,
            0,
            0,
            0,
            0,
            0,
            0,
            0,
            0,
            0,
            0,
            0
        ],
        "margin_right": [
            0,
            0,
            0,
            0,
            0,
            0,
            0,
            0,
            0,
            0,
            0,
            0
        ],
        "margin_top": [
            0,
            0,
            0,
            0,
            0,
            0,
            0,
            0,
            0,
            0,
            0,
            0
        ],
        "margin_bottom": [
            0,
            0,
            0,
            0,
            0,
            0,
            0,
            0,
            0,
            0,
            0,
            0
        ],
        "background_color": [
            129.00393676757812,
            116.95686340332031,
            119.9686279296875,
            132.01568603515625,
            130.00784301757812,
            122.98039245605469,
            134.02352905273438,
            115.95294189453125,
            119.9686279296875,
            129.00393676757812,
            131.01177978515625,
            131.01177978515625
        ],
        "background_proportion": [
            0.010231866386776483,
            0.009623398589127804,
            0.010167817144918729,
            0.009847570935629948,
            0.010023706350738777,
            0.009671435520521122,
            0.010472051043743068,
            0.009799534004236632,
            0.00983155862516551,
            0.010279903318169801,
            0.010391989491420872,
            0.010375977180956434
        ],
        "is_uniform": [
            false,
            false,
            false,
            false,
            false,
            false,
            false,
            false,
            false,
            false,
            false,
            false
        ],
        "bad_properties": [
            false,
            false,
            false,
            false,
            false,
            false,
            false,
            false,
            false,
            false,
            false,
            false
        ]
    }
}