{
    "recording": "dynamic29228-2-10-Video-8744edeac3b4d1ce16b680916b5267ce",
    "trial": "196",
    "trial_type": "train",
    "first_label": "PinkNoise",
    "label": "PinkNoise",
    "ID": null,
    "sampling_freq": 30,
    "valid_frames": 324,
    "n_peaks": 11,
    "segments_n_peaks": 12,
    "segments_bad_n": 0,
    "segments_avg_duration": 27.0,
    "segments": {
        "frame_start": [
            0,
            27,
            54,
            81,
            108,
            135,
            162,
            189,
            216,
            243,
            270,
            297
        ],
        "frame_end": [
            27,
            54,
            81,
            108,
            135,
            162,
            189,
            216,
            243,
            270,
            297,
            324
        ],
        "duration": [
            27,
            27,
            27,
            27,
            27,
            27,
            27,
            27,
            27,
            27,
            27,
            27
        ],
        "transition_start": [
            0,
            0,
            0,
            0,
            0,
            0,
            0,
            0,
            0,
            0,
            0,
            0
        ],
        "transition_end": [
            0,
            0,
            0,
            0,
            0,
            0,
            0,
            0,
            0,
            0,
            0,
            0
        ],
        "max_change": [
            522.6992600438957,
            456.95871650767486,
            387.36498211610314,
            447.7245516107813,
            469.00532445566193,
            408.44127978349053,
            412.41257303531313,
            383.84549393148905,
            415.82322911781006,
            376.81477994887507,
            402.7287476415031,
            372.71018067315396
        ],
        "is_static": [
            false,
            false,
            false,
            false,
            false,
            false,
            false,
            false,
            false,
            false,
            false,
            false
        ],
        "intensity_range": [
            255.0,
            254.90536499023438,
            253.87661743164062,
            254.98410034179688,
            254.25924682617188,
            254.65396118164062,
            253.82569885253906,
            253.13323974609375,
            254.91531372070312,
            253.09255981445312,
            254.9187774658203,
            254.53077697753906
        ],
        "margin_left": [
            0,
            0,
            0,
            0,
            0,
            0,
            0,
            0,
            0,
            0,
            0,
            0
        ],
        "margin_right": [
            0,
            0,
            0,
            0,
            0,
            0,
            0,
            0,
            0,
            0,
            0,
            0
        ],
        "margin_top": [
            0,
            0,
            0,
            0,
            0,
            0,
            0,
            0,
            0,
            0,
            0,
            0
        ],
        "margin_bottom": [
            0,
            0,
            0,
            0,
            0,
            0,
            0,
            0,
            0,
            0,
            0,
            0
        ],
        "background_color": [
            126.99607849121094,
            118.96470642089844,
            130.00784301757812,
            125.99215698242188,
            131.01177978515625,
            126.99607849121094,
            131.01177978515625,
            133.01962280273438,
            138.03921508789062,
            130.00784301757812,
            125.99215698242188,
            132.01568603515625
        ],
        "background_proportion": [
            0.010023706350738777,
            0.009239103137981269,
            0.010263891007705361,
            0.00995965710888102,
            0.010151804834454289,
            0.01029591562863424,
            0.010616161837923018,
            0.01029591562863424,
            0.010199841765847605,
            0.010824321873960725,
            0.010680211079780774,
            0.010359964870491995
        ],
        "is_uniform": [
            false,
            false,
            false,
            false,
            false,
            false,
            false,
            false,
            false,
            false,
            false,
            false
        ],
        "bad_properties": [
            false,
            false,
            false,
            false,
            false,
            false,
            false,
            false,
            false,
            false,
            false,
            false
        ]
    }
}