{
    "recording": "dynamic29228-2-10-Video-8744edeac3b4d1ce16b680916b5267ce",
    "trial": "203",
    "trial_type": "oracle",
    "first_label": "PinkNoise",
    "label": "PinkNoise",
    "ID": null,
    "sampling_freq": 30,
    "valid_frames": 324,
    "peaks": [
        26,
        53,
        80,
        107,
        134,
        188,
        215,
        269,
        296
    ],
    "n_peaks": 9,
    "segments_n_peaks": 10,
    "segments_bad_n": 0,
    "segments_avg_duration": 27.0,
    "segments": {
        "frame_start": [
            0,
            27,
            54,
            81,
            108,
            135,
            162,
            189,
            216,
            243,
            270,
            297
        ],
        "frame_end": [
            27,
            54,
            81,
            108,
            135,
            162,
            189,
            216,
            243,
            270,
            297,
            324
        ],
        "duration": [
            27,
            27,
            27,
            27,
            27,
            27,
            27,
            27,
            27,
            27,
            27,
            27
        ],
        "transition_start": [
            0,
            0,
            0,
            0,
            0,
            0,
            0,
            0,
            0,
            0,
            0,
            0
        ],
        "transition_end": [
            0,
            0,
            0,
            0,
            0,
            0,
            0,
            0,
            0,
            0,
            0,
            0
        ],
        "max_change": [
            458.30743754342944,
            415.4677776079692,
            460.9269349014977,
            426.8260164322428,
            433.7578877719336,
            420.11282277792475,
            385.8604867397413,
            376.30236773681986,
            403.77971231308464,
            396.52337490077247,
            412.00090197832145,
            485.0240471998807
        ],
        "is_static": [
            false,
            false,
            false,
            false,
            false,
            false,
            false,
            false,
            false,
            false,
            false,
            false
        ],
        "intensity_range": [
            254.94642639160156,
            254.92481994628906,
            254.89321899414062,
            254.0312042236328,
            254.05697631835938,
            254.56057739257812,
            254.0984649658203,
            253.75369262695312,
            253.78982543945312,
            254.64695739746094,
            253.57586669921875,
            253.06285095214844
        ],
        "margin_left": [
            0,
            0,
            0,
            0,
            0,
            0,
            0,
            0,
            0,
            0,
            0,
            0
        ],
        "margin_right": [
            0,
            0,
            0,
            0,
            0,
            0,
            0,
            0,
            0,
            0,
            0,
            0
        ],
        "margin_top": [
            0,
            0,
            0,
            0,
            0,
            0,
            0,
            0,
            0,
            0,
            0,
            0
        ],
        "margin_bottom": [
            0,
            0,
            0,
            0,
            0,
            0,
            0,
            0,
            0,
            0,
            0,
            0
        ],
        "background_color": [
            125.99215698242188,
            134.02352905273438,
            129.00393676757812,
            132.01568603515625,
            131.01177978515625,
            126.99607849121094,
            129.00393676757812,
            119.9686279296875,
            129.00393676757812,
            134.02352905273438,
            117.96078491210938,
            125.99215698242188
        ],
        "background_proportion": [
            0.010135792523989851,
            0.010359964870491995,
            0.00951131241587673,
            0.010375977180956434,
            0.00995965710888102,
            0.010311927939098678,
            0.010375977180956434,
            0.010071743282132095,
            0.010856346494889603,
            0.01087235880535404,
            0.010135792523989851,
            0.010055730971667657
        ],
        "is_uniform": [
            false,
            false,
            false,
            false,
            false,
            false,
            false,
            false,
            false,
            false,
            false,
            false
        ],
        "bad_properties": [
            false,
            false,
            false,
            false,
            false,
            false,
            false,
            false,
            false,
            false,
            false,
            false
        ]
    }
}