{
    "recording": "dynamic29228-2-10-Video-8744edeac3b4d1ce16b680916b5267ce",
    "trial": "206",
    "trial_type": "train",
    "first_label": "NaturalVideo",
    "label": "NaturalVideo",
    "ID": null,
    "sampling_freq": 30,
    "valid_frames": 300,
    "peaks": [
        98,
        194,
        233,
        278
    ],
    "n_peaks": 4,
    "segments_n_peaks": 5,
    "segments_bad_n": 0,
    "segments_avg_duration": 60.0,
    "segments": {
        "frame_start": [
            0,
            99,
            195,
            234,
            279
        ],
        "frame_end": [
            99,
            195,
            234,
            279,
            300
        ],
        "duration": [
            99,
            96,
            39,
            45,
            21
        ],
        "transition_start": [
            0,
            0,
            3,
            0,
            0
        ],
        "transition_end": [
            0,
            0,
            1,
            0,
            0
        ],
        "max_change": [
            550.4654505722879,
            135.31731376637197,
            39.993493125077016,
            1384.8863692475636,
            1024.2734917218845
        ],
        "is_static": [
            false,
            false,
            true,
            false,
            false
        ],
        "intensity_range": [
            216.17166137695312,
            216.06874084472656,
            164.3594207763672,
            209.40029907226562,
            227.13836669921875
        ],
        "margin_left": [
            0,
            0,
            0,
            0,
            0
        ],
        "margin_right": [
            0,
            0,
            0,
            0,
            0
        ],
        "margin_top": [
            0,
            0,
            0,
            0,
            0
        ],
        "margin_bottom": [
            0,
            0,
            0,
            0,
            0
        ],
        "background_color": [
            152.0941162109375,
            138.03921508789062,
            118.96470642089844,
            16.564706802368164,
            23.5921573638916
        ],
        "background_proportion": [
            0.047263973497260726,
            0.012244914042977666,
            0.022790092736743598,
            0.05298473532682845,
            0.028513349991318774
        ],
        "is_uniform": [
            false,
            false,
            false,
            false,
            false
        ],
        "bad_properties": [
            false,
            false,
            false,
            false,
            false
        ]
    }
}