{
    "recording": "dynamic29228-2-10-Video-8744edeac3b4d1ce16b680916b5267ce",
    "trial": "227",
    "trial_type": "final_test_bonus",
    "first_label": "PinkNoise",
    "label": "PinkNoise",
    "ID": null,
    "sampling_freq": 30,
    "valid_frames": 324,
    "n_peaks": 11,
    "segments_n_peaks": 12,
    "segments_bad_n": 0,
    "segments_avg_duration": 27.0,
    "segments": {
        "frame_start": [
            0,
            27,
            54,
            81,
            108,
            135,
            162,
            189,
            216,
            243,
            270,
            297
        ],
        "frame_end": [
            27,
            54,
            81,
            108,
            135,
            162,
            189,
            216,
            243,
            270,
            297,
            324
        ],
        "duration": [
            27,
            27,
            27,
            27,
            27,
            27,
            27,
            27,
            27,
            27,
            27,
            27
        ],
        "transition_start": [
            0,
            0,
            0,
            0,
            0,
            0,
            0,
            0,
            0,
            0,
            0,
            0
        ],
        "transition_end": [
            0,
            0,
            0,
            0,
            0,
            0,
            0,
            0,
            0,
            0,
            0,
            0
        ],
        "max_change": [
            522.7137027327987,
            456.9372331588208,
            387.3899191239785,
            447.7602087143339,
            469.0509661778454,
            408.44448371328986,
            412.4078278628174,
            383.86598678815426,
            415.8360769012818,
            376.8239126459741,
            402.75028799732604,
            372.7334440232187
        ],
        "is_static": [
            false,
            false,
            false,
            false,
            false,
            false,
            false,
            false,
            false,
            false,
            false,
            false
        ],
        "intensity_range": [
            255.0,
            254.90553283691406,
            253.8765869140625,
            254.98411560058594,
            254.25927734375,
            254.65402221679688,
            253.82601928710938,
            253.13320922851562,
            254.9153289794922,
            253.0929718017578,
            254.9187774658203,
            254.53082275390625
        ],
        "margin_left": [
            0,
            0,
            0,
            0,
            0,
            0,
            0,
            0,
            0,
            0,
            0,
            0
        ],
        "margin_right": [
            0,
            0,
            0,
            0,
            0,
            0,
            0,
            0,
            0,
            0,
            0,
            0
        ],
        "margin_top": [
            0,
            0,
            0,
            0,
            0,
            0,
            0,
            0,
            0,
            0,
            0,
            0
        ],
        "margin_bottom": [
            0,
            0,
            0,
            0,
            0,
            0,
            0,
            0,
            0,
            0,
            0,
            0
        ],
        "background_color": [
            135.0274658203125,
            118.96470642089844,
            130.00784301757812,
            125.99215698242188,
            131.01177978515625,
            126.99607849121094,
            132.01568603515625,
            133.01962280273438,
            138.03921508789062,
            130.00784301757812,
            125.99215698242188,
            132.01568603515625
        ],
        "background_proportion": [
            0.010039718661203217,
            0.00922309082751683,
            0.010263891007705361,
            0.009943644798416583,
            0.010151804834454289,
            0.01029591562863424,
            0.010616161837923018,
            0.010311927939098678,
            0.010215854076312045,
            0.010824321873960725,
            0.010664198769316336,
            0.010359964870491995
        ],
        "is_uniform": [
            false,
            false,
            false,
            false,
            false,
            false,
            false,
            false,
            false,
            false,
            false,
            false
        ],
        "bad_properties": [
            false,
            false,
            false,
            false,
            false,
            false,
            false,
            false,
            false,
            false,
            false,
            false
        ]
    }
}