{
    "recording": "dynamic29228-2-10-Video-8744edeac3b4d1ce16b680916b5267ce",
    "trial": "237",
    "trial_type": "train",
    "first_label": "PinkNoise",
    "label": "PinkNoise",
    "ID": null,
    "sampling_freq": 30,
    "valid_frames": 324,
    "n_peaks": 11,
    "segments_n_peaks": 12,
    "segments_bad_n": 0,
    "segments_avg_duration": 27.0,
    "segments": {
        "frame_start": [
            0,
            27,
            54,
            81,
            108,
            135,
            162,
            189,
            216,
            243,
            270,
            297
        ],
        "frame_end": [
            27,
            54,
            81,
            108,
            135,
            162,
            189,
            216,
            243,
            270,
            297,
            324
        ],
        "duration": [
            27,
            27,
            27,
            27,
            27,
            27,
            27,
            27,
            27,
            27,
            27,
            27
        ],
        "transition_start": [
            0,
            0,
            0,
            0,
            0,
            0,
            0,
            0,
            0,
            0,
            0,
            0
        ],
        "transition_end": [
            0,
            0,
            0,
            0,
            0,
            0,
            0,
            0,
            0,
            0,
            0,
            0
        ],
        "max_change": [
            456.16409842270264,
            445.27590008717885,
            508.6908008282669,
            421.692295332891,
            405.31305168584703,
            403.51612152378374,
            400.7943791520601,
            404.00701989920685,
            437.96652501268744,
            391.181106432997,
            388.7254769047591,
            472.8038692498099
        ],
        "is_static": [
            false,
            false,
            false,
            false,
            false,
            false,
            false,
            false,
            false,
            false,
            false,
            false
        ],
        "intensity_range": [
            254.83006286621094,
            254.98681640625,
            254.8170166015625,
            253.6787109375,
            254.7650909423828,
            254.3645477294922,
            254.8112335205078,
            254.162353515625,
            254.99713134765625,
            254.8599853515625,
            253.7128448486328,
            255.0
        ],
        "margin_left": [
            0,
            0,
            0,
            0,
            0,
            0,
            0,
            0,
            0,
            0,
            0,
            0
        ],
        "margin_right": [
            0,
            0,
            0,
            0,
            0,
            0,
            0,
            0,
            0,
            0,
            0,
            0
        ],
        "margin_top": [
            0,
            0,
            0,
            0,
            0,
            0,
            0,
            0,
            0,
            0,
            0,
            0
        ],
        "margin_bottom": [
            0,
            0,
            0,
            0,
            0,
            0,
            0,
            0,
            0,
            0,
            0,
            0
        ],
        "background_color": [
            126.99607849121094,
            123.98431396484375,
            122.98039245605469,
            128.0,
            137.03530883789062,
            129.00393676757812,
            130.00784301757812,
            131.01177978515625,
            128.0,
            128.0,
            131.01177978515625,
            124.98823547363281
        ],
        "background_proportion": [
            0.010536100285600822,
            0.009751497072843316,
            0.010408001801885312,
            0.010439947083468945,
            0.010135792523989851,
            0.010488063354207506,
            0.010311927939098678,
            0.010408001801885312,
            0.01064810553758719,
            0.01074417867025715,
            0.009895607867023265,
            0.010183829455383167
        ],
        "is_uniform": [
            false,
            false,
            false,
            false,
            false,
            false,
            false,
            false,
            false,
            false,
            false,
            false
        ],
        "bad_properties": [
            false,
            false,
            false,
            false,
            false,
            false,
            false,
            false,
            false,
            false,
            false,
            false
        ]
    }
}