{
    "recording": "dynamic29228-2-10-Video-8744edeac3b4d1ce16b680916b5267ce",
    "trial": "283",
    "trial_type": "train",
    "first_label": "PinkNoise",
    "label": "PinkNoise",
    "ID": null,
    "sampling_freq": 30,
    "valid_frames": 324,
    "n_peaks": 10,
    "segments_n_peaks": 11,
    "segments_bad_n": 0,
    "segments_avg_duration": 27.0,
    "segments": {
        "frame_start": [
            0,
            27,
            54,
            81,
            108,
            135,
            162,
            189,
            216,
            243,
            270,
            297
        ],
        "frame_end": [
            27,
            54,
            81,
            108,
            135,
            162,
            189,
            216,
            243,
            270,
            297,
            324
        ],
        "duration": [
            27,
            27,
            27,
            27,
            27,
            27,
            27,
            27,
            27,
            27,
            27,
            27
        ],
        "transition_start": [
            0,
            0,
            0,
            0,
            0,
            0,
            0,
            0,
            0,
            0,
            0,
            0
        ],
        "transition_end": [
            0,
            0,
            0,
            0,
            0,
            0,
            0,
            0,
            0,
            0,
            0,
            0
        ],
        "max_change": [
            458.4667406530568,
            455.7282808397326,
            441.05635812011576,
            441.93645074907437,
            452.00815619624206,
            422.03210576581637,
            419.4980034796933,
            424.0140057744496,
            408.8594728832986,
            419.0112484643961,
            418.0565571839405,
            393.3533717804242
        ],
        "is_static": [
            false,
            false,
            false,
            false,
            false,
            false,
            false,
            false,
            false,
            false,
            false,
            false
        ],
        "intensity_range": [
            254.9844512939453,
            254.11817932128906,
            254.82919311523438,
            254.807861328125,
            254.32162475585938,
            253.83546447753906,
            254.1510772705078,
            254.2830810546875,
            254.70181274414062,
            252.25747680664062,
            253.78123474121094,
            254.921142578125
        ],
        "margin_left": [
            0,
            0,
            0,
            0,
            0,
            0,
            0,
            0,
            0,
            0,
            0,
            0
        ],
        "margin_right": [
            0,
            0,
            0,
            0,
            0,
            0,
            0,
            0,
            0,
            0,
            0,
            0
        ],
        "margin_top": [
            0,
            0,
            0,
            0,
            0,
            0,
            0,
            0,
            0,
            0,
            0,
            0
        ],
        "margin_bottom": [
            0,
            0,
            0,
            0,
            0,
            0,
            0,
            0,
            0,
            0,
            0,
            0
        ],
        "background_color": [
            132.01568603515625,
            123.98431396484375,
            132.01568603515625,
            115.95294189453125,
            134.02352905273438,
            118.96470642089844,
            131.01177978515625,
            128.0,
            114.94902038574219,
            129.00393676757812,
            126.99607849121094,
            119.9686279296875
        ],
        "background_proportion": [
            0.010119780213525411,
            0.009895607867023265,
            0.009767509383307754,
            0.00938321393216122,
            0.010007694040274337,
            0.010151804834454289,
            0.010648186458851896,
            0.010776203047813803,
            0.010167817144918729,
            0.010616161837923018,
            0.010408001801885312,
            0.010327940249563117
        ],
        "is_uniform": [
            false,
            false,
            false,
            false,
            false,
            false,
            false,
            false,
            false,
            false,
            false,
            false
        ],
        "bad_properties": [
            false,
            false,
            false,
            false,
            false,
            false,
            false,
            false,
            false,
            false,
            false,
            false
        ]
    }
}