{
    "recording": "dynamic29228-2-10-Video-8744edeac3b4d1ce16b680916b5267ce",
    "trial": "289",
    "trial_type": "live_test_bonus",
    "first_label": "NaturalVideo",
    "label": "NaturalVideo",
    "ID": null,
    "sampling_freq": 30,
    "valid_frames": 300,
    "n_peaks": 2,
    "segments_n_peaks": 3,
    "segments_bad_n": 0,
    "segments_avg_duration": 100.0,
    "segments": {
        "frame_start": [
            0,
            34,
            144
        ],
        "frame_end": [
            34,
            144,
            300
        ],
        "duration": [
            34,
            110,
            156
        ],
        "transition_start": [
            0,
            0,
            0
        ],
        "transition_end": [
            0,
            0,
            0
        ],
        "max_change": [
            5.039064358173801,
            1198.4567609268347,
            914.1468676429845
        ],
        "is_static": [
            true,
            false,
            false
        ],
        "intensity_range": [
            234.5,
            220.9375,
            224.20156860351562
        ],
        "margin_left": [
            11,
            0,
            0
        ],
        "margin_right": [
            0,
            0,
            0
        ],
        "margin_top": [
            0,
            0,
            0
        ],
        "margin_bottom": [
            0,
            0,
            0
        ],
        "background_color": [
            34.63529586791992,
            45.67843246459961,
            51.701961517333984
        ],
        "background_proportion": [
            0.04041036210916611,
            0.02089737525422173,
            0.010550572950828297
        ],
        "is_uniform": [
            false,
            false,
            false
        ],
        "bad_properties": [
            false,
            false,
            false
        ]
    }
}