{
    "recording": "dynamic29228-2-10-Video-8744edeac3b4d1ce16b680916b5267ce",
    "trial": "301",
    "trial_type": "oracle",
    "first_label": "Gabor",
    "label": "Gabor",
    "ID": null,
    "sampling_freq": 30,
    "valid_frames": 300,
    "peaks": [
        24,
        49,
        74,
        99,
        124,
        149,
        174,
        199,
        249,
        274
    ],
    "n_peaks": 10,
    "segments_n_peaks": 11,
    "segments_bad_n": 0,
    "segments_avg_duration": 25.0,
    "segments": {
        "frame_start": [
            0,
            25,
            50,
            75,
            100,
            125,
            150,
            175,
            200,
            225,
            250,
            275
        ],
        "frame_end": [
            25,
            50,
            75,
            100,
            125,
            150,
            175,
            200,
            225,
            250,
            275,
            300
        ],
        "duration": [
            25,
            25,
            25,
            25,
            25,
            25,
            25,
            25,
            25,
            25,
            25,
            25
        ],
        "transition_start": [
            0,
            0,
            0,
            0,
            0,
            0,
            0,
            0,
            0,
            0,
            0,
            0
        ],
        "transition_end": [
            0,
            0,
            0,
            0,
            0,
            0,
            0,
            0,
            0,
            0,
            0,
            0
        ],
        "max_change": [
            231.28987089116606,
            10.035351778201301,
            10.02393963017039,
            3.290149966203924,
            13.63607201358458,
            9.915897026741126,
            101.09854994508022,
            15.70424255903855,
            177.82812380834454,
            28.417252280790308,
            30.37859391562774,
            96.428505303046
        ],
        "is_static": [
            false,
            true,
            true,
            true,
            true,
            true,
            false,
            true,
            false,
            true,
            true,
            false
        ],
        "intensity_range": [
            188.1781768798828,
            223.38531494140625,
            223.7302703857422,
            219.20423889160156,
            216.99546813964844,
            219.56256103515625,
            182.63316345214844,
            219.31744384765625,
            176.66891479492188,
            189.25108337402344,
            219.28004455566406,
            180.45765686035156
        ],
        "margin_left": [
            23,
            22,
            22,
            23,
            22,
            22,
            23,
            22,
            23,
            23,
            22,
            23
        ],
        "margin_right": [
            23,
            22,
            22,
            23,
            22,
            22,
            23,
            22,
            23,
            22,
            22,
            23
        ],
        "margin_top": [
            9,
            8,
            8,
            8,
            8,
            8,
            9,
            8,
            9,
            9,
            8,
            9
        ],
        "margin_bottom": [
            9,
            8,
            8,
            8,
            8,
            8,
            9,
            8,
            9,
            8,
            8,
            9
        ],
        "background_color": [
            128.0,
            128.0,
            128.0,
            128.0,
            128.0,
            128.0,
            128.0,
            128.0,
            128.0,
            128.0,
            128.0,
            128.0
        ],
        "background_proportion": [
            0.6492199584052123,
            0.6376335386052151,
            0.6372876753276033,
            0.6427004356222288,
            0.641161344036856,
            0.6415417936422291,
            0.6492026652413316,
            0.6423545723446169,
            0.6528169364923756,
            0.6468507949535711,
            0.6438244912744674,
            0.6501710824186449
        ],
        "is_uniform": [
            false,
            false,
            false,
            false,
            false,
            false,
            false,
            false,
            false,
            false,
            false,
            false
        ],
        "bad_properties": [
            false,
            false,
            false,
            false,
            false,
            false,
            false,
            false,
            false,
            false,
            false,
            false
        ]
    }
}