{
    "recording": "dynamic29228-2-10-Video-8744edeac3b4d1ce16b680916b5267ce",
    "trial": "306",
    "trial_type": "train",
    "first_label": "NaturalVideo",
    "label": "NaturalVideo",
    "ID": null,
    "sampling_freq": 30,
    "valid_frames": 300,
    "n_peaks": 5,
    "segments_n_peaks": 6,
    "segments_bad_n": 0,
    "segments_avg_duration": 50.0,
    "segments": {
        "frame_start": [
            0,
            50,
            113,
            164,
            227,
            273
        ],
        "frame_end": [
            50,
            113,
            164,
            227,
            273,
            300
        ],
        "duration": [
            50,
            63,
            51,
            63,
            46,
            27
        ],
        "transition_start": [
            0,
            0,
            0,
            0,
            0,
            2
        ],
        "transition_end": [
            0,
            0,
            0,
            0,
            0,
            0
        ],
        "max_change": [
            3651.8942227746134,
            3397.4304345444243,
            548.9720639764919,
            815.0209095562755,
            429.67582811620963,
            42.1775697581849
        ],
        "is_static": [
            false,
            false,
            false,
            false,
            false,
            true
        ],
        "intensity_range": [
            239.43067932128906,
            238.67654418945312,
            221.2194366455078,
            232.99708557128906,
            217.78280639648438,
            219.61126708984375
        ],
        "margin_left": [
            0,
            0,
            0,
            0,
            0,
            0
        ],
        "margin_right": [
            0,
            0,
            0,
            0,
            0,
            0
        ],
        "margin_top": [
            0,
            0,
            0,
            0,
            0,
            0
        ],
        "margin_bottom": [
            0,
            0,
            0,
            0,
            0,
            0
        ],
        "background_color": [
            16.564706802368164,
            30.61960792541504,
            52.70588302612305,
            86.83921813964844,
            9.53725528717041,
            90.85490417480469
        ],
        "background_proportion": [
            0.05050506892830545,
            0.009326027109073938,
            0.011367798529136093,
            0.011302403714970401,
            0.09295146224606805,
            0.015460205999625087
        ],
        "is_uniform": [
            false,
            false,
            false,
            false,
            false,
            false
        ],
        "bad_properties": [
            false,
            false,
            false,
            false,
            false,
            false
        ]
    }
}