{
    "recording": "dynamic29228-2-10-Video-8744edeac3b4d1ce16b680916b5267ce",
    "trial": "350",
    "trial_type": "train",
    "first_label": "NaturalVideo",
    "label": "NaturalVideo",
    "ID": null,
    "sampling_freq": 30,
    "valid_frames": 300,
    "n_peaks": 2,
    "segments_n_peaks": 3,
    "segments_bad_n": 0,
    "segments_avg_duration": 100.0,
    "segments": {
        "frame_start": [
            0,
            180,
            221
        ],
        "frame_end": [
            180,
            221,
            300
        ],
        "duration": [
            180,
            41,
            79
        ],
        "transition_start": [
            0,
            1,
            0
        ],
        "transition_end": [
            0,
            0,
            0
        ],
        "max_change": [
            1600.9143617958048,
            33.584234558205964,
            2248.555704893533
        ],
        "is_static": [
            false,
            true,
            false
        ],
        "intensity_range": [
            244.0625,
            205.6141815185547,
            237.558837890625
        ],
        "margin_left": [
            0,
            0,
            0
        ],
        "margin_right": [
            0,
            0,
            0
        ],
        "margin_top": [
            0,
            0,
            0
        ],
        "margin_bottom": [
            0,
            0,
            0
        ],
        "background_color": [
            58.72941207885742,
            80.81568908691406,
            0.501960813999176
        ],
        "background_proportion": [
            0.03953439453669975,
            0.015812556891395067,
            0.02718768381540751
        ],
        "is_uniform": [
            false,
            false,
            false
        ],
        "bad_properties": [
            false,
            false,
            false
        ]
    }
}