{
    "recording": "dynamic29228-2-10-Video-8744edeac3b4d1ce16b680916b5267ce",
    "trial": "361",
    "trial_type": "live_test_bonus",
    "first_label": "NaturalVideo",
    "label": "NaturalVideo",
    "ID": null,
    "sampling_freq": 30,
    "valid_frames": 300,
    "n_peaks": 4,
    "segments_n_peaks": 5,
    "segments_bad_n": 0,
    "segments_avg_duration": 60.0,
    "segments": {
        "frame_start": [
            0,
            99,
            195,
            234,
            279
        ],
        "frame_end": [
            99,
            195,
            234,
            279,
            300
        ],
        "duration": [
            99,
            96,
            39,
            45,
            21
        ],
        "transition_start": [
            0,
            0,
            3,
            0,
            0
        ],
        "transition_end": [
            0,
            0,
            1,
            0,
            0
        ],
        "max_change": [
            550.4340008057895,
            135.31570203128194,
            39.98988984962143,
            1384.9390489383256,
            1024.2823197966136
        ],
        "is_static": [
            false,
            false,
            true,
            false,
            false
        ],
        "intensity_range": [
            216.17144775390625,
            216.068603515625,
            164.359375,
            209.40032958984375,
            227.13839721679688
        ],
        "margin_left": [
            0,
            0,
            0,
            0,
            0
        ],
        "margin_right": [
            0,
            0,
            0,
            0,
            0
        ],
        "margin_top": [
            0,
            0,
            0,
            0,
            0
        ],
        "margin_bottom": [
            0,
            0,
            0,
            0,
            0
        ],
        "background_color": [
            152.0941162109375,
            138.03921508789062,
            118.96470642089844,
            16.564706802368164,
            23.5921573638916
        ],
        "background_proportion": [
            0.047268340491023755,
            0.012244914042977666,
            0.022790092736743598,
            0.05298473532682845,
            0.028513349991318774
        ],
        "is_uniform": [
            false,
            false,
            false,
            false,
            false
        ],
        "bad_properties": [
            false,
            false,
            false,
            false,
            false
        ]
    }
}