{
    "recording": "dynamic29228-2-10-Video-8744edeac3b4d1ce16b680916b5267ce",
    "trial": "370",
    "trial_type": "train",
    "first_label": "NaturalVideo",
    "label": "NaturalVideo",
    "ID": null,
    "sampling_freq": 30,
    "valid_frames": 300,
    "n_peaks": 2,
    "segments_n_peaks": 3,
    "segments_bad_n": 0,
    "segments_avg_duration": 100.0,
    "segments": {
        "frame_start": [
            0,
            66,
            251
        ],
        "frame_end": [
            66,
            251,
            300
        ],
        "duration": [
            66,
            185,
            49
        ],
        "transition_start": [
            0,
            0,
            0
        ],
        "transition_end": [
            0,
            0,
            0
        ],
        "max_change": [
            1809.729478009179,
            1643.7038173194544,
            1850.1515999099927
        ],
        "is_static": [
            false,
            false,
            false
        ],
        "intensity_range": [
            238.29415893554688,
            237.8257293701172,
            234.315185546875
        ],
        "margin_left": [
            0,
            0,
            0
        ],
        "margin_right": [
            0,
            0,
            0
        ],
        "margin_top": [
            0,
            0,
            0
        ],
        "margin_bottom": [
            0,
            0,
            0
        ],
        "background_color": [
            234.41567993164062,
            235.41961669921875,
            232.4078369140625
        ],
        "background_proportion": [
            0.07351615650370838,
            0.08643375946280511,
            0.05782666194216707
        ],
        "is_uniform": [
            false,
            false,
            false
        ],
        "bad_properties": [
            false,
            false,
            false
        ]
    }
}