{
    "recording": "dynamic29228-2-10-Video-8744edeac3b4d1ce16b680916b5267ce",
    "trial": "375",
    "trial_type": "train",
    "first_label": "Gabor",
    "label": "Gabor",
    "ID": null,
    "sampling_freq": 30,
    "valid_frames": 300,
    "n_peaks": 10,
    "segments_n_peaks": 11,
    "segments_bad_n": 0,
    "segments_avg_duration": 25.0,
    "segments": {
        "frame_start": [
            0,
            25,
            50,
            75,
            100,
            125,
            150,
            175,
            200,
            225,
            250,
            275
        ],
        "frame_end": [
            25,
            50,
            75,
            100,
            125,
            150,
            175,
            200,
            225,
            250,
            275,
            300
        ],
        "duration": [
            25,
            25,
            25,
            25,
            25,
            25,
            25,
            25,
            25,
            25,
            25,
            25
        ],
        "transition_start": [
            0,
            0,
            0,
            0,
            0,
            0,
            0,
            0,
            0,
            0,
            0,
            0
        ],
        "transition_end": [
            0,
            0,
            0,
            0,
            0,
            0,
            0,
            0,
            0,
            0,
            0,
            0
        ],
        "max_change": [
            231.28987089116606,
            10.035758236846354,
            10.024703645370412,
            3.292117687759022,
            13.641720460008198,
            9.924673305929572,
            101.09737303561941,
            15.717317512612453,
            177.8045996394059,
            28.415599593616662,
            30.403551008615572,
            96.42391084458751
        ],
        "is_static": [
            false,
            true,
            true,
            true,
            true,
            true,
            false,
            true,
            false,
            true,
            true,
            false
        ],
        "intensity_range": [
            188.17630004882812,
            223.3852996826172,
            223.73025512695312,
            219.20419311523438,
            216.99537658691406,
            219.56253051757812,
            182.63031005859375,
            219.3174591064453,
            176.66566467285156,
            189.25047302246094,
            219.2796173095703,
            180.4584503173828
        ],
        "margin_left": [
            23,
            22,
            22,
            23,
            22,
            22,
            23,
            22,
            23,
            23,
            22,
            23
        ],
        "margin_right": [
            23,
            22,
            22,
            23,
            22,
            22,
            23,
            22,
            23,
            22,
            22,
            23
        ],
        "margin_top": [
            9,
            8,
            8,
            8,
            8,
            8,
            9,
            8,
            9,
            9,
            8,
            9
        ],
        "margin_bottom": [
            9,
            8,
            8,
            8,
            8,
            8,
            9,
            8,
            9,
            8,
            8,
            9
        ],
        "background_color": [
            128.0,
            128.0,
            128.0,
            128.0,
            128.0,
            128.0,
            128.0,
            128.0,
            128.0,
            128.0,
            128.0,
            128.0
        ],
        "background_proportion": [
            0.6492199584052123,
            0.6376335386052151,
            0.6372876753276033,
            0.6427004356222288,
            0.641161344036856,
            0.641507207314468,
            0.6492026652413316,
            0.6423545723446169,
            0.6528515228201367,
            0.6468507949535711,
            0.6438244912744674,
            0.6501537892547642
        ],
        "is_uniform": [
            false,
            false,
            false,
            false,
            false,
            false,
            false,
            false,
            false,
            false,
            false,
            false
        ],
        "bad_properties": [
            false,
            false,
            false,
            false,
            false,
            false,
            false,
            false,
            false,
            false,
            false,
            false
        ]
    }
}