{
    "recording": "dynamic29228-2-10-Video-8744edeac3b4d1ce16b680916b5267ce",
    "trial": "399",
    "trial_type": "train",
    "first_label": "NaturalVideo",
    "label": "NaturalVideo",
    "ID": null,
    "sampling_freq": 30,
    "valid_frames": 300,
    "n_peaks": 3,
    "segments_n_peaks": 4,
    "segments_bad_n": 0,
    "segments_avg_duration": 75.0,
    "segments": {
        "frame_start": [
            0,
            40,
            71,
            155
        ],
        "frame_end": [
            40,
            71,
            155,
            300
        ],
        "duration": [
            40,
            31,
            84,
            145
        ],
        "transition_start": [
            0,
            0,
            0,
            0
        ],
        "transition_end": [
            0,
            0,
            0,
            0
        ],
        "max_change": [
            507.7397874683971,
            89.10819017223474,
            1342.8388198818075,
            1448.3066513168383
        ],
        "is_static": [
            false,
            false,
            false,
            false
        ],
        "intensity_range": [
            199.1304168701172,
            159.0723876953125,
            214.75,
            225.0
        ],
        "margin_left": [
            0,
            2,
            0,
            0
        ],
        "margin_right": [
            0,
            0,
            0,
            0
        ],
        "margin_top": [
            0,
            0,
            0,
            0
        ],
        "margin_bottom": [
            0,
            0,
            0,
            0
        ],
        "background_color": [
            25.600000381469727,
            44.67451095581055,
            32.6274528503418,
            57.72549057006836
        ],
        "background_proportion": [
            0.034089408363267286,
            0.02573074986406535,
            0.03126174870889355,
            0.02104415142045704
        ],
        "is_uniform": [
            false,
            false,
            false,
            false
        ],
        "bad_properties": [
            false,
            false,
            false,
            false
        ]
    }
}