{
    "recording": "dynamic29228-2-10-Video-8744edeac3b4d1ce16b680916b5267ce",
    "trial": "400",
    "trial_type": "final_test_main",
    "first_label": "Gabor",
    "label": "Gabor",
    "ID": null,
    "sampling_freq": 30,
    "valid_frames": 300,
    "n_peaks": 10,
    "segments_n_peaks": 11,
    "segments_bad_n": 0,
    "segments_avg_duration": 25.0,
    "segments": {
        "frame_start": [
            0,
            25,
            50,
            75,
            100,
            125,
            150,
            175,
            200,
            225,
            250,
            275
        ],
        "frame_end": [
            25,
            50,
            75,
            100,
            125,
            150,
            175,
            200,
            225,
            250,
            275,
            300
        ],
        "duration": [
            25,
            25,
            25,
            25,
            25,
            25,
            25,
            25,
            25,
            25,
            25,
            25
        ],
        "transition_start": [
            0,
            0,
            0,
            0,
            0,
            0,
            0,
            0,
            0,
            0,
            0,
            0
        ],
        "transition_end": [
            0,
            0,
            0,
            0,
            0,
            0,
            0,
            0,
            0,
            0,
            0,
            0
        ],
        "max_change": [
            231.27334854945528,
            10.03520100194146,
            10.024341843973136,
            3.2930940041117083,
            13.642019340572157,
            9.92321686291863,
            101.09354374055657,
            15.714435089508166,
            177.80759071505548,
            28.417291156439106,
            30.396482611604167,
            96.42312269098404
        ],
        "is_static": [
            false,
            true,
            true,
            true,
            true,
            true,
            false,
            true,
            false,
            true,
            true,
            false
        ],
        "intensity_range": [
            188.17384338378906,
            223.38525390625,
            223.73019409179688,
            219.2041778564453,
            216.99530029296875,
            219.56251525878906,
            182.63043212890625,
            219.31747436523438,
            176.6640167236328,
            189.25047302246094,
            219.279541015625,
            180.45855712890625
        ],
        "margin_left": [
            23,
            22,
            22,
            23,
            22,
            22,
            23,
            22,
            23,
            23,
            22,
            23
        ],
        "margin_right": [
            23,
            22,
            22,
            23,
            22,
            22,
            23,
            22,
            23,
            22,
            22,
            23
        ],
        "margin_top": [
            9,
            8,
            8,
            8,
            8,
            8,
            9,
            8,
            9,
            9,
            8,
            9
        ],
        "margin_bottom": [
            9,
            8,
            8,
            8,
            8,
            8,
            9,
            8,
            9,
            8,
            8,
            9
        ],
        "background_color": [
            128.0,
            128.0,
            128.0,
            128.0,
            128.0,
            128.0,
            128.0,
            128.0,
            128.0,
            128.0,
            128.0,
            128.0
        ],
        "background_proportion": [
            0.6492199584052123,
            0.6376335386052151,
            0.6372876753276033,
            0.6427004356222288,
            0.641161344036856,
            0.641507207314468,
            0.6492026652413316,
            0.6423545723446169,
            0.6528515228201367,
            0.6468507949535711,
            0.6438244912744674,
            0.6501710824186449
        ],
        "is_uniform": [
            false,
            false,
            false,
            false,
            false,
            false,
            false,
            false,
            false,
            false,
            false,
            false
        ],
        "bad_properties": [
            false,
            false,
            false,
            false,
            false,
            false,
            false,
            false,
            false,
            false,
            false,
            false
        ]
    }
}