{
    "recording": "dynamic29228-2-10-Video-8744edeac3b4d1ce16b680916b5267ce",
    "trial": "41",
    "trial_type": "final_test_bonus",
    "first_label": "NaturalVideo",
    "label": "NaturalVideo",
    "ID": null,
    "sampling_freq": 30,
    "valid_frames": 300,
    "n_peaks": 2,
    "segments_n_peaks": 3,
    "segments_bad_n": 0,
    "segments_avg_duration": 100.0,
    "segments": {
        "frame_start": [
            0,
            138,
            249
        ],
        "frame_end": [
            138,
            249,
            300
        ],
        "duration": [
            138,
            111,
            51
        ],
        "transition_start": [
            0,
            0,
            0
        ],
        "transition_end": [
            0,
            0,
            0
        ],
        "max_change": [
            18.528024457730098,
            75.47697578717728,
            131.34854214840865
        ],
        "is_static": [
            true,
            false,
            false
        ],
        "intensity_range": [
            112.52604675292969,
            140.50634765625,
            140.75
        ],
        "margin_left": [
            0,
            0,
            0
        ],
        "margin_right": [
            0,
            0,
            0
        ],
        "margin_top": [
            0,
            0,
            0
        ],
        "margin_bottom": [
            0,
            0,
            0
        ],
        "background_color": [
            3.513725757598877,
            4.5176472663879395,
            4.5176472663879395
        ],
        "background_proportion": [
            0.13347789214485123,
            0.026072369087583473,
            0.07787916859595324
        ],
        "is_uniform": [
            false,
            false,
            false
        ],
        "bad_properties": [
            false,
            false,
            false
        ]
    }
}