{
    "recording": "dynamic29228-2-10-Video-8744edeac3b4d1ce16b680916b5267ce",
    "trial": "410",
    "trial_type": "train",
    "first_label": "Gabor",
    "label": "Gabor",
    "ID": null,
    "sampling_freq": 30,
    "valid_frames": 300,
    "n_peaks": 11,
    "segments_n_peaks": 12,
    "segments_bad_n": 0,
    "segments_avg_duration": 25.0,
    "segments": {
        "frame_start": [
            0,
            25,
            50,
            75,
            100,
            125,
            150,
            175,
            200,
            225,
            250,
            275
        ],
        "frame_end": [
            25,
            50,
            75,
            100,
            125,
            150,
            175,
            200,
            225,
            250,
            275,
            300
        ],
        "duration": [
            25,
            25,
            25,
            25,
            25,
            25,
            25,
            25,
            25,
            25,
            25,
            25
        ],
        "transition_start": [
            0,
            0,
            0,
            0,
            0,
            0,
            0,
            0,
            0,
            0,
            0,
            0
        ],
        "transition_end": [
            0,
            0,
            0,
            0,
            0,
            0,
            0,
            0,
            0,
            0,
            0,
            0
        ],
        "max_change": [
            111.0440311906604,
            224.0513813569168,
            9.430795988279366,
            79.93563857799518,
            79.26745508872331,
            25.67399027037972,
            101.66756507245266,
            182.94977655103108,
            22.421918804887483,
            39.20689316296906,
            38.01930194637695,
            44.81019675797805
        ],
        "is_static": [
            false,
            false,
            true,
            false,
            false,
            true,
            false,
            false,
            true,
            true,
            true,
            true
        ],
        "intensity_range": [
            191.6687469482422,
            181.4518280029297,
            217.10423278808594,
            212.34275817871094,
            213.22666931152344,
            216.5876922607422,
            183.34375,
            183.15478515625,
            216.67999267578125,
            213.6941680908203,
            188.34536743164062,
            213.39151000976562
        ],
        "margin_left": [
            23,
            23,
            22,
            22,
            22,
            22,
            23,
            23,
            22,
            22,
            23,
            22
        ],
        "margin_right": [
            22,
            23,
            22,
            22,
            22,
            22,
            23,
            23,
            22,
            22,
            23,
            22
        ],
        "margin_top": [
            9,
            9,
            8,
            8,
            8,
            8,
            9,
            9,
            8,
            8,
            9,
            8
        ],
        "margin_bottom": [
            8,
            9,
            8,
            8,
            8,
            8,
            9,
            9,
            8,
            8,
            9,
            8
        ],
        "background_color": [
            128.0,
            128.0,
            128.0,
            128.0,
            128.0,
            128.0,
            128.0,
            128.0,
            128.0,
            128.0,
            128.0,
            128.0
        ],
        "background_proportion": [
            0.6490816130941676,
            0.6480613164252126,
            0.6424410381640199,
            0.6399335294013341,
            0.6417838979365573,
            0.642181640705811,
            0.6490297336025257,
            0.6494274763717793,
            0.6424756244917812,
            0.6415590868061096,
            0.6456748598096909,
            0.6413861551673037
        ],
        "is_uniform": [
            false,
            false,
            false,
            false,
            false,
            false,
            false,
            false,
            false,
            false,
            false,
            false
        ],
        "bad_properties": [
            false,
            false,
            false,
            false,
            false,
            false,
            false,
            false,
            false,
            false,
            false,
            false
        ]
    }
}