{
    "recording": "dynamic29228-2-10-Video-8744edeac3b4d1ce16b680916b5267ce",
    "trial": "434",
    "trial_type": "oracle",
    "first_label": "Gabor",
    "label": "Gabor",
    "ID": null,
    "sampling_freq": 30,
    "valid_frames": 300,
    "peaks": [
        24,
        49,
        74,
        99,
        124,
        149,
        174,
        199,
        249,
        274
    ],
    "n_peaks": 10,
    "segments_n_peaks": 11,
    "segments_bad_n": 0,
    "segments_avg_duration": 25.0,
    "segments": {
        "frame_start": [
            0,
            25,
            50,
            75,
            100,
            125,
            150,
            175,
            200,
            225,
            250,
            275
        ],
        "frame_end": [
            25,
            50,
            75,
            100,
            125,
            150,
            175,
            200,
            225,
            250,
            275,
            300
        ],
        "duration": [
            25,
            25,
            25,
            25,
            25,
            25,
            25,
            25,
            25,
            25,
            25,
            25
        ],
        "transition_start": [
            0,
            0,
            0,
            0,
            0,
            0,
            0,
            0,
            0,
            0,
            0,
            0
        ],
        "transition_end": [
            0,
            0,
            0,
            0,
            0,
            0,
            0,
            0,
            0,
            0,
            0,
            0
        ],
        "max_change": [
            231.27334854945528,
            10.03590013680006,
            10.024163368907743,
            3.290525952572403,
            13.641702558243095,
            9.92648187823137,
            101.0946573765336,
            15.712368126071421,
            177.82007711677892,
            28.416902398713674,
            30.40046197160695,
            96.42133353930609
        ],
        "is_static": [
            false,
            true,
            true,
            true,
            true,
            true,
            false,
            true,
            false,
            true,
            true,
            false
        ],
        "intensity_range": [
            188.17478942871094,
            223.38528442382812,
            223.73031616210938,
            219.20419311523438,
            216.995361328125,
            219.56253051757812,
            182.6304473876953,
            219.31747436523438,
            176.66555786132812,
            189.25057983398438,
            219.27955627441406,
            180.4582061767578
        ],
        "margin_left": [
            23,
            22,
            22,
            23,
            22,
            22,
            23,
            22,
            23,
            23,
            22,
            23
        ],
        "margin_right": [
            23,
            22,
            22,
            23,
            22,
            22,
            23,
            22,
            23,
            22,
            22,
            23
        ],
        "margin_top": [
            9,
            8,
            8,
            8,
            8,
            8,
            9,
            8,
            9,
            9,
            8,
            9
        ],
        "margin_bottom": [
            9,
            8,
            8,
            8,
            8,
            8,
            9,
            8,
            9,
            8,
            8,
            9
        ],
        "background_color": [
            128.0,
            128.0,
            128.0,
            128.0,
            128.0,
            128.0,
            128.0,
            128.0,
            128.0,
            128.0,
            128.0,
            128.0
        ],
        "background_proportion": [
            0.6492199584052123,
            0.6376335386052151,
            0.6372876753276033,
            0.6427004356222288,
            0.641161344036856,
            0.641507207314468,
            0.6492026652413316,
            0.6423545723446169,
            0.6528515228201367,
            0.6468507949535711,
            0.6438244912744674,
            0.6501710824186449
        ],
        "is_uniform": [
            false,
            false,
            false,
            false,
            false,
            false,
            false,
            false,
            false,
            false,
            false,
            false
        ],
        "bad_properties": [
            false,
            false,
            false,
            false,
            false,
            false,
            false,
            false,
            false,
            false,
            false,
            false
        ]
    }
}