{
    "recording": "dynamic29228-2-10-Video-8744edeac3b4d1ce16b680916b5267ce",
    "trial": "454",
    "trial_type": "oracle",
    "first_label": "NaturalVideo",
    "label": "NaturalVideo",
    "ID": null,
    "sampling_freq": 30,
    "valid_frames": 300,
    "peaks": [
        74,
        119
    ],
    "n_peaks": 2,
    "segments_n_peaks": 3,
    "segments_bad_n": 0,
    "segments_avg_duration": 100.0,
    "segments": {
        "frame_start": [
            0,
            75,
            120
        ],
        "frame_end": [
            75,
            120,
            300
        ],
        "duration": [
            75,
            45,
            180
        ],
        "transition_start": [
            1,
            0,
            0
        ],
        "transition_end": [
            0,
            1,
            0
        ],
        "max_change": [
            43.61333493274587,
            47.89756344084127,
            1348.805191677112
        ],
        "is_static": [
            true,
            true,
            false
        ],
        "intensity_range": [
            191.02682495117188,
            206.91102600097656,
            207.72117614746094
        ],
        "margin_left": [
            0,
            0,
            0
        ],
        "margin_right": [
            0,
            0,
            0
        ],
        "margin_top": [
            0,
            0,
            0
        ],
        "margin_bottom": [
            0,
            0,
            0
        ],
        "background_color": [
            17.568628311157227,
            23.5921573638916,
            17.568628311157227
        ],
        "background_proportion": [
            0.02686887334190239,
            0.03213015661148441,
            0.018215604384345743
        ],
        "is_uniform": [
            false,
            false,
            false
        ],
        "bad_properties": [
            false,
            false,
            false
        ]
    }
}