{
    "recording": "dynamic29228-2-10-Video-8744edeac3b4d1ce16b680916b5267ce",
    "trial": "455",
    "trial_type": "train",
    "first_label": "PinkNoise",
    "label": "PinkNoise",
    "ID": null,
    "sampling_freq": 30,
    "valid_frames": 324,
    "n_peaks": 11,
    "segments_n_peaks": 12,
    "segments_bad_n": 0,
    "segments_avg_duration": 27.0,
    "segments": {
        "frame_start": [
            0,
            27,
            54,
            81,
            108,
            135,
            162,
            189,
            216,
            243,
            270,
            297
        ],
        "frame_end": [
            27,
            54,
            81,
            108,
            135,
            162,
            189,
            216,
            243,
            270,
            297,
            324
        ],
        "duration": [
            27,
            27,
            27,
            27,
            27,
            27,
            27,
            27,
            27,
            27,
            27,
            27
        ],
        "transition_start": [
            0,
            0,
            0,
            0,
            0,
            0,
            0,
            0,
            0,
            0,
            0,
            0
        ],
        "transition_end": [
            0,
            0,
            0,
            0,
            0,
            0,
            0,
            0,
            0,
            0,
            0,
            0
        ],
        "max_change": [
            483.65865768273864,
            431.5874382784171,
            471.0468199469825,
            469.5283061154383,
            429.43873926091203,
            435.19079947053694,
            407.1097501638469,
            444.8891176243733,
            423.1411812510605,
            432.6443058139695,
            410.1518680770392,
            391.19017367915177
        ],
        "is_static": [
            false,
            false,
            false,
            false,
            false,
            false,
            false,
            false,
            false,
            false,
            false,
            false
        ],
        "intensity_range": [
            255.0,
            254.70547485351562,
            254.64073181152344,
            254.8590545654297,
            253.68154907226562,
            253.98492431640625,
            254.9241485595703,
            254.9399871826172,
            254.12466430664062,
            254.37350463867188,
            254.6605682373047,
            253.46554565429688
        ],
        "margin_left": [
            0,
            0,
            0,
            0,
            0,
            0,
            0,
            0,
            0,
            0,
            0,
            0
        ],
        "margin_right": [
            0,
            0,
            0,
            0,
            0,
            0,
            0,
            0,
            0,
            0,
            0,
            0
        ],
        "margin_top": [
            0,
            0,
            0,
            0,
            0,
            0,
            0,
            0,
            0,
            0,
            0,
            0
        ],
        "margin_bottom": [
            0,
            0,
            0,
            0,
            0,
            0,
            0,
            0,
            0,
            0,
            0,
            0
        ],
        "background_color": [
            129.00393676757812,
            116.95686340332031,
            119.9686279296875,
            125.99215698242188,
            135.0274658203125,
            122.98039245605469,
            123.98431396484375,
            130.00784301757812,
            134.02352905273438,
            129.00393676757812,
            131.01177978515625,
            131.01177978515625
        ],
        "background_proportion": [
            0.010215854076312045,
            0.009639410899592244,
            0.010199841765847605,
            0.009847570935629948,
            0.010023706350738777,
            0.009671435520521122,
            0.01044002642281419,
            0.009799534004236632,
            0.00981554631470107,
            0.010215854076312045,
            0.010343952560027556,
            0.010311927939098678
        ],
        "is_uniform": [
            false,
            false,
            false,
            false,
            false,
            false,
            false,
            false,
            false,
            false,
            false,
            false
        ],
        "bad_properties": [
            false,
            false,
            false,
            false,
            false,
            false,
            false,
            false,
            false,
            false,
            false,
            false
        ]
    }
}