{
    "recording": "dynamic29228-2-10-Video-8744edeac3b4d1ce16b680916b5267ce",
    "trial": "47",
    "trial_type": "train",
    "first_label": "Gabor",
    "label": "Gabor",
    "ID": null,
    "sampling_freq": 30,
    "valid_frames": 300,
    "n_peaks": 11,
    "segments_n_peaks": 12,
    "segments_bad_n": 0,
    "segments_avg_duration": 25.0,
    "segments": {
        "frame_start": [
            0,
            25,
            50,
            75,
            100,
            125,
            150,
            175,
            200,
            225,
            250,
            275
        ],
        "frame_end": [
            25,
            50,
            75,
            100,
            125,
            150,
            175,
            200,
            225,
            250,
            275,
            300
        ],
        "duration": [
            25,
            25,
            25,
            25,
            25,
            25,
            25,
            25,
            25,
            25,
            25,
            25
        ],
        "transition_start": [
            0,
            0,
            0,
            0,
            0,
            0,
            0,
            0,
            0,
            0,
            0,
            0
        ],
        "transition_end": [
            0,
            0,
            0,
            0,
            0,
            0,
            0,
            0,
            0,
            0,
            0,
            0
        ],
        "max_change": [
            111.03613971215155,
            224.00197680684465,
            9.430336872401844,
            79.92443967695625,
            79.25296316854565,
            25.7979516681035,
            101.62926415856026,
            182.78048405009415,
            22.555384706382206,
            39.347707486809995,
            38.19912693152565,
            45.02553109217716
        ],
        "is_static": [
            false,
            false,
            true,
            false,
            false,
            true,
            false,
            false,
            true,
            true,
            true,
            true
        ],
        "intensity_range": [
            191.66482543945312,
            181.44810485839844,
            217.1024627685547,
            212.3363494873047,
            213.20556640625,
            216.583984375,
            183.31504821777344,
            183.14791870117188,
            216.67718505859375,
            213.6836700439453,
            188.34356689453125,
            213.38758850097656
        ],
        "margin_left": [
            23,
            23,
            22,
            22,
            22,
            22,
            23,
            23,
            22,
            22,
            23,
            22
        ],
        "margin_right": [
            22,
            23,
            22,
            22,
            22,
            22,
            23,
            23,
            22,
            22,
            23,
            22
        ],
        "margin_top": [
            9,
            9,
            8,
            8,
            8,
            8,
            9,
            9,
            8,
            8,
            9,
            8
        ],
        "margin_bottom": [
            8,
            9,
            8,
            8,
            8,
            8,
            9,
            9,
            8,
            8,
            9,
            8
        ],
        "background_color": [
            128.0,
            128.0,
            128.0,
            128.0,
            128.0,
            128.0,
            128.0,
            128.0,
            128.0,
            128.0,
            128.0,
            128.0
        ],
        "background_proportion": [
            0.6490816130941676,
            0.6480786095890931,
            0.6424583313279005,
            0.6399162362374534,
            0.6417320184449156,
            0.6421470543780499,
            0.6489778541108839,
            0.649531235355063,
            0.6425447971473035,
            0.6416109662977515,
            0.6457267393013325,
            0.6413861551673037
        ],
        "is_uniform": [
            false,
            false,
            false,
            false,
            false,
            false,
            false,
            false,
            false,
            false,
            false,
            false
        ],
        "bad_properties": [
            false,
            false,
            false,
            false,
            false,
            false,
            false,
            false,
            false,
            false,
            false,
            false
        ]
    }
}