{
    "recording": "dynamic29228-2-10-Video-8744edeac3b4d1ce16b680916b5267ce",
    "trial": "478",
    "trial_type": "train",
    "first_label": "NaturalVideo",
    "label": "NaturalVideo",
    "ID": null,
    "sampling_freq": 30,
    "valid_frames": 300,
    "n_peaks": 4,
    "segments_n_peaks": 5,
    "segments_bad_n": 0,
    "segments_avg_duration": 60.0,
    "segments": {
        "frame_start": [
            0,
            23,
            73,
            126,
            266
        ],
        "frame_end": [
            23,
            73,
            126,
            266,
            300
        ],
        "duration": [
            23,
            50,
            53,
            140,
            34
        ],
        "transition_start": [
            0,
            0,
            0,
            0,
            0
        ],
        "transition_end": [
            0,
            0,
            0,
            0,
            0
        ],
        "max_change": [
            344.3448323838261,
            83.06789894828461,
            637.4901047106439,
            1610.0536984774583,
            652.1123269449357
        ],
        "is_static": [
            false,
            false,
            false,
            false,
            false
        ],
        "intensity_range": [
            250.12167358398438,
            237.5625,
            160.125,
            215.54652404785156,
            191.4084930419922
        ],
        "margin_left": [
            0,
            0,
            0,
            0,
            0
        ],
        "margin_right": [
            0,
            0,
            3,
            0,
            0
        ],
        "margin_top": [
            0,
            0,
            0,
            0,
            0
        ],
        "margin_bottom": [
            0,
            0,
            0,
            0,
            0
        ],
        "background_color": [
            51.701961517333984,
            57.72549057006836,
            0.501960813999176,
            1.5058825016021729,
            0.501960813999176
        ],
        "background_proportion": [
            0.03300763755391213,
            0.039904278908428285,
            0.06175010843788227,
            0.09664171646430161,
            0.12999215946734374
        ],
        "is_uniform": [
            false,
            false,
            false,
            false,
            false
        ],
        "bad_properties": [
            false,
            false,
            false,
            false,
            false
        ]
    }
}