{
    "recording": "dynamic29228-2-10-Video-8744edeac3b4d1ce16b680916b5267ce",
    "trial": "484",
    "trial_type": "final_test_bonus",
    "first_label": "PinkNoise",
    "label": "PinkNoise",
    "ID": null,
    "sampling_freq": 30,
    "valid_frames": 324,
    "n_peaks": 9,
    "segments_n_peaks": 10,
    "segments_bad_n": 0,
    "segments_avg_duration": 27.0,
    "segments": {
        "frame_start": [
            0,
            27,
            54,
            81,
            108,
            135,
            162,
            189,
            216,
            243,
            270,
            297
        ],
        "frame_end": [
            27,
            54,
            81,
            108,
            135,
            162,
            189,
            216,
            243,
            270,
            297,
            324
        ],
        "duration": [
            27,
            27,
            27,
            27,
            27,
            27,
            27,
            27,
            27,
            27,
            27,
            27
        ],
        "transition_start": [
            0,
            0,
            0,
            0,
            0,
            0,
            0,
            0,
            0,
            0,
            0,
            0
        ],
        "transition_end": [
            0,
            0,
            0,
            0,
            0,
            0,
            0,
            0,
            0,
            0,
            0,
            0
        ],
        "max_change": [
            458.31625581814507,
            415.52750577564893,
            460.9440887563928,
            426.85937142912735,
            433.7828884364407,
            420.13732276222436,
            385.90349932656983,
            376.33062216007005,
            403.81516850832253,
            396.54756270550376,
            412.04768399742403,
            484.64918941077457
        ],
        "is_static": [
            false,
            false,
            false,
            false,
            false,
            false,
            false,
            false,
            false,
            false,
            false,
            false
        ],
        "intensity_range": [
            254.9471435546875,
            254.92495727539062,
            254.89340209960938,
            254.03228759765625,
            254.05799865722656,
            254.56088256835938,
            254.09950256347656,
            253.7547607421875,
            253.79066467285156,
            254.64732360839844,
            253.57554626464844,
            253.0636749267578
        ],
        "margin_left": [
            0,
            0,
            0,
            0,
            0,
            0,
            0,
            0,
            0,
            0,
            0,
            0
        ],
        "margin_right": [
            0,
            0,
            0,
            0,
            0,
            0,
            0,
            0,
            0,
            0,
            0,
            0
        ],
        "margin_top": [
            0,
            0,
            0,
            0,
            0,
            0,
            0,
            0,
            0,
            0,
            0,
            0
        ],
        "margin_bottom": [
            0,
            0,
            0,
            0,
            0,
            0,
            0,
            0,
            0,
            0,
            0,
            0
        ],
        "background_color": [
            125.99215698242188,
            134.02352905273438,
            129.00393676757812,
            132.01568603515625,
            131.01177978515625,
            126.99607849121094,
            129.00393676757812,
            133.01962280273438,
            129.00393676757812,
            134.02352905273438,
            117.96078491210938,
            125.99215698242188
        ],
        "background_proportion": [
            0.010135792523989851,
            0.010343952560027556,
            0.00951131241587673,
            0.010391989491420872,
            0.00997566941934546,
            0.010231866386776483,
            0.010343952560027556,
            0.010007694040274337,
            0.010840334184425163,
            0.010904383426282919,
            0.010135792523989851,
            0.010007694040274337
        ],
        "is_uniform": [
            false,
            false,
            false,
            false,
            false,
            false,
            false,
            false,
            false,
            false,
            false,
            false
        ],
        "bad_properties": [
            false,
            false,
            false,
            false,
            false,
            false,
            false,
            false,
            false,
            false,
            false,
            false
        ]
    }
}