{
    "recording": "dynamic29228-2-10-Video-8744edeac3b4d1ce16b680916b5267ce",
    "trial": "493",
    "trial_type": "train",
    "first_label": "PinkNoise",
    "label": "PinkNoise",
    "ID": null,
    "sampling_freq": 30,
    "valid_frames": 324,
    "n_peaks": 10,
    "segments_n_peaks": 11,
    "segments_bad_n": 0,
    "segments_avg_duration": 27.0,
    "segments": {
        "frame_start": [
            0,
            27,
            54,
            81,
            108,
            135,
            162,
            189,
            216,
            243,
            270,
            297
        ],
        "frame_end": [
            27,
            54,
            81,
            108,
            135,
            162,
            189,
            216,
            243,
            270,
            297,
            324
        ],
        "duration": [
            27,
            27,
            27,
            27,
            27,
            27,
            27,
            27,
            27,
            27,
            27,
            27
        ],
        "transition_start": [
            0,
            0,
            0,
            0,
            0,
            0,
            0,
            0,
            0,
            0,
            0,
            0
        ],
        "transition_end": [
            0,
            0,
            0,
            0,
            0,
            0,
            0,
            0,
            0,
            0,
            0,
            0
        ],
        "max_change": [
            486.28147391202333,
            431.33031185631586,
            423.6843784366852,
            374.48967607680254,
            387.77276097670233,
            434.47650741004446,
            412.9952598073027,
            429.0255342183565,
            435.02280751582254,
            369.9037991925913,
            402.3337336179885,
            439.7909928245746
        ],
        "is_static": [
            false,
            false,
            false,
            false,
            false,
            false,
            false,
            false,
            false,
            false,
            false,
            false
        ],
        "intensity_range": [
            254.33807373046875,
            254.2618865966797,
            254.89529418945312,
            253.98684692382812,
            253.97865295410156,
            254.97792053222656,
            253.24249267578125,
            254.8700714111328,
            254.39093017578125,
            253.81378173828125,
            255.0,
            254.43687438964844
        ],
        "margin_left": [
            0,
            0,
            0,
            0,
            0,
            0,
            0,
            0,
            0,
            0,
            0,
            0
        ],
        "margin_right": [
            0,
            0,
            0,
            0,
            0,
            0,
            0,
            0,
            0,
            0,
            0,
            0
        ],
        "margin_top": [
            0,
            0,
            0,
            0,
            0,
            0,
            0,
            0,
            0,
            0,
            0,
            0
        ],
        "margin_bottom": [
            0,
            0,
            0,
            0,
            0,
            0,
            0,
            0,
            0,
            0,
            0,
            0
        ],
        "background_color": [
            114.94902038574219,
            124.98823547363281,
            128.0,
            121.97647094726562,
            122.98039245605469,
            116.95686340332031,
            124.98823547363281,
            129.00393676757812,
            130.00784301757812,
            135.0274658203125,
            129.00393676757812,
            133.01962280273438
        ],
        "background_proportion": [
            0.010135792523989851,
            0.010039718661203217,
            0.009767435154779227,
            0.01060014952745858,
            0.01042401411234975,
            0.010103767903060973,
            0.010279903318169801,
            0.010616161837923018,
            0.009927632487952143,
            0.010472051043743068,
            0.010167817144918729,
            0.009575361657734488
        ],
        "is_uniform": [
            false,
            false,
            false,
            false,
            false,
            false,
            false,
            false,
            false,
            false,
            false,
            false
        ],
        "bad_properties": [
            false,
            false,
            false,
            false,
            false,
            false,
            false,
            false,
            false,
            false,
            false,
            false
        ]
    }
}