{
    "recording": "dynamic29228-2-10-Video-8744edeac3b4d1ce16b680916b5267ce",
    "trial": "514",
    "trial_type": "train",
    "first_label": "NaturalVideo",
    "label": "NaturalVideo",
    "ID": null,
    "sampling_freq": 30,
    "valid_frames": 300,
    "n_peaks": 2,
    "segments_n_peaks": 3,
    "segments_bad_n": 0,
    "segments_avg_duration": 100.0,
    "segments": {
        "frame_start": [
            0,
            69,
            274
        ],
        "frame_end": [
            69,
            274,
            300
        ],
        "duration": [
            69,
            205,
            26
        ],
        "transition_start": [
            0,
            0,
            0
        ],
        "transition_end": [
            0,
            0,
            0
        ],
        "max_change": [
            958.9869974757374,
            1354.5046175250868,
            1651.9465941728163
        ],
        "is_static": [
            false,
            false,
            false
        ],
        "intensity_range": [
            233.45852661132812,
            214.53419494628906,
            244.99610900878906
        ],
        "margin_left": [
            0,
            0,
            0
        ],
        "margin_right": [
            0,
            0,
            0
        ],
        "margin_top": [
            0,
            0,
            0
        ],
        "margin_bottom": [
            0,
            0,
            0
        ],
        "background_color": [
            26.60392189025879,
            46.68235397338867,
            26.60392189025879
        ],
        "background_proportion": [
            0.010018833038858296,
            0.01002378445957031,
            0.010375977180956434
        ],
        "is_uniform": [
            false,
            false,
            false
        ],
        "bad_properties": [
            false,
            false,
            false
        ]
    }
}