{
    "recording": "dynamic29228-2-10-Video-8744edeac3b4d1ce16b680916b5267ce",
    "trial": "516",
    "trial_type": "train",
    "first_label": "NaturalVideo",
    "label": "NaturalVideo",
    "ID": null,
    "sampling_freq": 30,
    "valid_frames": 300,
    "n_peaks": 2,
    "segments_n_peaks": 3,
    "segments_bad_n": 0,
    "segments_avg_duration": 100.0,
    "segments": {
        "frame_start": [
            0,
            144,
            296
        ],
        "frame_end": [
            144,
            296,
            300
        ],
        "duration": [
            144,
            152,
            4
        ],
        "transition_start": [
            0,
            0,
            0
        ],
        "transition_end": [
            0,
            0,
            0
        ],
        "max_change": [
            2467.043695606362,
            1364.0236536188322,
            1070.3537893567882
        ],
        "is_static": [
            false,
            false,
            false
        ],
        "intensity_range": [
            245.5,
            249.0625,
            234.095458984375
        ],
        "margin_left": [
            0,
            0,
            0
        ],
        "margin_right": [
            0,
            0,
            0
        ],
        "margin_top": [
            0,
            0,
            0
        ],
        "margin_bottom": [
            0,
            0,
            0
        ],
        "background_color": [
            255.498046875,
            95.87451171875,
            249.47451782226562
        ],
        "background_proportion": [
            0.027888440982032497,
            0.007625546826245669,
            0.01675287982341924
        ],
        "is_uniform": [
            false,
            false,
            false
        ],
        "bad_properties": [
            false,
            false,
            false
        ]
    }
}