{
    "recording": "dynamic29228-2-10-Video-8744edeac3b4d1ce16b680916b5267ce",
    "trial": "546",
    "trial_type": "oracle",
    "first_label": "Gabor",
    "label": "Gabor",
    "ID": null,
    "sampling_freq": 30,
    "valid_frames": 300,
    "n_peaks": 11,
    "segments_n_peaks": 12,
    "segments_bad_n": 0,
    "segments_avg_duration": 25.0,
    "segments": {
        "frame_start": [
            0,
            25,
            50,
            75,
            100,
            125,
            150,
            175,
            200,
            225,
            250,
            275
        ],
        "frame_end": [
            25,
            50,
            75,
            100,
            125,
            150,
            175,
            200,
            225,
            250,
            275,
            300
        ],
        "duration": [
            25,
            25,
            25,
            25,
            25,
            25,
            25,
            25,
            25,
            25,
            25,
            25
        ],
        "transition_start": [
            0,
            0,
            0,
            0,
            0,
            0,
            0,
            0,
            0,
            0,
            0,
            0
        ],
        "transition_end": [
            0,
            0,
            0,
            0,
            0,
            0,
            0,
            0,
            0,
            0,
            0,
            0
        ],
        "max_change": [
            22.48858967873558,
            109.72382363382192,
            28.90803881103251,
            105.57755474997215,
            6.4742458749377265,
            78.62587555923099,
            17.17123490380608,
            77.50874103965344,
            176.8299844459414,
            27.675591682162754,
            76.16977660224569,
            49.008298769971816
        ],
        "is_static": [
            true,
            false,
            true,
            false,
            true,
            false,
            true,
            false,
            false,
            true,
            false,
            true
        ],
        "intensity_range": [
            224.4189453125,
            190.511962890625,
            191.2216796875,
            186.73159790039062,
            219.6581573486328,
            211.5050048828125,
            216.46182250976562,
            210.4164581298828,
            177.5325164794922,
            223.01434326171875,
            208.01644897460938,
            213.56976318359375
        ],
        "margin_left": [
            22,
            23,
            23,
            23,
            22,
            22,
            22,
            22,
            23,
            22,
            22,
            22
        ],
        "margin_right": [
            22,
            22,
            22,
            23,
            22,
            22,
            22,
            22,
            23,
            22,
            22,
            22
        ],
        "margin_top": [
            8,
            9,
            9,
            9,
            10,
            8,
            8,
            8,
            9,
            8,
            8,
            8
        ],
        "margin_bottom": [
            8,
            8,
            8,
            9,
            9,
            8,
            8,
            8,
            9,
            8,
            8,
            8
        ],
        "background_color": [
            128.0,
            128.0,
            128.0,
            128.0,
            128.0,
            128.0,
            128.0,
            128.0,
            128.0,
            128.0,
            128.0,
            128.0
        ],
        "background_proportion": [
            0.6403485653344682,
            0.6463492932010338,
            0.6456575666458102,
            0.6463492932010338,
            0.6413861551673037,
            0.6420432953947662,
            0.6427523151138705,
            0.6407463081037218,
            0.6504650662046149,
            0.6380312813744687,
            0.6424756244917812,
            0.6450350127461089
        ],
        "is_uniform": [
            false,
            false,
            false,
            false,
            false,
            false,
            false,
            false,
            false,
            false,
            false,
            false
        ],
        "bad_properties": [
            false,
            false,
            false,
            false,
            false,
            false,
            false,
            false,
            false,
            false,
            false,
            false
        ]
    }
}