{
    "recording": "dynamic29228-2-10-Video-8744edeac3b4d1ce16b680916b5267ce",
    "trial": "56",
    "trial_type": "live_test_main",
    "first_label": "NaturalVideo",
    "label": "NaturalVideo",
    "ID": null,
    "sampling_freq": 30,
    "valid_frames": 300,
    "n_peaks": 2,
    "segments_n_peaks": 3,
    "segments_bad_n": 0,
    "segments_avg_duration": 100.0,
    "segments": {
        "frame_start": [
            0,
            115,
            290
        ],
        "frame_end": [
            115,
            290,
            300
        ],
        "duration": [
            115,
            175,
            10
        ],
        "transition_start": [
            0,
            0,
            0
        ],
        "transition_end": [
            0,
            0,
            0
        ],
        "max_change": [
            335.2366952808111,
            3321.1486021296782,
            1409.8504506297434
        ],
        "is_static": [
            false,
            false,
            false
        ],
        "intensity_range": [
            253.39532470703125,
            255.0,
            253.0
        ],
        "margin_left": [
            0,
            0,
            0
        ],
        "margin_right": [
            0,
            0,
            0
        ],
        "margin_top": [
            0,
            0,
            0
        ],
        "margin_bottom": [
            0,
            0,
            0
        ],
        "background_color": [
            0.501960813999176,
            0.501960813999176,
            0.501960813999176
        ],
        "background_proportion": [
            0.048898666364862835,
            0.08547580758455656,
            0.08313750729036358
        ],
        "is_uniform": [
            false,
            false,
            false
        ],
        "bad_properties": [
            false,
            false,
            false
        ]
    }
}