{
    "recording": "dynamic29228-2-10-Video-8744edeac3b4d1ce16b680916b5267ce",
    "trial": "593",
    "trial_type": "train",
    "first_label": "PinkNoise",
    "label": "PinkNoise",
    "ID": null,
    "sampling_freq": 30,
    "valid_frames": 324,
    "n_peaks": 11,
    "segments_n_peaks": 12,
    "segments_bad_n": 0,
    "segments_avg_duration": 27.0,
    "segments": {
        "frame_start": [
            0,
            27,
            54,
            81,
            108,
            135,
            162,
            189,
            216,
            243,
            270,
            297
        ],
        "frame_end": [
            27,
            54,
            81,
            108,
            135,
            162,
            189,
            216,
            243,
            270,
            297,
            324
        ],
        "duration": [
            27,
            27,
            27,
            27,
            27,
            27,
            27,
            27,
            27,
            27,
            27,
            27
        ],
        "transition_start": [
            0,
            0,
            0,
            0,
            0,
            0,
            0,
            0,
            0,
            0,
            0,
            0
        ],
        "transition_end": [
            0,
            0,
            0,
            0,
            0,
            0,
            0,
            0,
            0,
            0,
            0,
            0
        ],
        "max_change": [
            522.7118004347311,
            456.92689155377826,
            387.36026816083734,
            447.76430656291967,
            469.05591371624126,
            408.45311746205357,
            412.4277894370616,
            383.8761705400957,
            415.85019388298224,
            376.8361320933803,
            402.7534693596356,
            372.7455733423006
        ],
        "is_static": [
            false,
            false,
            false,
            false,
            false,
            false,
            false,
            false,
            false,
            false,
            false,
            false
        ],
        "intensity_range": [
            255.0,
            254.90553283691406,
            253.87692260742188,
            254.98411560058594,
            254.2593231201172,
            254.6541290283203,
            253.8262939453125,
            253.13320922851562,
            254.91537475585938,
            253.09347534179688,
            254.91880798339844,
            254.5310516357422
        ],
        "margin_left": [
            0,
            0,
            0,
            0,
            0,
            0,
            0,
            0,
            0,
            0,
            0,
            0
        ],
        "margin_right": [
            0,
            0,
            0,
            0,
            0,
            0,
            0,
            0,
            0,
            0,
            0,
            0
        ],
        "margin_top": [
            0,
            0,
            0,
            0,
            0,
            0,
            0,
            0,
            0,
            0,
            0,
            0
        ],
        "margin_bottom": [
            0,
            0,
            0,
            0,
            0,
            0,
            0,
            0,
            0,
            0,
            0,
            0
        ],
        "background_color": [
            135.0274658203125,
            118.96470642089844,
            130.00784301757812,
            125.99215698242188,
            131.01177978515625,
            126.99607849121094,
            131.01177978515625,
            133.01962280273438,
            138.03921508789062,
            130.00784301757812,
            125.99215698242188,
            132.01568603515625
        ],
        "background_proportion": [
            0.010039718661203217,
            0.00922309082751683,
            0.010263891007705361,
            0.009943644798416583,
            0.010135792523989851,
            0.010327940249563117,
            0.010616161837923018,
            0.010311927939098678,
            0.010231866386776483,
            0.010840334184425163,
            0.010632174148387458,
            0.010327940249563117
        ],
        "is_uniform": [
            false,
            false,
            false,
            false,
            false,
            false,
            false,
            false,
            false,
            false,
            false,
            false
        ],
        "bad_properties": [
            false,
            false,
            false,
            false,
            false,
            false,
            false,
            false,
            false,
            false,
            false,
            false
        ]
    }
}