{
    "recording": "dynamic29228-2-10-Video-8744edeac3b4d1ce16b680916b5267ce",
    "trial": "598",
    "trial_type": "final_test_main",
    "first_label": "Gabor",
    "label": "Gabor",
    "ID": null,
    "sampling_freq": 30,
    "valid_frames": 300,
    "peaks": [
        24,
        49,
        74,
        99,
        124,
        149,
        174,
        224,
        249,
        274
    ],
    "n_peaks": 10,
    "segments_n_peaks": 11,
    "segments_bad_n": 0,
    "segments_avg_duration": 25.0,
    "segments": {
        "frame_start": [
            0,
            25,
            50,
            75,
            100,
            125,
            150,
            175,
            200,
            225,
            250,
            275
        ],
        "frame_end": [
            25,
            50,
            75,
            100,
            125,
            150,
            175,
            200,
            225,
            250,
            275,
            300
        ],
        "duration": [
            25,
            25,
            25,
            25,
            25,
            25,
            25,
            25,
            25,
            25,
            25,
            25
        ],
        "transition_start": [
            0,
            0,
            0,
            0,
            0,
            0,
            0,
            0,
            0,
            0,
            0,
            0
        ],
        "transition_end": [
            0,
            0,
            0,
            0,
            0,
            0,
            0,
            0,
            0,
            0,
            0,
            0
        ],
        "max_change": [
            37.30264760533886,
            10.032013618003399,
            10.020955282842554,
            36.830950482553945,
            11.644129295818706,
            22.232260836166233,
            28.65821018149874,
            181.96329005590735,
            28.849208634250797,
            32.46187185855446,
            48.01471681322591,
            40.71201890418817
        ],
        "is_static": [
            true,
            true,
            true,
            true,
            true,
            true,
            true,
            false,
            true,
            true,
            true,
            true
        ],
        "intensity_range": [
            217.2120819091797,
            223.7076416015625,
            223.53395080566406,
            216.1852264404297,
            217.13360595703125,
            223.0450897216797,
            190.19317626953125,
            169.2125701904297,
            190.5194091796875,
            222.45806884765625,
            221.2644805908203,
            213.62738037109375
        ],
        "margin_left": [
            22,
            22,
            22,
            22,
            22,
            22,
            23,
            23,
            23,
            22,
            22,
            22
        ],
        "margin_right": [
            22,
            22,
            22,
            22,
            22,
            22,
            22,
            23,
            22,
            22,
            22,
            22
        ],
        "margin_top": [
            8,
            8,
            8,
            8,
            8,
            8,
            9,
            9,
            9,
            8,
            8,
            8
        ],
        "margin_bottom": [
            8,
            8,
            8,
            8,
            8,
            8,
            8,
            9,
            8,
            8,
            8,
            8
        ],
        "background_color": [
            128.0,
            128.0,
            128.0,
            128.0,
            128.0,
            128.0,
            128.0,
            128.0,
            128.0,
            128.0,
            128.0,
            128.0
        ],
        "background_proportion": [
            0.6452944102043177,
            0.6371493300165586,
            0.6375643659496927,
            0.6432884031941689,
            0.6428387809332735,
            0.6414899141505873,
            0.6466778633147652,
            0.651692880840137,
            0.6467124496425264,
            0.642095174886408,
            0.6421470543780499,
            0.6436515596356615
        ],
        "is_uniform": [
            false,
            false,
            false,
            false,
            false,
            false,
            false,
            false,
            false,
            false,
            false,
            false
        ],
        "bad_properties": [
            false,
            false,
            false,
            false,
            false,
            false,
            false,
            false,
            false,
            false,
            false,
            false
        ]
    }
}