{
    "recording": "dynamic29228-2-10-Video-8744edeac3b4d1ce16b680916b5267ce",
    "trial": "63",
    "trial_type": "train",
    "first_label": "PinkNoise",
    "label": "PinkNoise",
    "ID": null,
    "sampling_freq": 30,
    "valid_frames": 324,
    "peaks": [
        26,
        53,
        80,
        107,
        134,
        161,
        188,
        215,
        242,
        269,
        296
    ],
    "n_peaks": 11,
    "segments_n_peaks": 12,
    "segments_bad_n": 0,
    "segments_avg_duration": 27.0,
    "segments": {
        "frame_start": [
            0,
            27,
            54,
            81,
            108,
            135,
            162,
            189,
            216,
            243,
            270,
            297
        ],
        "frame_end": [
            27,
            54,
            81,
            108,
            135,
            162,
            189,
            216,
            243,
            270,
            297,
            324
        ],
        "duration": [
            27,
            27,
            27,
            27,
            27,
            27,
            27,
            27,
            27,
            27,
            27,
            27
        ],
        "transition_start": [
            0,
            0,
            0,
            0,
            0,
            0,
            0,
            0,
            0,
            0,
            0,
            0
        ],
        "transition_end": [
            0,
            0,
            0,
            0,
            0,
            0,
            0,
            0,
            0,
            0,
            0,
            0
        ],
        "max_change": [
            483.6537098889043,
            431.52911998460826,
            470.97732609580544,
            469.4348249742269,
            429.3422426609574,
            435.08613540935244,
            406.957072874395,
            444.7157337301534,
            422.97645552734383,
            432.5115632864185,
            410.02261965794526,
            392.916968485177
        ],
        "is_static": [
            false,
            false,
            false,
            false,
            false,
            false,
            false,
            false,
            false,
            false,
            false,
            false
        ],
        "intensity_range": [
            255.0,
            254.7052459716797,
            254.63912963867188,
            254.85841369628906,
            253.67845153808594,
            253.98361206054688,
            254.92379760742188,
            254.9400634765625,
            254.12075805664062,
            254.37106323242188,
            254.66001892089844,
            253.46437072753906
        ],
        "margin_left": [
            0,
            0,
            0,
            0,
            0,
            0,
            0,
            0,
            0,
            0,
            0,
            0
        ],
        "margin_right": [
            0,
            0,
            0,
            0,
            0,
            0,
            0,
            0,
            0,
            0,
            0,
            0
        ],
        "margin_top": [
            0,
            0,
            0,
            0,
            0,
            0,
            0,
            0,
            0,
            0,
            0,
            0
        ],
        "margin_bottom": [
            0,
            0,
            0,
            0,
            0,
            0,
            0,
            0,
            0,
            0,
            0,
            0
        ],
        "background_color": [
            129.00393676757812,
            116.95686340332031,
            119.9686279296875,
            132.01568603515625,
            135.0274658203125,
            132.01568603515625,
            123.98431396484375,
            115.95294189453125,
            131.01177978515625,
            129.00393676757812,
            131.01177978515625,
            131.01177978515625
        ],
        "background_proportion": [
            0.010231866386776483,
            0.009655423210056682,
            0.010119780213525411,
            0.009847570935629948,
            0.009991681729809899,
            0.00968744783098556,
            0.010568124906529702,
            0.009799534004236632,
            0.00981554631470107,
            0.010343952560027556,
            0.010343952560027556,
            0.010375977180956434
        ],
        "is_uniform": [
            false,
            false,
            false,
            false,
            false,
            false,
            false,
            false,
            false,
            false,
            false,
            false
        ],
        "bad_properties": [
            false,
            false,
            false,
            false,
            false,
            false,
            false,
            false,
            false,
            false,
            false,
            false
        ]
    }
}