{
    "recording": "dynamic29228-2-10-Video-8744edeac3b4d1ce16b680916b5267ce",
    "trial": "641",
    "trial_type": "train",
    "first_label": "NaturalVideo",
    "label": "NaturalVideo",
    "ID": null,
    "sampling_freq": 30,
    "valid_frames": 300,
    "peaks": [
        48,
        142,
        237
    ],
    "n_peaks": 3,
    "segments_n_peaks": 4,
    "segments_bad_n": 0,
    "segments_avg_duration": 75.0,
    "segments": {
        "frame_start": [
            0,
            49,
            143,
            238
        ],
        "frame_end": [
            49,
            143,
            238,
            300
        ],
        "duration": [
            49,
            94,
            95,
            62
        ],
        "transition_start": [
            0,
            1,
            1,
            1
        ],
        "transition_end": [
            0,
            0,
            0,
            0
        ],
        "max_change": [
            11.514240244004256,
            38.188786173094925,
            7.151341735168109,
            32.64412623960485
        ],
        "is_static": [
            true,
            true,
            true,
            true
        ],
        "intensity_range": [
            134.88092041015625,
            167.66824340820312,
            193.808837890625,
            213.9796905517578
        ],
        "margin_left": [
            0,
            0,
            0,
            0
        ],
        "margin_right": [
            0,
            0,
            0,
            0
        ],
        "margin_top": [
            0,
            0,
            0,
            0
        ],
        "margin_bottom": [
            0,
            0,
            0,
            0
        ],
        "background_color": [
            23.5921573638916,
            5.521568775177002,
            24.596078872680664,
            56.7215690612793
        ],
        "background_proportion": [
            0.01705507133570475,
            0.03855661054608094,
            0.0267816113141442,
            0.016832613254625362
        ],
        "is_uniform": [
            false,
            false,
            false,
            false
        ],
        "bad_properties": [
            false,
            false,
            false,
            false
        ]
    }
}