{
    "recording": "dynamic29228-2-10-Video-8744edeac3b4d1ce16b680916b5267ce",
    "trial": "670",
    "trial_type": "live_test_main",
    "first_label": "NaturalImages",
    "label": "NaturalImages",
    "ID": null,
    "sampling_freq": 30,
    "valid_frames": 313,
    "peaks": [
        15,
        30,
        44,
        59,
        78,
        93,
        109,
        124,
        141,
        156,
        170,
        185,
        199,
        214,
        234,
        249,
        264,
        279,
        297
    ],
    "n_peaks": 19,
    "segments_n_peaks": 20,
    "segments_bad_n": 0,
    "segments_avg_duration": 15.65,
    "segments": {
        "frame_start": [
            0,
            16,
            31,
            45,
            60,
            79,
            94,
            110,
            125,
            142,
            157,
            171,
            186,
            200,
            215,
            235,
            250,
            265,
            280,
            298
        ],
        "frame_end": [
            16,
            31,
            45,
            60,
            79,
            94,
            110,
            125,
            142,
            157,
            171,
            186,
            200,
            215,
            235,
            250,
            265,
            280,
            298,
            313
        ],
        "duration": [
            16,
            15,
            14,
            15,
            19,
            15,
            16,
            15,
            17,
            15,
            14,
            15,
            14,
            15,
            20,
            15,
            15,
            15,
            18,
            15
        ],
        "transition_start": [
            1,
            0,
            1,
            0,
            1,
            0,
            1,
            0,
            1,
            0,
            1,
            0,
            1,
            0,
            1,
            0,
            0,
            0,
            0,
            0
        ],
        "transition_end": [
            0,
            0,
            0,
            0,
            0,
            0,
            0,
            0,
            0,
            0,
            0,
            0,
            0,
            0,
            1,
            0,
            1,
            0,
            1,
            0
        ],
        "max_change": [
            33.88753928398364,
            0.04431530337276652,
            21.17900462164764,
            0.2513749373187895,
            8.78491597831319,
            0.38147166632451346,
            23.814836971159416,
            2.375808720182325,
            7.1964662085686335,
            1.4517639309034014,
            6.907253753029788,
            2.450721906847624,
            1.7218777337161302,
            1.0335367264080257,
            0.0,
            1.1395514720315987,
            1.6437899701412182,
            1.3023142611364418,
            3.217644866063438,
            5.458714575189557
        ],
        "is_static": [
            true,
            true,
            true,
            true,
            true,
            true,
            true,
            true,
            true,
            true,
            true,
            true,
            true,
            true,
            true,
            true,
            true,
            true,
            true,
            true
        ],
        "intensity_range": [
            14.292343139648438,
            214.25,
            14.878379821777344,
            238.6875,
            11.197311401367188,
            195.75,
            13.269912719726562,
            252.625,
            9.226669311523438,
            193.4375,
            9.99591064453125,
            230.75,
            7.2803802490234375,
            186.9375,
            0.0,
            161.875,
            6.10565185546875,
            203.875,
            8.612228393554688,
            254.0625
        ],
        "margin_left": [
            64,
            0,
            64,
            0,
            64,
            0,
            64,
            0,
            64,
            3,
            64,
            0,
            64,
            0,
            64,
            0,
            64,
            0,
            64,
            0
        ],
        "margin_right": [
            64,
            0,
            64,
            0,
            64,
            6,
            64,
            0,
            64,
            2,
            64,
            0,
            64,
            0,
            64,
            0,
            64,
            0,
            64,
            0
        ],
        "margin_top": [
            36,
            0,
            36,
            0,
            36,
            0,
            36,
            0,
            36,
            0,
            36,
            0,
            36,
            0,
            36,
            0,
            36,
            0,
            36,
            0
        ],
        "margin_bottom": [
            36,
            0,
            36,
            0,
            36,
            0,
            36,
            0,
            36,
            0,
            36,
            0,
            36,
            0,
            36,
            0,
            36,
            0,
            36,
            0
        ],
        "background_color": [
            128.0,
            13.55294132232666,
            128.0,
            40.6588249206543,
            128.0,
            83.82745361328125,
            128.0,
            254.49411010742188,
            128.0,
            96.87843322753906,
            128.0,
            95.87451171875,
            128.0,
            140.04705810546875,
            128.0,
            95.87451171875,
            128.0,
            95.87451171875,
            128.0,
            253.49020385742188
        ],
        "background_proportion": [
            0.9317268479465353,
            0.026112875905407024,
            0.9233551829704945,
            0.01199001807577188,
            0.9464884847812746,
            0.06623332100510523,
            0.9316980260067343,
            0.04640367572594405,
            0.939883456910215,
            0.02089606515609282,
            0.9299066315944884,
            0.011672974328575988,
            0.9392183352224998,
            0.01579454304212257,
            0.9960862395221411,
            0.02138604185630465,
            0.9382159018217291,
            0.015362210659582721,
            0.9489369368241724,
            0.025824654317047124
        ],
        "is_uniform": [
            true,
            false,
            true,
            false,
            true,
            false,
            true,
            false,
            true,
            false,
            true,
            false,
            true,
            false,
            true,
            false,
            true,
            false,
            true,
            false
        ],
        "bad_properties": [
            false,
            false,
            false,
            false,
            false,
            false,
            false,
            false,
            false,
            false,
            false,
            false,
            false,
            false,
            false,
            false,
            false,
            false,
            false,
            false
        ]
    }
}