{
    "recording": "dynamic29228-2-10-Video-8744edeac3b4d1ce16b680916b5267ce",
    "trial": "671",
    "trial_type": "train",
    "first_label": "NaturalImages",
    "label": "NaturalImages",
    "ID": null,
    "sampling_freq": 30,
    "valid_frames": 318,
    "n_peaks": 19,
    "segments_n_peaks": 20,
    "segments_bad_n": 0,
    "segments_avg_duration": 15.9,
    "segments": {
        "frame_start": [
            0,
            18,
            33,
            47,
            62,
            78,
            94,
            108,
            123,
            140,
            155,
            173,
            188,
            202,
            217,
            237,
            252,
            268,
            284,
            303
        ],
        "frame_end": [
            18,
            33,
            47,
            62,
            78,
            94,
            108,
            123,
            140,
            155,
            173,
            188,
            202,
            217,
            237,
            252,
            268,
            284,
            303,
            318
        ],
        "duration": [
            18,
            15,
            14,
            15,
            16,
            16,
            14,
            15,
            17,
            15,
            18,
            15,
            14,
            15,
            20,
            15,
            16,
            16,
            19,
            15
        ],
        "transition_start": [
            1,
            0,
            1,
            0,
            1,
            1,
            0,
            0,
            1,
            0,
            1,
            0,
            1,
            0,
            1,
            0,
            0,
            0,
            0,
            0
        ],
        "transition_end": [
            1,
            0,
            0,
            0,
            0,
            0,
            0,
            0,
            0,
            0,
            0,
            0,
            0,
            0,
            1,
            0,
            0,
            1,
            1,
            0
        ],
        "max_change": [
            0.0,
            0.08922070307534745,
            37.57308388297148,
            0.4898532820465486,
            0.0,
            10.466359789028578,
            19.169340055655514,
            1.8166553193793535,
            26.007117618883562,
            5.014672421120647,
            5.7886800564075305,
            2.1215149848433916,
            4.899306829596501,
            3.0312197468419475,
            0.0,
            3.647170542552203,
            5.413628653808928,
            5.728707440612804,
            0.0,
            20.424130008446
        ],
        "is_static": [
            true,
            true,
            true,
            true,
            true,
            true,
            true,
            true,
            true,
            true,
            true,
            true,
            true,
            true,
            true,
            true,
            true,
            true,
            true,
            true
        ],
        "intensity_range": [
            0.0,
            255.0,
            15.478172302246094,
            249.5,
            0.0,
            227.625,
            12.574546813964844,
            237.9375,
            10.926445007324219,
            227.5,
            9.650138854980469,
            224.125,
            9.34039306640625,
            241.4375,
            0.0,
            235.25,
            8.930198669433594,
            230.4375,
            0.0,
            237.01483154296875
        ],
        "margin_left": [
            64,
            11,
            64,
            0,
            64,
            0,
            64,
            0,
            64,
            3,
            64,
            0,
            64,
            0,
            64,
            16,
            64,
            0,
            64,
            0
        ],
        "margin_right": [
            64,
            8,
            64,
            7,
            64,
            0,
            64,
            0,
            64,
            3,
            64,
            0,
            64,
            0,
            64,
            0,
            64,
            0,
            64,
            0
        ],
        "margin_top": [
            36,
            0,
            36,
            0,
            36,
            0,
            36,
            0,
            36,
            0,
            36,
            0,
            36,
            0,
            36,
            0,
            36,
            0,
            36,
            1
        ],
        "margin_bottom": [
            36,
            3,
            36,
            0,
            36,
            0,
            36,
            0,
            36,
            0,
            36,
            0,
            36,
            0,
            36,
            0,
            36,
            0,
            36,
            4
        ],
        "background_color": [
            128.0,
            0.501960813999176,
            128.0,
            5.521568775177002,
            128.0,
            94.87059020996094,
            128.0,
            219.35687255859375,
            128.0,
            255.498046875,
            128.0,
            83.82745361328125,
            128.0,
            139.04315185546875,
            128.0,
            67.76470947265625,
            128.0,
            175.184326171875,
            128.0,
            255.498046875
        ],
        "background_proportion": [
            0.9960862395221413,
            0.46807180391593156,
            0.9225570369452364,
            0.07194010845463127,
            0.9960862395221413,
            0.00928073514518881,
            0.8836806742982886,
            0.023547703769003905,
            0.9344523226289662,
            0.38979087609793,
            0.938230433892217,
            0.02766927248255049,
            0.9353273733493664,
            0.02147250833281262,
            0.9960862395221411,
            0.026746963399798807,
            0.8850317027264598,
            0.011355930581380099,
            0.9960862395221411,
            0.5084228818668652
        ],
        "is_uniform": [
            true,
            false,
            true,
            false,
            true,
            false,
            true,
            false,
            true,
            false,
            true,
            false,
            true,
            false,
            true,
            false,
            true,
            false,
            true,
            false
        ],
        "bad_properties": [
            false,
            false,
            false,
            false,
            false,
            false,
            false,
            false,
            false,
            false,
            false,
            false,
            false,
            false,
            false,
            false,
            false,
            false,
            false,
            false
        ]
    }
}