{
    "recording": "dynamic29228-2-10-Video-8744edeac3b4d1ce16b680916b5267ce",
    "trial": "680",
    "trial_type": "final_test_bonus",
    "first_label": "NaturalImages",
    "label": "NaturalImages",
    "ID": null,
    "sampling_freq": 30,
    "valid_frames": 318,
    "n_peaks": 19,
    "segments_n_peaks": 20,
    "segments_bad_n": 0,
    "segments_avg_duration": 15.9,
    "segments": {
        "frame_start": [
            0,
            15,
            30,
            45,
            60,
            75,
            90,
            109,
            124,
            142,
            157,
            176,
            191,
            206,
            222,
            240,
            255,
            271,
            287,
            303
        ],
        "frame_end": [
            15,
            30,
            45,
            60,
            75,
            90,
            109,
            124,
            142,
            157,
            176,
            191,
            206,
            222,
            240,
            255,
            271,
            287,
            303,
            318
        ],
        "duration": [
            15,
            15,
            15,
            15,
            15,
            15,
            19,
            15,
            18,
            15,
            19,
            15,
            15,
            16,
            18,
            15,
            16,
            16,
            16,
            15
        ],
        "transition_start": [
            1,
            0,
            1,
            0,
            1,
            0,
            1,
            0,
            1,
            0,
            1,
            0,
            1,
            1,
            0,
            0,
            0,
            0,
            0,
            0
        ],
        "transition_end": [
            0,
            0,
            0,
            0,
            0,
            0,
            0,
            0,
            0,
            0,
            0,
            0,
            0,
            0,
            1,
            0,
            0,
            1,
            0,
            0
        ],
        "max_change": [
            40.19398806414251,
            0.045833334102073624,
            37.63644185072482,
            0.444411082349158,
            6.64186089783296,
            0.2530158966972067,
            9.284754383925524,
            0.8992399154554833,
            8.86363113397086,
            1.7763450916363581,
            6.386758539369566,
            2.46567324107587,
            0.0,
            4.609076308147501,
            4.037141620873399,
            5.685566563583835,
            8.86543877248697,
            7.95261104242531,
            1.8586022101899036,
            6.993638831491883
        ],
        "is_static": [
            true,
            true,
            true,
            true,
            true,
            true,
            true,
            true,
            true,
            true,
            true,
            true,
            true,
            true,
            true,
            true,
            true,
            true,
            true,
            true
        ],
        "intensity_range": [
            13.848258972167969,
            207.125,
            14.977432250976562,
            240.25,
            11.945213317871094,
            206.5625,
            12.554924011230469,
            238.1875,
            11.417213439941406,
            239.125,
            9.953338623046875,
            233.5,
            0.0,
            244.6875,
            8.17559814453125,
            233.3125,
            8.954734802246094,
            229.125,
            5.60986328125,
            238.625
        ],
        "margin_left": [
            64,
            4,
            64,
            0,
            64,
            0,
            64,
            0,
            64,
            0,
            64,
            0,
            64,
            0,
            64,
            0,
            64,
            0,
            64,
            0
        ],
        "margin_right": [
            64,
            6,
            64,
            0,
            64,
            0,
            64,
            0,
            64,
            0,
            64,
            0,
            64,
            0,
            64,
            0,
            64,
            0,
            64,
            0
        ],
        "margin_top": [
            36,
            4,
            36,
            0,
            36,
            0,
            36,
            0,
            36,
            0,
            36,
            0,
            36,
            0,
            36,
            0,
            36,
            0,
            36,
            0
        ],
        "margin_bottom": [
            36,
            0,
            36,
            0,
            36,
            0,
            36,
            0,
            36,
            1,
            36,
            0,
            36,
            0,
            36,
            0,
            36,
            0,
            36,
            0
        ],
        "background_color": [
            128.0,
            255.498046875,
            128.0,
            255.498046875,
            128.0,
            154.10195922851562,
            128.0,
            221.36471557617188,
            128.0,
            94.87059020996094,
            128.0,
            206.30587768554688,
            128.0,
            84.83137512207031,
            128.0,
            236.42352294921875,
            128.0,
            250.47842407226562,
            128.0,
            74.79216003417969
        ],
        "background_proportion": [
            0.9262959710040349,
            0.18803576424599935,
            0.9253695515104317,
            0.11459690353189662,
            0.9338308495520075,
            0.017235650983922077,
            0.9459120459852549,
            0.016601563489530295,
            0.9418925156551662,
            0.01830207086085371,
            0.9460321374010924,
            0.020089044708685097,
            0.9960862395221413,
            0.017610339048789947,
            0.9456054596648228,
            0.023778281039691828,
            0.8903817753020182,
            0.039947512146682275,
            0.9468547635995789,
            0.013315837382227424
        ],
        "is_uniform": [
            true,
            false,
            true,
            false,
            true,
            false,
            true,
            false,
            true,
            false,
            true,
            false,
            true,
            false,
            true,
            false,
            true,
            false,
            true,
            false
        ],
        "bad_properties": [
            false,
            false,
            false,
            false,
            false,
            false,
            false,
            false,
            false,
            false,
            false,
            false,
            false,
            false,
            false,
            false,
            false,
            false,
            false,
            false
        ]
    }
}