{
    "recording": "dynamic29228-2-10-Video-8744edeac3b4d1ce16b680916b5267ce",
    "trial": "694",
    "trial_type": "oracle",
    "first_label": "NaturalImages",
    "label": "NaturalImages",
    "ID": null,
    "sampling_freq": 30,
    "valid_frames": 319,
    "n_peaks": 19,
    "segments_n_peaks": 20,
    "segments_bad_n": 0,
    "segments_avg_duration": 15.95,
    "segments": {
        "frame_start": [
            0,
            15,
            30,
            48,
            63,
            80,
            96,
            115,
            130,
            147,
            163,
            176,
            192,
            206,
            221,
            240,
            255,
            271,
            287,
            304
        ],
        "frame_end": [
            15,
            30,
            48,
            63,
            80,
            96,
            115,
            130,
            147,
            163,
            176,
            192,
            206,
            221,
            240,
            255,
            271,
            287,
            304,
            319
        ],
        "duration": [
            15,
            15,
            18,
            15,
            17,
            16,
            19,
            15,
            17,
            16,
            13,
            16,
            14,
            15,
            19,
            15,
            16,
            16,
            17,
            15
        ],
        "transition_start": [
            1,
            0,
            0,
            0,
            0,
            1,
            0,
            0,
            1,
            1,
            0,
            1,
            0,
            0,
            1,
            0,
            0,
            0,
            0,
            0
        ],
        "transition_end": [
            0,
            0,
            0,
            0,
            0,
            0,
            0,
            0,
            0,
            0,
            0,
            0,
            0,
            0,
            1,
            0,
            0,
            1,
            1,
            0
        ],
        "max_change": [
            3.7825877703593154,
            0.004317133228141756,
            13.296139902727418,
            0.0341702089312245,
            23.03020126414665,
            8.597703343943445,
            2.6657047521774633,
            0.29697620625832616,
            0.0,
            6.862116990917558,
            2.0730542853272405,
            4.4501970013084,
            4.1686576392447074,
            2.7512562116269237,
            0.0,
            1.6204626999864962,
            3.523913077586965,
            7.276277186167489,
            0.0,
            7.532596107570498
        ],
        "is_static": [
            true,
            true,
            true,
            true,
            true,
            true,
            true,
            true,
            true,
            true,
            true,
            true,
            true,
            true,
            true,
            true,
            true,
            true,
            true,
            true
        ],
        "intensity_range": [
            15.294082641601562,
            228.75,
            28.674240112304688,
            176.625,
            33.09431457519531,
            236.5625,
            6.655517578125,
            128.4375,
            0.0,
            237.375,
            5.8190765380859375,
            201.5625,
            7.670066833496094,
            201.125,
            0.0,
            165.125,
            7.6739501953125,
            241.8125,
            0.0,
            223.88648986816406
        ],
        "margin_left": [
            64,
            0,
            64,
            0,
            64,
            0,
            64,
            0,
            64,
            0,
            64,
            0,
            64,
            0,
            64,
            0,
            64,
            0,
            64,
            0
        ],
        "margin_right": [
            64,
            0,
            64,
            0,
            64,
            0,
            64,
            0,
            64,
            0,
            64,
            0,
            64,
            0,
            64,
            0,
            64,
            0,
            64,
            0
        ],
        "margin_top": [
            36,
            0,
            36,
            0,
            36,
            0,
            36,
            0,
            36,
            0,
            36,
            0,
            36,
            0,
            36,
            0,
            36,
            0,
            36,
            0
        ],
        "margin_bottom": [
            36,
            0,
            36,
            0,
            36,
            0,
            36,
            0,
            36,
            0,
            36,
            0,
            36,
            0,
            36,
            0,
            36,
            0,
            36,
            0
        ],
        "background_color": [
            128.0,
            121.97647094726562,
            128.0,
            151.0902099609375,
            128.0,
            112.94117736816406,
            128.0,
            103.9058837890625,
            128.0,
            169.16079711914062,
            128.0,
            216.3450927734375,
            128.0,
            83.82745361328125,
            128.0,
            172.17254638671875,
            128.0,
            62.74509811401367,
            128.0,
            164.14117431640625
        ],
        "background_proportion": [
            0.9421377443446493,
            0.023345948657151977,
            0.9021267157709207,
            0.027352228735354603,
            0.9404175105006449,
            0.015246922024238758,
            0.926959092325772,
            0.016342164060006385,
            0.9960862395221413,
            0.016803318601382226,
            0.9314696675606188,
            0.016659207807202276,
            0.8776589475898677,
            0.014353435100323067,
            0.9960862395221411,
            0.01896498051408148,
            0.8898954050678766,
            0.014987522594714848,
            0.9960862395221413,
            0.014584012371010988
        ],
        "is_uniform": [
            true,
            false,
            true,
            false,
            true,
            false,
            true,
            false,
            true,
            false,
            true,
            false,
            true,
            false,
            true,
            false,
            true,
            false,
            true,
            false
        ],
        "bad_properties": [
            false,
            false,
            false,
            false,
            false,
            false,
            false,
            false,
            false,
            false,
            false,
            false,
            false,
            false,
            false,
            false,
            false,
            false,
            false,
            false
        ]
    }
}