{
    "recording": "dynamic29228-2-10-Video-8744edeac3b4d1ce16b680916b5267ce",
    "trial": "707",
    "trial_type": "train",
    "first_label": "NaturalImages",
    "label": "NaturalImages",
    "ID": null,
    "sampling_freq": 30,
    "valid_frames": 322,
    "n_peaks": 19,
    "segments_n_peaks": 20,
    "segments_bad_n": 0,
    "segments_avg_duration": 16.1,
    "segments": {
        "frame_start": [
            0,
            15,
            31,
            49,
            65,
            80,
            96,
            110,
            126,
            144,
            160,
            177,
            192,
            211,
            226,
            240,
            256,
            273,
            289,
            307
        ],
        "frame_end": [
            15,
            31,
            49,
            65,
            80,
            96,
            110,
            126,
            144,
            160,
            177,
            192,
            211,
            226,
            240,
            256,
            273,
            289,
            307,
            322
        ],
        "duration": [
            15,
            16,
            18,
            16,
            15,
            16,
            14,
            16,
            18,
            16,
            17,
            15,
            19,
            15,
            14,
            16,
            17,
            16,
            18,
            15
        ],
        "transition_start": [
            1,
            0,
            0,
            1,
            0,
            1,
            0,
            1,
            0,
            1,
            0,
            0,
            1,
            0,
            1,
            0,
            0,
            0,
            0,
            0
        ],
        "transition_end": [
            0,
            0,
            0,
            0,
            0,
            0,
            0,
            0,
            0,
            0,
            0,
            0,
            0,
            0,
            0,
            1,
            0,
            1,
            1,
            0
        ],
        "max_change": [
            0.0,
            38.78153006280003,
            0.08905449057440112,
            16.36418618679679,
            0.44361317261324174,
            14.613959759758371,
            1.0173467045088325,
            13.94856724695564,
            1.9885436334302793,
            5.63547215458574,
            7.258560993751164,
            2.8444797722156383,
            7.68330574768773,
            5.526800404324856,
            4.276118468266001,
            5.099194367611997,
            3.333503922564483,
            7.124385201628406,
            0.0,
            20.69949907468011
        ],
        "is_static": [
            true,
            true,
            true,
            true,
            true,
            true,
            true,
            true,
            true,
            true,
            true,
            true,
            true,
            true,
            true,
            true,
            true,
            true,
            true,
            true
        ],
        "intensity_range": [
            0.0,
            222.0625,
            1.0335617065429688,
            216.5625,
            2.1159210205078125,
            249.25,
            3.5961151123046875,
            235.0625,
            4.452857971191406,
            223.1875,
            8.909896850585938,
            209.625,
            5.735816955566406,
            153.375,
            7.084770202636719,
            214.4375,
            6.404136657714844,
            228.125,
            0.0,
            169.86260986328125
        ],
        "margin_left": [
            64,
            0,
            64,
            0,
            64,
            0,
            64,
            0,
            64,
            0,
            64,
            0,
            64,
            0,
            64,
            0,
            64,
            0,
            64,
            1
        ],
        "margin_right": [
            64,
            0,
            64,
            0,
            64,
            0,
            64,
            0,
            64,
            0,
            64,
            0,
            64,
            0,
            64,
            0,
            64,
            0,
            64,
            2
        ],
        "margin_top": [
            36,
            0,
            36,
            0,
            36,
            0,
            36,
            0,
            36,
            0,
            36,
            0,
            36,
            0,
            36,
            0,
            36,
            0,
            36,
            5
        ],
        "margin_bottom": [
            36,
            0,
            36,
            0,
            36,
            0,
            36,
            0,
            36,
            0,
            36,
            0,
            36,
            0,
            36,
            0,
            36,
            0,
            36,
            3
        ],
        "background_color": [
            128.0,
            29.615686416625977,
            128.0,
            57.72549057006836,
            128.0,
            61.74117660522461,
            128.0,
            39.654903411865234,
            128.0,
            136.0313720703125,
            128.0,
            18.57254981994629,
            128.0,
            0.501960813999176,
            128.0,
            39.654903411865234,
            128.0,
            190.24313354492188,
            128.0,
            255.498046875
        ],
        "background_proportion": [
            0.9960862395221413,
            0.009781520154964139,
            0.9942368317182445,
            0.0157080765656146,
            0.9479247781146904,
            0.01233588398180376,
            0.9402849053574429,
            0.019714356643817224,
            0.947833508638654,
            0.011701796487411978,
            0.9050173867921374,
            0.013805814082439256,
            0.9445189855615403,
            0.04398260916106598,
            0.9315029236450046,
            0.014526368053339006,
            0.940137768143753,
            0.039082847381602566,
            0.9960862395221411,
            0.3655802626756984
        ],
        "is_uniform": [
            true,
            false,
            true,
            false,
            true,
            false,
            true,
            false,
            true,
            false,
            true,
            false,
            true,
            false,
            true,
            false,
            true,
            false,
            true,
            false
        ],
        "bad_properties": [
            false,
            false,
            false,
            false,
            false,
            false,
            false,
            false,
            false,
            false,
            false,
            false,
            false,
            false,
            false,
            false,
            false,
            false,
            false,
            false
        ]
    }
}