{
    "recording": "dynamic29228-2-10-Video-8744edeac3b4d1ce16b680916b5267ce",
    "trial": "708",
    "trial_type": "train",
    "first_label": "NaturalImages",
    "label": "NaturalImages",
    "ID": null,
    "sampling_freq": 30,
    "valid_frames": 313,
    "n_peaks": 19,
    "segments_n_peaks": 20,
    "segments_bad_n": 0,
    "segments_avg_duration": 15.65,
    "segments": {
        "frame_start": [
            0,
            16,
            31,
            45,
            60,
            79,
            94,
            110,
            125,
            142,
            157,
            171,
            186,
            200,
            215,
            235,
            250,
            265,
            280,
            298
        ],
        "frame_end": [
            16,
            31,
            45,
            60,
            79,
            94,
            110,
            125,
            142,
            157,
            171,
            186,
            200,
            215,
            235,
            250,
            265,
            280,
            298,
            313
        ],
        "duration": [
            16,
            15,
            14,
            15,
            19,
            15,
            16,
            15,
            17,
            15,
            14,
            15,
            14,
            15,
            20,
            15,
            15,
            15,
            18,
            15
        ],
        "transition_start": [
            1,
            0,
            1,
            0,
            1,
            0,
            1,
            0,
            1,
            0,
            1,
            0,
            1,
            0,
            1,
            0,
            0,
            0,
            0,
            0
        ],
        "transition_end": [
            0,
            0,
            0,
            0,
            0,
            0,
            0,
            0,
            0,
            0,
            0,
            0,
            0,
            0,
            1,
            0,
            1,
            0,
            1,
            0
        ],
        "max_change": [
            33.88753928398364,
            0.044026112584813544,
            21.189049371859987,
            0.24933625664799466,
            8.79612041155196,
            0.378638432560946,
            23.857742557440183,
            2.3603126459995565,
            7.216701533298116,
            1.4412317045750518,
            6.935881520291029,
            2.4327838011981333,
            1.7310403726398564,
            1.0261236597591,
            0.0,
            1.1487241814679185,
            1.6317861196852543,
            1.3164881752859654,
            3.1948652291461914,
            5.540086253722422
        ],
        "is_static": [
            true,
            true,
            true,
            true,
            true,
            true,
            true,
            true,
            true,
            true,
            true,
            true,
            true,
            true,
            true,
            true,
            true,
            true,
            true,
            true
        ],
        "intensity_range": [
            14.292343139648438,
            214.25,
            14.881904602050781,
            238.6875,
            11.204460144042969,
            195.75,
            13.281867980957031,
            252.625,
            9.239631652832031,
            193.4375,
            10.016593933105469,
            230.75,
            7.299713134765625,
            186.9375,
            0.0,
            161.875,
            6.083305358886719,
            203.875,
            8.581680297851562,
            254.0625
        ],
        "margin_left": [
            64,
            0,
            64,
            0,
            64,
            0,
            64,
            0,
            64,
            3,
            64,
            0,
            64,
            0,
            64,
            0,
            64,
            0,
            64,
            0
        ],
        "margin_right": [
            64,
            0,
            64,
            0,
            64,
            6,
            64,
            0,
            64,
            2,
            64,
            0,
            64,
            0,
            64,
            0,
            64,
            0,
            64,
            0
        ],
        "margin_top": [
            36,
            0,
            36,
            0,
            36,
            0,
            36,
            0,
            36,
            0,
            36,
            0,
            36,
            0,
            36,
            0,
            36,
            0,
            36,
            0
        ],
        "margin_bottom": [
            36,
            0,
            36,
            0,
            36,
            0,
            36,
            0,
            36,
            0,
            36,
            0,
            36,
            0,
            36,
            0,
            36,
            0,
            36,
            0
        ],
        "background_color": [
            128.0,
            13.55294132232666,
            128.0,
            40.6588249206543,
            128.0,
            83.82745361328125,
            128.0,
            254.49411010742188,
            128.0,
            96.87843322753906,
            128.0,
            95.87451171875,
            128.0,
            140.04705810546875,
            128.0,
            95.87451171875,
            128.0,
            95.87451171875,
            128.0,
            253.49020385742188
        ],
        "background_proportion": [
            0.9317268479465353,
            0.026112875905407024,
            0.9233551829704945,
            0.01199001807577188,
            0.9464884847812746,
            0.06623332100510523,
            0.9316980260067343,
            0.04640367572594405,
            0.939883456910215,
            0.02089606515609282,
            0.9299066315944884,
            0.011672974328575988,
            0.939185079138114,
            0.01579454304212257,
            0.9960862395221411,
            0.02150133049164861,
            0.9383394244208763,
            0.015362210659582721,
            0.9489369368241724,
            0.025824654317047124
        ],
        "is_uniform": [
            true,
            false,
            true,
            false,
            true,
            false,
            true,
            false,
            true,
            false,
            true,
            false,
            true,
            false,
            true,
            false,
            true,
            false,
            true,
            false
        ],
        "bad_properties": [
            false,
            false,
            false,
            false,
            false,
            false,
            false,
            false,
            false,
            false,
            false,
            false,
            false,
            false,
            false,
            false,
            false,
            false,
            false,
            false
        ]
    }
}