{
    "recording": "dynamic29228-2-10-Video-8744edeac3b4d1ce16b680916b5267ce",
    "trial": "712",
    "trial_type": "train",
    "first_label": "NaturalImages",
    "label": "NaturalImages",
    "ID": null,
    "sampling_freq": 30,
    "valid_frames": 313,
    "n_peaks": 19,
    "segments_n_peaks": 20,
    "segments_bad_n": 0,
    "segments_avg_duration": 15.65,
    "segments": {
        "frame_start": [
            0,
            16,
            31,
            45,
            60,
            79,
            94,
            110,
            125,
            142,
            157,
            171,
            186,
            200,
            215,
            235,
            250,
            265,
            280,
            298
        ],
        "frame_end": [
            16,
            31,
            45,
            60,
            79,
            94,
            110,
            125,
            142,
            157,
            171,
            186,
            200,
            215,
            235,
            250,
            265,
            280,
            298,
            313
        ],
        "duration": [
            16,
            15,
            14,
            15,
            19,
            15,
            16,
            15,
            17,
            15,
            14,
            15,
            14,
            15,
            20,
            15,
            15,
            15,
            18,
            15
        ],
        "transition_start": [
            1,
            0,
            1,
            0,
            1,
            0,
            1,
            0,
            1,
            0,
            1,
            0,
            1,
            0,
            1,
            0,
            0,
            0,
            0,
            0
        ],
        "transition_end": [
            0,
            0,
            0,
            0,
            0,
            0,
            0,
            0,
            0,
            0,
            0,
            0,
            0,
            0,
            1,
            0,
            1,
            0,
            1,
            0
        ],
        "max_change": [
            33.88753928398364,
            0.04406221193883337,
            21.18971938201566,
            0.24933625664799466,
            8.795211487068904,
            0.37882696940386673,
            23.859529476934792,
            2.3605936624572528,
            7.216999350641597,
            1.442030222072036,
            6.9346228296583625,
            2.4335297789072126,
            1.73086560668705,
            1.026594639466162,
            0.0,
            1.148508989532325,
            1.6324710430999403,
            1.315912039533714,
            3.195313759851514,
            5.537118091148977
        ],
        "is_static": [
            true,
            true,
            true,
            true,
            true,
            true,
            true,
            true,
            true,
            true,
            true,
            true,
            true,
            true,
            true,
            true,
            true,
            true,
            true,
            true
        ],
        "intensity_range": [
            14.292343139648438,
            214.25,
            14.88214111328125,
            238.6875,
            11.203880310058594,
            195.75,
            13.282356262207031,
            252.625,
            9.239822387695312,
            193.4375,
            10.015678405761719,
            230.75,
            7.2993621826171875,
            186.9375,
            0.0,
            161.875,
            6.0845947265625,
            203.875,
            8.582290649414062,
            254.0625
        ],
        "margin_left": [
            64,
            0,
            64,
            0,
            64,
            0,
            64,
            0,
            64,
            3,
            64,
            0,
            64,
            0,
            64,
            0,
            64,
            0,
            64,
            0
        ],
        "margin_right": [
            64,
            0,
            64,
            0,
            64,
            6,
            64,
            0,
            64,
            2,
            64,
            0,
            64,
            0,
            64,
            0,
            64,
            0,
            64,
            0
        ],
        "margin_top": [
            36,
            0,
            36,
            0,
            36,
            0,
            36,
            0,
            36,
            0,
            36,
            0,
            36,
            0,
            36,
            0,
            36,
            0,
            36,
            0
        ],
        "margin_bottom": [
            36,
            0,
            36,
            0,
            36,
            0,
            36,
            0,
            36,
            0,
            36,
            0,
            36,
            0,
            36,
            0,
            36,
            0,
            36,
            0
        ],
        "background_color": [
            128.0,
            13.55294132232666,
            128.0,
            40.6588249206543,
            128.0,
            83.82745361328125,
            128.0,
            254.49411010742188,
            128.0,
            96.87843322753906,
            128.0,
            95.87451171875,
            128.0,
            140.04705810546875,
            128.0,
            95.87451171875,
            128.0,
            95.87451171875,
            128.0,
            253.49020385742188
        ],
        "background_proportion": [
            0.9317268479465353,
            0.026112875905407024,
            0.9233551829704945,
            0.01199001807577188,
            0.9464884847812746,
            0.06623332100510523,
            0.9316980260067343,
            0.04640367572594405,
            0.939883456910215,
            0.02089606515609282,
            0.9299066315944884,
            0.011672974328575988,
            0.939185079138114,
            0.01579454304212257,
            0.9960862395221411,
            0.02150133049164861,
            0.9383394244208763,
            0.015362210659582721,
            0.9489369368241724,
            0.025824654317047124
        ],
        "is_uniform": [
            true,
            false,
            true,
            false,
            true,
            false,
            true,
            false,
            true,
            false,
            true,
            false,
            true,
            false,
            true,
            false,
            true,
            false,
            true,
            false
        ],
        "bad_properties": [
            false,
            false,
            false,
            false,
            false,
            false,
            false,
            false,
            false,
            false,
            false,
            false,
            false,
            false,
            false,
            false,
            false,
            false,
            false,
            false
        ]
    }
}