{
    "recording": "dynamic29228-2-10-Video-8744edeac3b4d1ce16b680916b5267ce",
    "trial": "75",
    "trial_type": "final_test_bonus",
    "first_label": "NaturalVideo",
    "label": "NaturalVideo",
    "ID": null,
    "sampling_freq": 30,
    "valid_frames": 300,
    "peaks": [
        19,
        75,
        115,
        153,
        228
    ],
    "n_peaks": 5,
    "segments_n_peaks": 6,
    "segments_bad_n": 0,
    "segments_avg_duration": 50.0,
    "segments": {
        "frame_start": [
            0,
            20,
            76,
            116,
            154,
            229
        ],
        "frame_end": [
            20,
            76,
            116,
            154,
            229,
            300
        ],
        "duration": [
            20,
            56,
            40,
            38,
            75,
            71
        ],
        "transition_start": [
            0,
            0,
            0,
            0,
            0,
            0
        ],
        "transition_end": [
            0,
            0,
            0,
            0,
            0,
            0
        ],
        "max_change": [
            0.7413901637779013,
            3.7636868958170604,
            115.74098749272282,
            33.605883229205524,
            1170.3585705155797,
            671.9018781735099
        ],
        "is_static": [
            true,
            true,
            false,
            true,
            false,
            false
        ],
        "intensity_range": [
            248.8125,
            153.84854125976562,
            192.3125,
            111.94351959228516,
            202.7377166748047,
            243.02639770507812
        ],
        "margin_left": [
            0,
            21,
            0,
            20,
            0,
            0
        ],
        "margin_right": [
            8,
            0,
            0,
            3,
            0,
            0
        ],
        "margin_top": [
            0,
            0,
            0,
            0,
            0,
            0
        ],
        "margin_bottom": [
            0,
            0,
            0,
            0,
            0,
            0
        ],
        "background_color": [
            8.533333778381348,
            2.5098040103912354,
            15.560785293579102,
            3.513725757598877,
            10.541176795959473,
            9.53725528717041
        ],
        "background_proportion": [
            0.05010732313636878,
            0.12216477895197517,
            0.049350694586276986,
            0.11766264311522906,
            0.053522748958433605,
            0.03989636296339586
        ],
        "is_uniform": [
            false,
            false,
            false,
            false,
            false,
            false
        ],
        "bad_properties": [
            false,
            false,
            false,
            false,
            false,
            false
        ]
    }
}