{
    "recording": "dynamic29514-2-9-Video-8744edeac3b4d1ce16b680916b5267ce",
    "trial": "117",
    "trial_type": "live_test_main",
    "first_label": "Gabor",
    "label": "Gabor",
    "ID": null,
    "sampling_freq": 30,
    "valid_frames": 300,
    "peaks": [
        24,
        49,
        74,
        99,
        124,
        149,
        174,
        199,
        224,
        249,
        274
    ],
    "n_peaks": 11,
    "segments_n_peaks": 12,
    "segments_bad_n": 0,
    "segments_avg_duration": 25.0,
    "segments": {
        "frame_start": [
            0,
            25,
            50,
            75,
            100,
            125,
            150,
            175,
            200,
            225,
            250,
            275
        ],
        "frame_end": [
            25,
            50,
            75,
            100,
            125,
            150,
            175,
            200,
            225,
            250,
            275,
            300
        ],
        "duration": [
            25,
            25,
            25,
            25,
            25,
            25,
            25,
            25,
            25,
            25,
            25,
            25
        ],
        "transition_start": [
            0,
            0,
            0,
            0,
            0,
            0,
            0,
            0,
            0,
            0,
            0,
            0
        ],
        "transition_end": [
            0,
            0,
            0,
            0,
            0,
            0,
            0,
            0,
            0,
            0,
            0,
            0
        ],
        "max_change": [
            9.46056296846023,
            37.16236631992183,
            80.66709708432728,
            208.42056680277358,
            11.108943370078704,
            14.088806637873404,
            28.652972350899795,
            28.40215102817486,
            36.25184531416815,
            36.78137649457514,
            36.37937237940676,
            31.714024433713146
        ],
        "is_static": [
            true,
            true,
            false,
            false,
            true,
            true,
            true,
            true,
            true,
            true,
            true,
            true
        ],
        "intensity_range": [
            217.6974334716797,
            216.98971557617188,
            215.5051727294922,
            176.26754760742188,
            216.99539184570312,
            223.45936584472656,
            189.95022583007812,
            188.81607055664062,
            214.03431701660156,
            222.91156005859375,
            223.00772094726562,
            221.31895446777344
        ],
        "margin_left": [
            22,
            22,
            22,
            23,
            22,
            22,
            23,
            23,
            22,
            22,
            22,
            22
        ],
        "margin_right": [
            22,
            22,
            22,
            23,
            22,
            22,
            22,
            23,
            22,
            22,
            22,
            22
        ],
        "margin_top": [
            8,
            8,
            8,
            9,
            8,
            8,
            9,
            9,
            8,
            8,
            8,
            8
        ],
        "margin_bottom": [
            8,
            8,
            8,
            9,
            8,
            8,
            8,
            9,
            8,
            8,
            8,
            8
        ],
        "background_color": [
            128.0,
            128.0,
            128.0,
            128.0,
            128.0,
            128.0,
            128.0,
            128.0,
            128.0,
            128.0,
            128.0,
            128.0
        ],
        "background_proportion": [
            0.6432884031941689,
            0.6402448063511846,
            0.6414034483311843,
            0.649185372077451,
            0.641334275675662,
            0.6376681249329763,
            0.6467470359702875,
            0.6437380254550644,
            0.6431154715553631,
            0.6385500762908866,
            0.6389824053879014,
            0.6422335201974528
        ],
        "is_uniform": [
            false,
            false,
            false,
            false,
            false,
            false,
            false,
            false,
            false,
            false,
            false,
            false
        ],
        "bad_properties": [
            false,
            false,
            false,
            false,
            false,
            false,
            false,
            false,
            false,
            false,
            false,
            false
        ]
    }
}