{
    "recording": "dynamic29514-2-9-Video-8744edeac3b4d1ce16b680916b5267ce",
    "trial": "156",
    "trial_type": "final_test_main",
    "first_label": "NaturalVideo",
    "label": "NaturalVideo",
    "ID": null,
    "sampling_freq": 30,
    "valid_frames": 300,
    "peaks": [
        110,
        154,
        185,
        274
    ],
    "n_peaks": 4,
    "segments_n_peaks": 5,
    "segments_bad_n": 0,
    "segments_avg_duration": 60.0,
    "segments": {
        "frame_start": [
            0,
            111,
            155,
            186,
            275
        ],
        "frame_end": [
            111,
            155,
            186,
            275,
            300
        ],
        "duration": [
            111,
            44,
            31,
            89,
            25
        ],
        "transition_start": [
            0,
            0,
            0,
            0,
            0
        ],
        "transition_end": [
            0,
            0,
            0,
            0,
            0
        ],
        "max_change": [
            47.48933698967898,
            28.84311523349439,
            19.207089260962675,
            28.772310321056768,
            146.92670470688938
        ],
        "is_static": [
            true,
            true,
            true,
            true,
            false
        ],
        "intensity_range": [
            147.2518310546875,
            159.97064208984375,
            159.9110107421875,
            169.6676025390625,
            219.55775451660156
        ],
        "margin_left": [
            0,
            0,
            0,
            0,
            0
        ],
        "margin_right": [
            0,
            3,
            3,
            2,
            0
        ],
        "margin_top": [
            0,
            0,
            0,
            0,
            0
        ],
        "margin_bottom": [
            0,
            0,
            0,
            0,
            0
        ],
        "background_color": [
            2.5098040103912354,
            3.513725757598877,
            3.513725757598877,
            3.513725757598877,
            1.5058825016021729
        ],
        "background_proportion": [
            0.038317891706550075,
            0.12324417696283488,
            0.1218898105171829,
            0.11204692547639623,
            0.08003336115232505
        ],
        "is_uniform": [
            false,
            false,
            false,
            false,
            false
        ],
        "bad_properties": [
            false,
            false,
            false,
            false,
            false
        ]
    }
}