{
    "recording": "dynamic29514-2-9-Video-8744edeac3b4d1ce16b680916b5267ce",
    "trial": "16",
    "trial_type": "final_test_bonus",
    "first_label": "NaturalVideo",
    "label": "NaturalVideo",
    "ID": null,
    "sampling_freq": 30,
    "valid_frames": 300,
    "n_peaks": 3,
    "segments_n_peaks": 4,
    "segments_bad_n": 0,
    "segments_avg_duration": 75.0,
    "segments": {
        "frame_start": [
            0,
            20,
            62,
            120
        ],
        "frame_end": [
            20,
            62,
            120,
            300
        ],
        "duration": [
            20,
            42,
            58,
            180
        ],
        "transition_start": [
            0,
            0,
            0,
            0
        ],
        "transition_end": [
            0,
            0,
            0,
            0
        ],
        "max_change": [
            691.137730858677,
            898.978093812946,
            1747.0931361530165,
            784.5598125837924
        ],
        "is_static": [
            false,
            false,
            false,
            false
        ],
        "intensity_range": [
            230.82398986816406,
            229.28260803222656,
            219.10678100585938,
            226.4578094482422
        ],
        "margin_left": [
            0,
            0,
            0,
            0
        ],
        "margin_right": [
            0,
            0,
            0,
            0
        ],
        "margin_top": [
            0,
            0,
            0,
            0
        ],
        "margin_bottom": [
            0,
            0,
            0,
            0
        ],
        "background_color": [
            223.37255859375,
            216.3450927734375,
            216.3450927734375,
            216.3450927734375
        ],
        "background_proportion": [
            0.02691269081310575,
            0.02239893486682659,
            0.04114611640724103,
            0.028397031993159242
        ],
        "is_uniform": [
            false,
            false,
            false,
            false
        ],
        "bad_properties": [
            false,
            false,
            false,
            false
        ]
    }
}