{
    "recording": "dynamic29514-2-9-Video-8744edeac3b4d1ce16b680916b5267ce",
    "trial": "161",
    "trial_type": "train",
    "first_label": "Gabor",
    "label": "Gabor",
    "ID": null,
    "sampling_freq": 30,
    "valid_frames": 300,
    "n_peaks": 11,
    "segments_n_peaks": 12,
    "segments_bad_n": 0,
    "segments_avg_duration": 25.0,
    "segments": {
        "frame_start": [
            0,
            25,
            50,
            75,
            100,
            125,
            150,
            175,
            200,
            225,
            250,
            275
        ],
        "frame_end": [
            25,
            50,
            75,
            100,
            125,
            150,
            175,
            200,
            225,
            250,
            275,
            300
        ],
        "duration": [
            25,
            25,
            25,
            25,
            25,
            25,
            25,
            25,
            25,
            25,
            25,
            25
        ],
        "transition_start": [
            0,
            0,
            0,
            0,
            0,
            0,
            0,
            0,
            0,
            0,
            0,
            0
        ],
        "transition_end": [
            0,
            0,
            0,
            0,
            0,
            0,
            0,
            0,
            0,
            0,
            0,
            0
        ],
        "max_change": [
            82.27074107687456,
            9.451015076106513,
            28.907055217362263,
            208.4197894246126,
            11.669292097529073,
            11.543420700844612,
            187.53875833803644,
            28.571913878720277,
            28.720774838151403,
            21.81819708900692,
            76.17441957212317,
            42.68302250395985
        ],
        "is_static": [
            false,
            true,
            true,
            false,
            true,
            true,
            false,
            true,
            true,
            true,
            false,
            true
        ],
        "intensity_range": [
            217.46658325195312,
            217.23175048828125,
            191.22067260742188,
            178.39283752441406,
            223.18612670898438,
            216.99224853515625,
            174.82821655273438,
            189.88693237304688,
            221.90245056152344,
            219.51107788085938,
            209.405517578125,
            189.2005157470703
        ],
        "margin_left": [
            22,
            22,
            23,
            23,
            22,
            22,
            23,
            23,
            22,
            24,
            22,
            23
        ],
        "margin_right": [
            22,
            22,
            22,
            23,
            22,
            22,
            23,
            22,
            22,
            23,
            22,
            22
        ],
        "margin_top": [
            8,
            8,
            9,
            9,
            8,
            8,
            9,
            9,
            8,
            8,
            8,
            9
        ],
        "margin_bottom": [
            8,
            8,
            8,
            9,
            8,
            8,
            9,
            8,
            8,
            8,
            8,
            9
        ],
        "background_color": [
            128.0,
            128.0,
            128.0,
            128.0,
            128.0,
            128.0,
            128.0,
            128.0,
            128.0,
            128.0,
            128.0,
            128.0
        ],
        "background_proportion": [
            0.6389478190601402,
            0.6410057055619307,
            0.6457786187929743,
            0.6486838703249139,
            0.6378583497356629,
            0.6429598330804378,
            0.6506898773350627,
            0.6473350035422277,
            0.6410402918896919,
            0.6420260022308857,
            0.6428906604249153,
            0.6477154531476007
        ],
        "is_uniform": [
            false,
            false,
            false,
            false,
            false,
            false,
            false,
            false,
            false,
            false,
            false,
            false
        ],
        "bad_properties": [
            false,
            false,
            false,
            false,
            false,
            false,
            false,
            false,
            false,
            false,
            false,
            false
        ]
    }
}