{
    "recording": "dynamic29514-2-9-Video-8744edeac3b4d1ce16b680916b5267ce",
    "trial": "17",
    "trial_type": "oracle",
    "first_label": "NaturalVideo",
    "label": "NaturalVideo",
    "ID": null,
    "sampling_freq": 30,
    "valid_frames": 300,
    "peaks": [
        55,
        287
    ],
    "n_peaks": 2,
    "segments_n_peaks": 3,
    "segments_bad_n": 0,
    "segments_avg_duration": 100.0,
    "segments": {
        "frame_start": [
            0,
            56,
            288
        ],
        "frame_end": [
            56,
            288,
            300
        ],
        "duration": [
            56,
            232,
            12
        ],
        "transition_start": [
            0,
            0,
            1
        ],
        "transition_end": [
            0,
            0,
            0
        ],
        "max_change": [
            726.7430214258584,
            2662.59723089066,
            28.025629209384572
        ],
        "is_static": [
            false,
            false,
            true
        ],
        "intensity_range": [
            231.6384735107422,
            239.171630859375,
            203.82078552246094
        ],
        "margin_left": [
            0,
            0,
            0
        ],
        "margin_right": [
            0,
            0,
            0
        ],
        "margin_top": [
            0,
            0,
            0
        ],
        "margin_bottom": [
            0,
            0,
            0
        ],
        "background_color": [
            10.541176795959473,
            159.12158203125,
            159.12158203125
        ],
        "background_proportion": [
            0.015201115378945848,
            0.010640594415097205,
            0.015288845164363836
        ],
        "is_uniform": [
            false,
            false,
            false
        ],
        "bad_properties": [
            false,
            false,
            false
        ]
    }
}