{
    "recording": "dynamic29514-2-9-Video-8744edeac3b4d1ce16b680916b5267ce",
    "trial": "180",
    "trial_type": "train",
    "first_label": "Gabor",
    "label": "Gabor",
    "ID": null,
    "sampling_freq": 30,
    "valid_frames": 300,
    "peaks": [
        24,
        49,
        74,
        99,
        124,
        149,
        174,
        199,
        224
    ],
    "n_peaks": 9,
    "segments_n_peaks": 10,
    "segments_bad_n": 0,
    "segments_avg_duration": 25.0,
    "segments": {
        "frame_start": [
            0,
            25,
            50,
            75,
            100,
            125,
            150,
            175,
            200,
            225,
            250,
            275
        ],
        "frame_end": [
            25,
            50,
            75,
            100,
            125,
            150,
            175,
            200,
            225,
            250,
            275,
            300
        ],
        "duration": [
            25,
            25,
            25,
            25,
            25,
            25,
            25,
            25,
            25,
            25,
            25,
            25
        ],
        "transition_start": [
            0,
            0,
            0,
            0,
            0,
            0,
            0,
            0,
            0,
            0,
            0,
            0
        ],
        "transition_end": [
            0,
            0,
            0,
            0,
            0,
            0,
            0,
            0,
            0,
            0,
            0,
            0
        ],
        "max_change": [
            82.27892167534436,
            37.13404843812199,
            107.28153788700274,
            4.587764080029122,
            12.689730116961123,
            78.63633955709153,
            36.44478271159957,
            100.40624181658518,
            36.25561655010935,
            97.6216379151156,
            168.04814521808254,
            38.30464275854365
        ],
        "is_static": [
            false,
            true,
            false,
            true,
            true,
            false,
            true,
            false,
            true,
            false,
            false,
            true
        ],
        "intensity_range": [
            216.62939453125,
            216.59194946289062,
            188.39361572265625,
            219.6874542236328,
            223.186279296875,
            212.22494506835938,
            214.1210479736328,
            182.2847137451172,
            214.23526000976562,
            181.39320373535156,
            162.28262329101562,
            188.0064697265625
        ],
        "margin_left": [
            22,
            22,
            23,
            22,
            22,
            22,
            22,
            23,
            22,
            23,
            23,
            23
        ],
        "margin_right": [
            22,
            22,
            23,
            22,
            22,
            22,
            22,
            23,
            22,
            23,
            23,
            23
        ],
        "margin_top": [
            8,
            8,
            9,
            9,
            8,
            8,
            8,
            9,
            8,
            9,
            9,
            9
        ],
        "margin_bottom": [
            8,
            8,
            9,
            9,
            8,
            8,
            8,
            9,
            8,
            9,
            9,
            9
        ],
        "background_color": [
            128.0,
            128.0,
            128.0,
            128.0,
            128.0,
            128.0,
            128.0,
            128.0,
            128.0,
            128.0,
            128.0,
            128.0
        ],
        "background_proportion": [
            0.6406425491204383,
            0.6442741135353627,
            0.6451387717293924,
            0.6409711192341696,
            0.6380139882105882,
            0.6403831516622294,
            0.6397087182708863,
            0.6490470267664064,
            0.6402275131873041,
            0.6470756060840188,
            0.6502229619102866,
            0.6502229619102866
        ],
        "is_uniform": [
            false,
            false,
            false,
            false,
            false,
            false,
            false,
            false,
            false,
            false,
            false,
            false
        ],
        "bad_properties": [
            false,
            false,
            false,
            false,
            false,
            false,
            false,
            false,
            false,
            false,
            false,
            false
        ]
    }
}