{
    "recording": "dynamic29514-2-9-Video-8744edeac3b4d1ce16b680916b5267ce",
    "trial": "200",
    "trial_type": "train",
    "first_label": "NaturalVideo",
    "label": "NaturalVideo",
    "ID": null,
    "sampling_freq": 30,
    "valid_frames": 300,
    "peaks": [
        151,
        241
    ],
    "n_peaks": 2,
    "segments_n_peaks": 3,
    "segments_bad_n": 0,
    "segments_avg_duration": 100.0,
    "segments": {
        "frame_start": [
            0,
            152,
            242
        ],
        "frame_end": [
            152,
            242,
            300
        ],
        "duration": [
            152,
            90,
            58
        ],
        "transition_start": [
            0,
            1,
            1
        ],
        "transition_end": [
            0,
            0,
            3
        ],
        "max_change": [
            3150.3692897710093,
            30.552428418780575,
            20.162769691048936
        ],
        "is_static": [
            false,
            true,
            true
        ],
        "intensity_range": [
            221.0117950439453,
            159.65293884277344,
            218.50575256347656
        ],
        "margin_left": [
            0,
            0,
            0
        ],
        "margin_right": [
            0,
            0,
            0
        ],
        "margin_top": [
            0,
            0,
            0
        ],
        "margin_bottom": [
            0,
            0,
            0
        ],
        "background_color": [
            4.5176472663879395,
            3.513725757598877,
            13.55294132232666
        ],
        "background_proportion": [
            0.02854531441559177,
            0.21663247587554696,
            0.028565961868559073
        ],
        "is_uniform": [
            false,
            false,
            false
        ],
        "bad_properties": [
            false,
            false,
            false
        ]
    }
}