{
    "recording": "dynamic29514-2-9-Video-8744edeac3b4d1ce16b680916b5267ce",
    "trial": "216",
    "trial_type": "final_test_main",
    "first_label": "NaturalVideo",
    "label": "NaturalVideo",
    "ID": null,
    "sampling_freq": 30,
    "valid_frames": 300,
    "n_peaks": 2,
    "segments_n_peaks": 3,
    "segments_bad_n": 0,
    "segments_avg_duration": 100.0,
    "segments": {
        "frame_start": [
            0,
            35,
            283
        ],
        "frame_end": [
            35,
            283,
            300
        ],
        "duration": [
            35,
            248,
            17
        ],
        "transition_start": [
            0,
            0,
            0
        ],
        "transition_end": [
            0,
            0,
            0
        ],
        "max_change": [
            435.2484676474956,
            267.06193622927134,
            270.4465007305165
        ],
        "is_static": [
            false,
            false,
            false
        ],
        "intensity_range": [
            235.8592987060547,
            202.9154510498047,
            197.07147216796875
        ],
        "margin_left": [
            0,
            0,
            0
        ],
        "margin_right": [
            0,
            0,
            0
        ],
        "margin_top": [
            0,
            0,
            0
        ],
        "margin_bottom": [
            0,
            0,
            0
        ],
        "background_color": [
            20.580392837524414,
            136.0313720703125,
            122.98039245605469
        ],
        "background_proportion": [
            0.010857718978643696,
            0.01838632918809602,
            0.015970866837354512
        ],
        "is_uniform": [
            false,
            false,
            false
        ],
        "bad_properties": [
            false,
            false,
            false
        ]
    }
}