{
    "recording": "dynamic29514-2-9-Video-8744edeac3b4d1ce16b680916b5267ce",
    "trial": "217",
    "trial_type": "live_test_main",
    "first_label": "NaturalVideo",
    "label": "NaturalVideo",
    "ID": null,
    "sampling_freq": 30,
    "valid_frames": 300,
    "n_peaks": 2,
    "segments_n_peaks": 3,
    "segments_bad_n": 0,
    "segments_avg_duration": 100.0,
    "segments": {
        "frame_start": [
            0,
            218,
            284
        ],
        "frame_end": [
            218,
            284,
            300
        ],
        "duration": [
            218,
            66,
            16
        ],
        "transition_start": [
            0,
            0,
            1
        ],
        "transition_end": [
            0,
            0,
            0
        ],
        "max_change": [
            1063.526987454497,
            271.80317604395754,
            1.4235476329945191
        ],
        "is_static": [
            false,
            false,
            true
        ],
        "intensity_range": [
            176.1875,
            122.64228057861328,
            142.7471466064453
        ],
        "margin_left": [
            0,
            0,
            0
        ],
        "margin_right": [
            0,
            0,
            0
        ],
        "margin_top": [
            0,
            0,
            0
        ],
        "margin_bottom": [
            0,
            0,
            0
        ],
        "background_color": [
            0.501960813999176,
            3.513725757598877,
            36.64313888549805
        ],
        "background_proportion": [
            0.1382392544901192,
            0.0810033480731572,
            0.029485068489217867
        ],
        "is_uniform": [
            false,
            false,
            false
        ],
        "bad_properties": [
            false,
            false,
            false
        ]
    }
}