{
    "recording": "dynamic29514-2-9-Video-8744edeac3b4d1ce16b680916b5267ce",
    "trial": "305",
    "trial_type": "live_test_main",
    "first_label": "NaturalVideo",
    "label": "NaturalVideo",
    "ID": null,
    "sampling_freq": 30,
    "valid_frames": 300,
    "peaks": [
        144,
        263
    ],
    "n_peaks": 2,
    "segments_n_peaks": 3,
    "segments_bad_n": 0,
    "segments_avg_duration": 100.0,
    "segments": {
        "frame_start": [
            0,
            145,
            264
        ],
        "frame_end": [
            145,
            264,
            300
        ],
        "duration": [
            145,
            119,
            36
        ],
        "transition_start": [
            0,
            0,
            0
        ],
        "transition_end": [
            0,
            0,
            0
        ],
        "max_change": [
            671.1746090436465,
            36.548119524900244,
            1568.0156969222007
        ],
        "is_static": [
            false,
            true,
            false
        ],
        "intensity_range": [
            155.1809539794922,
            109.40087890625,
            236.1394500732422
        ],
        "margin_left": [
            0,
            0,
            0
        ],
        "margin_right": [
            0,
            0,
            0
        ],
        "margin_top": [
            0,
            0,
            0
        ],
        "margin_bottom": [
            0,
            0,
            0
        ],
        "background_color": [
            4.5176472663879395,
            17.568628311157227,
            248.4705810546875
        ],
        "background_proportion": [
            0.08787677455584167,
            0.03138587775430064,
            0.0089228600063086
        ],
        "is_uniform": [
            false,
            false,
            false
        ],
        "bad_properties": [
            false,
            false,
            false
        ]
    }
}