{
    "recording": "dynamic29514-2-9-Video-8744edeac3b4d1ce16b680916b5267ce",
    "trial": "322",
    "trial_type": "train",
    "first_label": "NaturalVideo",
    "label": "NaturalVideo",
    "ID": null,
    "sampling_freq": 30,
    "valid_frames": 300,
    "peaks": [
        96,
        223,
        281
    ],
    "n_peaks": 3,
    "segments_n_peaks": 4,
    "segments_bad_n": 0,
    "segments_avg_duration": 75.0,
    "segments": {
        "frame_start": [
            0,
            97,
            224,
            282
        ],
        "frame_end": [
            97,
            224,
            282,
            300
        ],
        "duration": [
            97,
            127,
            58,
            18
        ],
        "transition_start": [
            0,
            0,
            0,
            0
        ],
        "transition_end": [
            0,
            0,
            0,
            0
        ],
        "max_change": [
            10941.017397197862,
            916.5435524432456,
            509.80106361179554,
            590.0219455184986
        ],
        "is_static": [
            false,
            false,
            false,
            false
        ],
        "intensity_range": [
            250.4113006591797,
            254.0,
            251.49351501464844,
            196.6171112060547
        ],
        "margin_left": [
            0,
            0,
            0,
            0
        ],
        "margin_right": [
            0,
            0,
            0,
            0
        ],
        "margin_top": [
            0,
            0,
            0,
            0
        ],
        "margin_bottom": [
            0,
            0,
            0,
            0
        ],
        "background_color": [
            244.45489501953125,
            255.498046875,
            65.75686645507812,
            150.08627319335938
        ],
        "background_proportion": [
            0.03149340840233598,
            0.0963352290826398,
            0.009481496389494673,
            0.023994447230961752
        ],
        "is_uniform": [
            false,
            false,
            false,
            false
        ],
        "bad_properties": [
            false,
            false,
            false,
            false
        ]
    }
}