{
    "recording": "dynamic29514-2-9-Video-8744edeac3b4d1ce16b680916b5267ce",
    "trial": "338",
    "trial_type": "final_test_main",
    "first_label": "NaturalVideo",
    "label": "NaturalVideo",
    "ID": null,
    "sampling_freq": 30,
    "valid_frames": 300,
    "n_peaks": 2,
    "segments_n_peaks": 3,
    "segments_bad_n": 0,
    "segments_avg_duration": 100.0,
    "segments": {
        "frame_start": [
            0,
            69,
            293
        ],
        "frame_end": [
            69,
            293,
            300
        ],
        "duration": [
            69,
            224,
            7
        ],
        "transition_start": [
            0,
            0,
            0
        ],
        "transition_end": [
            0,
            0,
            0
        ],
        "max_change": [
            211.67586479330234,
            1789.709513628689,
            544.2934530417309
        ],
        "is_static": [
            false,
            false,
            false
        ],
        "intensity_range": [
            250.85537719726562,
            249.1409149169922,
            229.31065368652344
        ],
        "margin_left": [
            0,
            0,
            0
        ],
        "margin_right": [
            0,
            0,
            0
        ],
        "margin_top": [
            0,
            0,
            0
        ],
        "margin_bottom": [
            0,
            0,
            0
        ],
        "background_color": [
            13.55294132232666,
            5.521568775177002,
            56.7215690612793
        ],
        "background_proportion": [
            0.010557682095357242,
            0.01026403397476308,
            0.011178880177101874
        ],
        "is_uniform": [
            false,
            false,
            false
        ],
        "bad_properties": [
            false,
            false,
            false
        ]
    }
}