{
    "recording": "dynamic29514-2-9-Video-8744edeac3b4d1ce16b680916b5267ce",
    "trial": "340",
    "trial_type": "final_test_bonus",
    "first_label": "NaturalVideo",
    "label": "NaturalVideo",
    "ID": null,
    "sampling_freq": 30,
    "valid_frames": 300,
    "n_peaks": 7,
    "segments_n_peaks": 8,
    "segments_bad_n": 0,
    "segments_avg_duration": 37.5,
    "segments": {
        "frame_start": [
            0,
            7,
            67,
            115,
            147,
            197,
            240,
            289
        ],
        "frame_end": [
            7,
            67,
            115,
            147,
            197,
            240,
            289,
            300
        ],
        "duration": [
            7,
            60,
            48,
            32,
            50,
            43,
            49,
            11
        ],
        "transition_start": [
            0,
            0,
            0,
            0,
            0,
            0,
            0,
            1
        ],
        "transition_end": [
            0,
            0,
            0,
            0,
            0,
            0,
            0,
            0
        ],
        "max_change": [
            138.01990004554966,
            246.23918121235178,
            93.61348094380726,
            52.7289444231931,
            63.427895651270354,
            79.45646647666558,
            151.51059989732366,
            44.77969866380168
        ],
        "is_static": [
            false,
            false,
            false,
            false,
            false,
            false,
            false,
            true
        ],
        "intensity_range": [
            86.6495361328125,
            212.4729766845703,
            142.03883361816406,
            127.33526611328125,
            191.89076232910156,
            102.625,
            121.5,
            90.41603088378906
        ],
        "margin_left": [
            0,
            0,
            0,
            0,
            0,
            0,
            0,
            0
        ],
        "margin_right": [
            0,
            0,
            0,
            0,
            0,
            0,
            0,
            0
        ],
        "margin_top": [
            0,
            0,
            0,
            0,
            0,
            0,
            0,
            0
        ],
        "margin_bottom": [
            0,
            0,
            0,
            0,
            5,
            0,
            0,
            0
        ],
        "background_color": [
            2.5098040103912354,
            3.513725757598877,
            9.53725528717041,
            3.513725757598877,
            7.529412269592285,
            3.513725757598877,
            12.549019813537598,
            3.513725757598877
        ],
        "background_proportion": [
            0.14322554215855934,
            0.09745490141989295,
            0.045385893242048156,
            0.07201034536525362,
            0.15753319872561225,
            0.16697074818004512,
            0.023672403721518805,
            0.09429167023887018
        ],
        "is_uniform": [
            false,
            false,
            false,
            false,
            false,
            false,
            false,
            false
        ],
        "bad_properties": [
            false,
            false,
            false,
            false,
            false,
            false,
            false,
            false
        ]
    }
}