{
    "recording": "dynamic29514-2-9-Video-8744edeac3b4d1ce16b680916b5267ce",
    "trial": "346",
    "trial_type": "live_test_bonus",
    "first_label": "NaturalVideo",
    "label": "NaturalVideo",
    "ID": null,
    "sampling_freq": 30,
    "valid_frames": 300,
    "n_peaks": 2,
    "segments_n_peaks": 3,
    "segments_bad_n": 0,
    "segments_avg_duration": 100.0,
    "segments": {
        "frame_start": [
            0,
            51,
            238
        ],
        "frame_end": [
            51,
            238,
            300
        ],
        "duration": [
            51,
            187,
            62
        ],
        "transition_start": [
            0,
            0,
            1
        ],
        "transition_end": [
            0,
            0,
            0
        ],
        "max_change": [
            79.724792586034,
            43.60747148012397,
            30.685568722662474
        ],
        "is_static": [
            false,
            true,
            true
        ],
        "intensity_range": [
            221.11029052734375,
            252.375,
            233.4375
        ],
        "margin_left": [
            0,
            0,
            0
        ],
        "margin_right": [
            0,
            0,
            0
        ],
        "margin_top": [
            0,
            0,
            0
        ],
        "margin_bottom": [
            0,
            0,
            0
        ],
        "background_color": [
            82.82353210449219,
            4.5176472663879395,
            145.06668090820312
        ],
        "background_proportion": [
            0.013783773608035262,
            0.010803685687747196,
            0.013345604529877708
        ],
        "is_uniform": [
            false,
            false,
            false
        ],
        "bad_properties": [
            false,
            false,
            false
        ]
    }
}