{
    "recording": "dynamic29514-2-9-Video-8744edeac3b4d1ce16b680916b5267ce",
    "trial": "371",
    "trial_type": "train",
    "first_label": "NaturalVideo",
    "label": "NaturalVideo",
    "ID": null,
    "sampling_freq": 30,
    "valid_frames": 300,
    "peaks": [
        131,
        230,
        285
    ],
    "n_peaks": 3,
    "segments_n_peaks": 4,
    "segments_bad_n": 0,
    "segments_avg_duration": 75.0,
    "segments": {
        "frame_start": [
            0,
            132,
            231,
            286
        ],
        "frame_end": [
            132,
            231,
            286,
            300
        ],
        "duration": [
            132,
            99,
            55,
            14
        ],
        "transition_start": [
            0,
            0,
            0,
            0
        ],
        "transition_end": [
            0,
            0,
            0,
            0
        ],
        "max_change": [
            710.9881410867652,
            1238.6064104412962,
            147.50356530830857,
            199.74955049024314
        ],
        "is_static": [
            false,
            false,
            false,
            false
        ],
        "intensity_range": [
            236.8982391357422,
            201.22988891601562,
            205.05323791503906,
            224.6071319580078
        ],
        "margin_left": [
            0,
            0,
            0,
            0
        ],
        "margin_right": [
            0,
            0,
            0,
            0
        ],
        "margin_top": [
            0,
            0,
            0,
            0
        ],
        "margin_bottom": [
            0,
            0,
            0,
            0
        ],
        "background_color": [
            12.549019813537598,
            159.12158203125,
            89.85098266601562,
            4.5176472663879395
        ],
        "background_proportion": [
            0.015750654754804132,
            0.021852436790196123,
            0.010879054862457353,
            0.03220876249921893
        ],
        "is_uniform": [
            false,
            false,
            false,
            false
        ],
        "bad_properties": [
            false,
            false,
            false,
            false
        ]
    }
}