{
    "recording": "dynamic29514-2-9-Video-8744edeac3b4d1ce16b680916b5267ce",
    "trial": "448",
    "trial_type": "final_test_bonus",
    "first_label": "NaturalVideo",
    "label": "NaturalVideo",
    "ID": null,
    "sampling_freq": 30,
    "valid_frames": 300,
    "peaks": [
        88,
        139
    ],
    "n_peaks": 2,
    "segments_n_peaks": 3,
    "segments_bad_n": 0,
    "segments_avg_duration": 100.0,
    "segments": {
        "frame_start": [
            0,
            89,
            140
        ],
        "frame_end": [
            89,
            140,
            300
        ],
        "duration": [
            89,
            51,
            160
        ],
        "transition_start": [
            0,
            0,
            0
        ],
        "transition_end": [
            0,
            0,
            0
        ],
        "max_change": [
            5026.439888542725,
            333.4066813036082,
            1682.10443138093
        ],
        "is_static": [
            false,
            false,
            false
        ],
        "intensity_range": [
            234.7459259033203,
            210.061767578125,
            227.62696838378906
        ],
        "margin_left": [
            0,
            0,
            0
        ],
        "margin_right": [
            0,
            0,
            0
        ],
        "margin_top": [
            0,
            0,
            0
        ],
        "margin_bottom": [
            0,
            0,
            0
        ],
        "background_color": [
            16.564706802368164,
            9.53725528717041,
            10.541176795959473
        ],
        "background_proportion": [
            0.023345948657151977,
            0.045733984388284285,
            0.02261908983900685
        ],
        "is_uniform": [
            false,
            false,
            false
        ],
        "bad_properties": [
            false,
            false,
            false
        ]
    }
}