{
    "recording": "dynamic29514-2-9-Video-8744edeac3b4d1ce16b680916b5267ce",
    "trial": "471",
    "trial_type": "final_test_bonus",
    "first_label": "NaturalVideo",
    "label": "NaturalVideo",
    "ID": null,
    "sampling_freq": 30,
    "valid_frames": 300,
    "n_peaks": 3,
    "segments_n_peaks": 4,
    "segments_bad_n": 0,
    "segments_avg_duration": 75.0,
    "segments": {
        "frame_start": [
            0,
            47,
            121,
            210
        ],
        "frame_end": [
            47,
            121,
            210,
            300
        ],
        "duration": [
            47,
            74,
            89,
            90
        ],
        "transition_start": [
            0,
            0,
            0,
            0
        ],
        "transition_end": [
            0,
            0,
            0,
            0
        ],
        "max_change": [
            1728.2047524353532,
            1167.9597063069382,
            392.2371132260977,
            830.9155394706468
        ],
        "is_static": [
            false,
            false,
            false,
            false
        ],
        "intensity_range": [
            251.3313751220703,
            250.4375,
            239.9495086669922,
            236.54493713378906
        ],
        "margin_left": [
            0,
            0,
            0,
            0
        ],
        "margin_right": [
            0,
            0,
            0,
            0
        ],
        "margin_top": [
            0,
            0,
            0,
            0
        ],
        "margin_bottom": [
            0,
            0,
            0,
            0
        ],
        "background_color": [
            76.80000305175781,
            106.91764831542969,
            249.47451782226562,
            251.48236083984375
        ],
        "background_proportion": [
            0.017523259334859934,
            0.010703147632608214,
            0.20034476913585497,
            0.10647385843328674
        ],
        "is_uniform": [
            false,
            false,
            false,
            false
        ],
        "bad_properties": [
            false,
            false,
            false,
            false
        ]
    }
}