{
    "recording": "dynamic29514-2-9-Video-8744edeac3b4d1ce16b680916b5267ce",
    "trial": "538",
    "trial_type": "final_test_main",
    "first_label": "Gabor",
    "label": "Gabor",
    "ID": null,
    "sampling_freq": 30,
    "valid_frames": 300,
    "peaks": [
        24,
        49,
        74,
        99,
        124,
        149,
        174,
        199,
        224,
        249
    ],
    "n_peaks": 10,
    "segments_n_peaks": 11,
    "segments_bad_n": 0,
    "segments_avg_duration": 25.0,
    "segments": {
        "frame_start": [
            0,
            25,
            50,
            75,
            100,
            125,
            150,
            175,
            200,
            225,
            250,
            275
        ],
        "frame_end": [
            25,
            50,
            75,
            100,
            125,
            150,
            175,
            200,
            225,
            250,
            275,
            300
        ],
        "duration": [
            25,
            25,
            25,
            25,
            25,
            25,
            25,
            25,
            25,
            25,
            25,
            25
        ],
        "transition_start": [
            0,
            0,
            0,
            0,
            0,
            0,
            0,
            0,
            0,
            0,
            0,
            0
        ],
        "transition_end": [
            0,
            0,
            0,
            0,
            0,
            0,
            0,
            0,
            0,
            0,
            0,
            0
        ],
        "max_change": [
            2.5281305941537338,
            2.654908595985818,
            9.432516270653272,
            9.419861554468703,
            86.32105453247384,
            28.58317478444648,
            101.67180317601625,
            77.50535391933721,
            25.194292581970508,
            30.516878764909734,
            168.98241465564732,
            36.44704643424893
        ],
        "is_static": [
            true,
            true,
            true,
            true,
            false,
            true,
            false,
            false,
            true,
            true,
            false,
            true
        ],
        "intensity_range": [
            219.63275146484375,
            219.63072204589844,
            216.89599609375,
            217.40255737304688,
            213.3811492919922,
            189.78497314453125,
            183.45639038085938,
            210.66554260253906,
            216.20587158203125,
            223.0142822265625,
            172.3787841796875,
            219.35321044921875
        ],
        "margin_left": [
            22,
            22,
            22,
            22,
            22,
            23,
            23,
            22,
            22,
            22,
            23,
            22
        ],
        "margin_right": [
            22,
            22,
            22,
            22,
            22,
            22,
            23,
            22,
            22,
            22,
            23,
            22
        ],
        "margin_top": [
            8,
            8,
            8,
            8,
            8,
            9,
            9,
            8,
            8,
            8,
            9,
            8
        ],
        "margin_bottom": [
            8,
            8,
            8,
            8,
            8,
            9,
            9,
            8,
            8,
            8,
            9,
            8
        ],
        "background_color": [
            128.0,
            128.0,
            128.0,
            128.0,
            128.0,
            128.0,
            128.0,
            128.0,
            128.0,
            128.0,
            128.0,
            128.0
        ],
        "background_proportion": [
            0.6425102108195423,
            0.6421124680502887,
            0.6424064518362588,
            0.6420605885586469,
            0.6439109570938704,
            0.6452771170404372,
            0.6486838703249139,
            0.6422162270335722,
            0.641887656919841,
            0.6381177471938717,
            0.6545289597165542,
            0.6442049408798404
        ],
        "is_uniform": [
            false,
            false,
            false,
            false,
            false,
            false,
            false,
            false,
            false,
            false,
            false,
            false
        ],
        "bad_properties": [
            false,
            false,
            false,
            false,
            false,
            false,
            false,
            false,
            false,
            false,
            false,
            false
        ]
    }
}