{
    "recording": "dynamic29514-2-9-Video-8744edeac3b4d1ce16b680916b5267ce",
    "trial": "561",
    "trial_type": "oracle",
    "first_label": "NaturalVideo",
    "label": "NaturalVideo",
    "ID": null,
    "sampling_freq": 30,
    "valid_frames": 300,
    "peaks": [
        4,
        257
    ],
    "n_peaks": 2,
    "segments_n_peaks": 3,
    "segments_bad_n": 0,
    "segments_avg_duration": 100.0,
    "segments": {
        "frame_start": [
            0,
            5,
            258
        ],
        "frame_end": [
            5,
            258,
            300
        ],
        "duration": [
            5,
            253,
            42
        ],
        "transition_start": [
            0,
            0,
            0
        ],
        "transition_end": [
            0,
            0,
            0
        ],
        "max_change": [
            316.0476857987382,
            1009.190934076917,
            1510.9856989337661
        ],
        "is_static": [
            false,
            false,
            false
        ],
        "intensity_range": [
            252.98741149902344,
            255.0,
            254.5625
        ],
        "margin_left": [
            1,
            0,
            0
        ],
        "margin_right": [
            2,
            0,
            0
        ],
        "margin_top": [
            0,
            0,
            0
        ],
        "margin_bottom": [
            0,
            0,
            0
        ],
        "background_color": [
            229.39608764648438,
            253.49020385742188,
            0.501960813999176
        ],
        "background_proportion": [
            0.009684245368892673,
            0.08299585568212665,
            0.01892997993053743
        ],
        "is_uniform": [
            false,
            false,
            false
        ],
        "bad_properties": [
            false,
            false,
            false
        ]
    }
}