{
    "recording": "dynamic29514-2-9-Video-8744edeac3b4d1ce16b680916b5267ce",
    "trial": "595",
    "trial_type": "train",
    "first_label": "Gabor",
    "label": "Gabor",
    "ID": null,
    "sampling_freq": 30,
    "valid_frames": 300,
    "n_peaks": 10,
    "segments_n_peaks": 11,
    "segments_bad_n": 0,
    "segments_avg_duration": 25.0,
    "segments": {
        "frame_start": [
            0,
            25,
            50,
            75,
            100,
            125,
            150,
            175,
            200,
            225,
            250,
            275
        ],
        "frame_end": [
            25,
            50,
            75,
            100,
            125,
            150,
            175,
            200,
            225,
            250,
            275,
            300
        ],
        "duration": [
            25,
            25,
            25,
            25,
            25,
            25,
            25,
            25,
            25,
            25,
            25,
            25
        ],
        "transition_start": [
            0,
            0,
            0,
            0,
            0,
            0,
            0,
            0,
            0,
            0,
            0,
            0
        ],
        "transition_end": [
            0,
            0,
            0,
            0,
            0,
            0,
            0,
            0,
            0,
            0,
            0,
            0
        ],
        "max_change": [
            2.527811333877076,
            2.654944999917032,
            9.431634164151673,
            9.419940936163634,
            86.31831518892028,
            28.58305472460822,
            101.67509797996793,
            77.50627361909756,
            25.18389259394712,
            30.489962895515774,
            169.0013317370192,
            36.41731068372774
        ],
        "is_static": [
            true,
            true,
            true,
            true,
            false,
            true,
            false,
            false,
            true,
            true,
            false,
            true
        ],
        "intensity_range": [
            219.6327667236328,
            219.63070678710938,
            216.89602661132812,
            217.40264892578125,
            213.38226318359375,
            189.78736877441406,
            183.45965576171875,
            210.66690063476562,
            216.20602416992188,
            223.014404296875,
            172.37954711914062,
            219.35316467285156
        ],
        "margin_left": [
            22,
            22,
            22,
            22,
            22,
            23,
            23,
            22,
            22,
            22,
            23,
            22
        ],
        "margin_right": [
            22,
            22,
            22,
            22,
            22,
            22,
            23,
            22,
            22,
            22,
            23,
            22
        ],
        "margin_top": [
            8,
            8,
            8,
            8,
            8,
            9,
            9,
            8,
            8,
            8,
            9,
            8
        ],
        "margin_bottom": [
            8,
            8,
            8,
            8,
            8,
            9,
            9,
            8,
            8,
            8,
            9,
            8
        ],
        "background_color": [
            128.0,
            128.0,
            128.0,
            128.0,
            128.0,
            128.0,
            128.0,
            128.0,
            128.0,
            128.0,
            128.0,
            128.0
        ],
        "background_proportion": [
            0.6425102108195423,
            0.6421124680502887,
            0.6424064518362588,
            0.6420605885586469,
            0.6439109570938704,
            0.6452771170404372,
            0.6486838703249139,
            0.6422162270335722,
            0.641887656919841,
            0.6381177471938717,
            0.6546500118637184,
            0.6442049408798404
        ],
        "is_uniform": [
            false,
            false,
            false,
            false,
            false,
            false,
            false,
            false,
            false,
            false,
            false,
            false
        ],
        "bad_properties": [
            false,
            false,
            false,
            false,
            false,
            false,
            false,
            false,
            false,
            false,
            false,
            false
        ]
    }
}