{
    "recording": "dynamic29514-2-9-Video-8744edeac3b4d1ce16b680916b5267ce",
    "trial": "633",
    "trial_type": "train",
    "first_label": "NaturalVideo",
    "label": "NaturalVideo",
    "ID": null,
    "sampling_freq": 30,
    "valid_frames": 300,
    "n_peaks": 2,
    "segments_n_peaks": 3,
    "segments_bad_n": 0,
    "segments_avg_duration": 100.0,
    "segments": {
        "frame_start": [
            0,
            45,
            93
        ],
        "frame_end": [
            45,
            93,
            300
        ],
        "duration": [
            45,
            48,
            207
        ],
        "transition_start": [
            0,
            0,
            0
        ],
        "transition_end": [
            0,
            0,
            0
        ],
        "max_change": [
            2.5306637081266454,
            21.913599405828418,
            22.906771899711096
        ],
        "is_static": [
            true,
            true,
            true
        ],
        "intensity_range": [
            174.875,
            191.1809539794922,
            129.25
        ],
        "margin_left": [
            1,
            1,
            0
        ],
        "margin_right": [
            0,
            0,
            0
        ],
        "margin_top": [
            0,
            0,
            0
        ],
        "margin_bottom": [
            0,
            0,
            0
        ],
        "background_color": [
            32.6274528503418,
            3.513725757598877,
            31.623531341552734
        ],
        "background_proportion": [
            0.027217725327453313,
            0.0703981062382517,
            0.030025113638399187
        ],
        "is_uniform": [
            false,
            false,
            false
        ],
        "bad_properties": [
            false,
            false,
            false
        ]
    }
}