{
    "recording": "dynamic29514-2-9-Video-8744edeac3b4d1ce16b680916b5267ce",
    "trial": "654",
    "trial_type": "train",
    "first_label": "NaturalVideo",
    "label": "NaturalVideo",
    "ID": null,
    "sampling_freq": 30,
    "valid_frames": 300,
    "peaks": [
        104,
        214,
        279
    ],
    "n_peaks": 3,
    "segments_n_peaks": 4,
    "segments_bad_n": 0,
    "segments_avg_duration": 75.0,
    "segments": {
        "frame_start": [
            0,
            105,
            215,
            280
        ],
        "frame_end": [
            105,
            215,
            280,
            300
        ],
        "duration": [
            105,
            110,
            65,
            20
        ],
        "transition_start": [
            0,
            0,
            0,
            0
        ],
        "transition_end": [
            0,
            0,
            0,
            0
        ],
        "max_change": [
            2968.485383843549,
            13182.026579131667,
            6109.934134356572,
            394.11885926151587
        ],
        "is_static": [
            false,
            false,
            false,
            false
        ],
        "intensity_range": [
            253.2768096923828,
            250.89663696289062,
            215.4163818359375,
            228.31027221679688
        ],
        "margin_left": [
            0,
            0,
            0,
            0
        ],
        "margin_right": [
            0,
            0,
            0,
            0
        ],
        "margin_top": [
            0,
            0,
            0,
            0
        ],
        "margin_bottom": [
            0,
            0,
            0,
            0
        ],
        "background_color": [
            4.5176472663879395,
            18.57254981994629,
            4.5176472663879395,
            26.60392189025879
        ],
        "background_proportion": [
            0.016860962919054204,
            0.020893444959835004,
            0.026019758161475365,
            0.014677684387227956
        ],
        "is_uniform": [
            false,
            false,
            false,
            false
        ],
        "bad_properties": [
            false,
            false,
            false,
            false
        ]
    }
}