{
    "recording": "dynamic29514-2-9-Video-8744edeac3b4d1ce16b680916b5267ce",
    "trial": "656",
    "trial_type": "final_test_bonus",
    "first_label": "NaturalVideo",
    "label": "NaturalVideo",
    "ID": null,
    "sampling_freq": 30,
    "valid_frames": 300,
    "peaks": [
        47,
        125,
        294
    ],
    "n_peaks": 3,
    "segments_n_peaks": 4,
    "segments_bad_n": 0,
    "segments_avg_duration": 75.0,
    "segments": {
        "frame_start": [
            0,
            48,
            126,
            295
        ],
        "frame_end": [
            48,
            126,
            295,
            300
        ],
        "duration": [
            48,
            78,
            169,
            5
        ],
        "transition_start": [
            0,
            0,
            0,
            0
        ],
        "transition_end": [
            0,
            0,
            0,
            0
        ],
        "max_change": [
            43.98320123057324,
            282.8804396504877,
            1096.1012141610586,
            165.52884871351347
        ],
        "is_static": [
            true,
            false,
            false,
            false
        ],
        "intensity_range": [
            184.534912109375,
            247.8125,
            252.26187133789062,
            172.00018310546875
        ],
        "margin_left": [
            3,
            0,
            0,
            0
        ],
        "margin_right": [
            0,
            0,
            0,
            0
        ],
        "margin_top": [
            0,
            0,
            0,
            0
        ],
        "margin_bottom": [
            0,
            0,
            0,
            0
        ],
        "background_color": [
            36.64313888549805,
            19.57647132873535,
            25.600000381469727,
            24.596078872680664
        ],
        "background_proportion": [
            0.031091903844324316,
            0.029836477118102823,
            0.02274221822946319,
            0.03640238660985549
        ],
        "is_uniform": [
            false,
            false,
            false,
            false
        ],
        "bad_properties": [
            false,
            false,
            false,
            false
        ]
    }
}