{
    "recording": "dynamic29514-2-9-Video-8744edeac3b4d1ce16b680916b5267ce",
    "trial": "689",
    "trial_type": "final_test_main",
    "first_label": "NaturalVideo",
    "label": "NaturalVideo",
    "ID": null,
    "sampling_freq": 30,
    "valid_frames": 300,
    "n_peaks": 2,
    "segments_n_peaks": 3,
    "segments_bad_n": 0,
    "segments_avg_duration": 100.0,
    "segments": {
        "frame_start": [
            0,
            43,
            260
        ],
        "frame_end": [
            43,
            260,
            300
        ],
        "duration": [
            43,
            217,
            40
        ],
        "transition_start": [
            0,
            0,
            1
        ],
        "transition_end": [
            0,
            0,
            0
        ],
        "max_change": [
            114.73818747361348,
            318.97830610760457,
            16.914845063481266
        ],
        "is_static": [
            false,
            false,
            true
        ],
        "intensity_range": [
            199.0616912841797,
            209.1945343017578,
            118.41819763183594
        ],
        "margin_left": [
            0,
            0,
            0
        ],
        "margin_right": [
            0,
            0,
            0
        ],
        "margin_top": [
            0,
            0,
            0
        ],
        "margin_bottom": [
            0,
            0,
            0
        ],
        "background_color": [
            2.5098040103912354,
            3.513725757598877,
            2.5098040103912354
        ],
        "background_proportion": [
            0.2327456354282563,
            0.11558612695267871,
            0.10170896435392658
        ],
        "is_uniform": [
            false,
            false,
            false
        ],
        "bad_properties": [
            false,
            false,
            false
        ]
    }
}