{
    "recording": "dynamic29514-2-9-Video-8744edeac3b4d1ce16b680916b5267ce",
    "trial": "705",
    "trial_type": "train",
    "first_label": "NaturalVideo",
    "label": "NaturalVideo",
    "ID": null,
    "sampling_freq": 30,
    "valid_frames": 300,
    "n_peaks": 2,
    "segments_n_peaks": 3,
    "segments_bad_n": 0,
    "segments_avg_duration": 100.0,
    "segments": {
        "frame_start": [
            0,
            27,
            187
        ],
        "frame_end": [
            27,
            187,
            300
        ],
        "duration": [
            27,
            160,
            113
        ],
        "transition_start": [
            0,
            0,
            0
        ],
        "transition_end": [
            0,
            0,
            0
        ],
        "max_change": [
            176.47299452845263,
            1571.977169265729,
            408.5619614629161
        ],
        "is_static": [
            false,
            false,
            false
        ],
        "intensity_range": [
            249.6239013671875,
            254.96942138671875,
            233.47955322265625
        ],
        "margin_left": [
            0,
            0,
            0
        ],
        "margin_right": [
            0,
            0,
            0
        ],
        "margin_top": [
            0,
            0,
            0
        ],
        "margin_bottom": [
            0,
            0,
            0
        ],
        "background_color": [
            88.84706115722656,
            172.17254638671875,
            117.96078491210938
        ],
        "background_proportion": [
            0.015323781114468067,
            0.014331818481196076,
            0.02217138191874725
        ],
        "is_uniform": [
            false,
            false,
            false
        ],
        "bad_properties": [
            false,
            false,
            false
        ]
    }
}