{
    "recording": "dynamic29712-5-9-Video-9b4f6a1a067fe51e15306b9628efea20",
    "trial": "1",
    "trial_type": "train",
    "first_label": "NaturalVideo",
    "label": "NaturalVideo",
    "ID": null,
    "sampling_freq": 30,
    "valid_frames": 300,
    "peaks": [
        30,
        248
    ],
    "n_peaks": 2,
    "segments_n_peaks": 3,
    "segments_bad_n": 0,
    "segments_avg_duration": 100.0,
    "segments": {
        "frame_start": [
            0,
            31,
            249
        ],
        "frame_end": [
            31,
            249,
            300
        ],
        "duration": [
            31,
            218,
            51
        ],
        "transition_start": [
            0,
            0,
            1
        ],
        "transition_end": [
            0,
            0,
            0
        ],
        "max_change": [
            1.0072339351549067,
            43.55636732612554,
            1.5871286721333684
        ],
        "is_static": [
            true,
            true,
            true
        ],
        "intensity_range": [
            148.8658380072878,
            164.25000000000003,
            218.87930843336193
        ],
        "margin_left": [
            0,
            0,
            0
        ],
        "margin_right": [
            0,
            0,
            3
        ],
        "margin_top": [
            0,
            0,
            0
        ],
        "margin_bottom": [
            0,
            0,
            0
        ],
        "background_color": [
            30.619607843137253,
            3.5137254901960784,
            9.537254901960784
        ],
        "background_proportion": [
            0.06126567881594422,
            0.18459996681330038,
            0.0451873779296875
        ],
        "is_uniform": [
            false,
            false,
            false
        ],
        "bad_properties": [
            false,
            false,
            false
        ]
    }
}