{
    "recording": "dynamic29712-5-9-Video-9b4f6a1a067fe51e15306b9628efea20",
    "trial": "108",
    "trial_type": "train",
    "first_label": "NaturalVideo",
    "label": "NaturalVideo",
    "ID": null,
    "sampling_freq": 30,
    "valid_frames": 300,
    "peaks": [
        138,
        206
    ],
    "n_peaks": 2,
    "segments_n_peaks": 3,
    "segments_bad_n": 0,
    "segments_avg_duration": 100.0,
    "segments": {
        "frame_start": [
            0,
            139,
            207
        ],
        "frame_end": [
            139,
            207,
            300
        ],
        "duration": [
            139,
            68,
            93
        ],
        "transition_start": [
            0,
            0,
            1
        ],
        "transition_end": [
            0,
            0,
            0
        ],
        "max_change": [
            179.04005398602442,
            224.85184497655374,
            5.617936310059343
        ],
        "is_static": [
            false,
            false,
            true
        ],
        "intensity_range": [
            232.25,
            252.7959736690435,
            225.88669498881882
        ],
        "margin_left": [
            0,
            0,
            0
        ],
        "margin_right": [
            0,
            0,
            0
        ],
        "margin_top": [
            0,
            0,
            0
        ],
        "margin_bottom": [
            0,
            0,
            0
        ],
        "background_color": [
            9.537254901960784,
            4.517647058823529,
            189.23921568627452
        ],
        "background_proportion": [
            0.03889436058575015,
            0.062160491943359375,
            0.020385410474694367
        ],
        "is_uniform": [
            false,
            false,
            false
        ],
        "bad_properties": [
            false,
            false,
            false
        ]
    }
}