{
    "recording": "dynamic29712-5-9-Video-9b4f6a1a067fe51e15306b9628efea20",
    "trial": "116",
    "trial_type": "oracle",
    "first_label": "NaturalVideo",
    "label": "NaturalVideo",
    "ID": null,
    "sampling_freq": 30,
    "valid_frames": 300,
    "peaks": [
        115,
        164
    ],
    "n_peaks": 2,
    "segments_n_peaks": 3,
    "segments_bad_n": 0,
    "segments_avg_duration": 100.0,
    "segments": {
        "frame_start": [
            0,
            116,
            165
        ],
        "frame_end": [
            116,
            165,
            300
        ],
        "duration": [
            116,
            49,
            135
        ],
        "transition_start": [
            0,
            0,
            0
        ],
        "transition_end": [
            0,
            0,
            0
        ],
        "max_change": [
            153.04953788495706,
            393.1126918880607,
            628.1225675449484
        ],
        "is_static": [
            false,
            false,
            false
        ],
        "intensity_range": [
            224.2315612369813,
            252.36523270602024,
            249.8457623041786
        ],
        "margin_left": [
            0,
            0,
            0
        ],
        "margin_right": [
            0,
            0,
            0
        ],
        "margin_top": [
            0,
            0,
            0
        ],
        "margin_bottom": [
            0,
            0,
            0
        ],
        "background_color": [
            5.52156862745098,
            5.52156862745098,
            3.5137254901960784
        ],
        "background_proportion": [
            0.04806343166307471,
            0.025781125438456634,
            0.06428301775896991
        ],
        "is_uniform": [
            false,
            false,
            false
        ],
        "bad_properties": [
            false,
            false,
            false
        ]
    }
}