{
    "recording": "dynamic29712-5-9-Video-9b4f6a1a067fe51e15306b9628efea20",
    "trial": "127",
    "trial_type": "train",
    "first_label": "Gabor",
    "label": "Gabor",
    "ID": null,
    "sampling_freq": 30,
    "valid_frames": 300,
    "peaks": [
        24,
        49,
        74,
        99,
        124,
        149,
        174,
        199,
        224,
        249,
        274
    ],
    "n_peaks": 11,
    "segments_n_peaks": 12,
    "segments_bad_n": 0,
    "segments_avg_duration": 25.0,
    "segments": {
        "frame_start": [
            0,
            25,
            50,
            75,
            100,
            125,
            150,
            175,
            200,
            225,
            250,
            275
        ],
        "frame_end": [
            25,
            50,
            75,
            100,
            125,
            150,
            175,
            200,
            225,
            250,
            275,
            300
        ],
        "duration": [
            25,
            25,
            25,
            25,
            25,
            25,
            25,
            25,
            25,
            25,
            25,
            25
        ],
        "transition_start": [
            0,
            0,
            0,
            0,
            0,
            0,
            0,
            0,
            0,
            0,
            0,
            0
        ],
        "transition_end": [
            0,
            0,
            0,
            0,
            0,
            0,
            0,
            0,
            0,
            0,
            0,
            0
        ],
        "max_change": [
            2.524209772256776,
            2.526485787387551,
            214.86923438616535,
            106.19206899925838,
            22.277826284490686,
            27.85566110746764,
            17.331095738909443,
            17.357854396446193,
            176.9922311236927,
            37.19106734935307,
            97.29596004528187,
            165.4851179281866
        ],
        "is_static": [
            true,
            true,
            false,
            false,
            true,
            true,
            true,
            true,
            false,
            true,
            false,
            false
        ],
        "intensity_range": [
            219.27579079874215,
            220.2314320573579,
            182.50211246755686,
            188.1405726040772,
            223.3493778912472,
            222.6668669243091,
            216.4208373548649,
            219.1095520227169,
            178.3048482134874,
            213.7461889156893,
            180.5795871096018,
            182.21144355976693
        ],
        "margin_left": [
            23,
            22,
            23,
            23,
            22,
            22,
            22,
            22,
            23,
            22,
            23,
            23
        ],
        "margin_right": [
            23,
            22,
            23,
            23,
            22,
            22,
            22,
            22,
            23,
            22,
            23,
            23
        ],
        "margin_top": [
            8,
            8,
            9,
            9,
            8,
            8,
            8,
            9,
            9,
            8,
            9,
            9
        ],
        "margin_bottom": [
            8,
            8,
            9,
            9,
            8,
            8,
            8,
            9,
            9,
            8,
            9,
            9
        ],
        "background_color": [
            128.0,
            128.0,
            128.0,
            128.0,
            128.0,
            128.0,
            128.0,
            128.0,
            128.0,
            128.0,
            128.0,
            128.0
        ],
        "background_proportion": [
            0.6434661865234398,
            0.6424977620442731,
            0.6469594319661481,
            0.6472188313802106,
            0.6419443766276064,
            0.6410278320312522,
            0.6417195638020856,
            0.6436218261718772,
            0.6506947835286481,
            0.641373697916669,
            0.6500030517578148,
            0.6557963053385439
        ],
        "is_uniform": [
            false,
            false,
            false,
            false,
            false,
            false,
            false,
            false,
            false,
            false,
            false,
            false
        ],
        "bad_properties": [
            false,
            false,
            false,
            false,
            false,
            false,
            false,
            false,
            false,
            false,
            false,
            false
        ]
    }
}