{
    "recording": "dynamic29712-5-9-Video-9b4f6a1a067fe51e15306b9628efea20",
    "trial": "152",
    "trial_type": "oracle",
    "first_label": "NaturalVideo",
    "label": "NaturalVideo",
    "ID": null,
    "sampling_freq": 30,
    "valid_frames": 300,
    "peaks": [
        131,
        285
    ],
    "n_peaks": 2,
    "segments_n_peaks": 3,
    "segments_bad_n": 0,
    "segments_avg_duration": 100.0,
    "segments": {
        "frame_start": [
            0,
            132,
            286
        ],
        "frame_end": [
            132,
            286,
            300
        ],
        "duration": [
            132,
            154,
            14
        ],
        "transition_start": [
            0,
            0,
            0
        ],
        "transition_end": [
            0,
            0,
            0
        ],
        "max_change": [
            711.9988441415132,
            2344.7303711303302,
            198.48543018900702
        ],
        "is_static": [
            false,
            false,
            false
        ],
        "intensity_range": [
            236.8969347179106,
            205.05327070976736,
            224.6115507244823
        ],
        "margin_left": [
            0,
            0,
            0
        ],
        "margin_right": [
            0,
            0,
            0
        ],
        "margin_top": [
            0,
            0,
            0
        ],
        "margin_bottom": [
            0,
            0,
            0
        ],
        "background_color": [
            12.549019607843137,
            159.12156862745098,
            4.517647058823529
        ],
        "background_proportion": [
            0.01576375479650016,
            0.015008108956473268,
            0.03230140322730655
        ],
        "is_uniform": [
            false,
            false,
            false
        ],
        "bad_properties": [
            false,
            false,
            false
        ]
    }
}