{
    "recording": "dynamic29712-5-9-Video-9b4f6a1a067fe51e15306b9628efea20",
    "trial": "16",
    "trial_type": "train",
    "first_label": "NaturalVideo",
    "label": "NaturalVideo",
    "ID": null,
    "sampling_freq": 30,
    "valid_frames": 300,
    "peaks": [
        19,
        61,
        119
    ],
    "n_peaks": 3,
    "segments_n_peaks": 4,
    "segments_bad_n": 0,
    "segments_avg_duration": 75.0,
    "segments": {
        "frame_start": [
            0,
            20,
            62,
            120
        ],
        "frame_end": [
            20,
            62,
            120,
            300
        ],
        "duration": [
            20,
            42,
            58,
            180
        ],
        "transition_start": [
            0,
            0,
            0,
            0
        ],
        "transition_end": [
            0,
            0,
            0,
            0
        ],
        "max_change": [
            691.273120132665,
            899.220973682895,
            1746.3469133280887,
            787.4304678829252
        ],
        "is_static": [
            false,
            false,
            false,
            false
        ],
        "intensity_range": [
            230.82484867167128,
            229.28330951289126,
            219.1038187541972,
            226.45882349263735
        ],
        "margin_left": [
            0,
            0,
            0,
            0
        ],
        "margin_right": [
            0,
            0,
            0,
            0
        ],
        "margin_top": [
            0,
            0,
            0,
            0
        ],
        "margin_bottom": [
            0,
            0,
            0,
            0
        ],
        "background_color": [
            223.37254901960785,
            216.34509803921569,
            216.34509803921569,
            216.34509803921569
        ],
        "background_proportion": [
            0.02691268920898447,
            0.022398933531746112,
            0.04115356796089274,
            0.028399432146990842
        ],
        "is_uniform": [
            false,
            false,
            false,
            false
        ],
        "bad_properties": [
            false,
            false,
            false,
            false
        ]
    }
}