{
    "recording": "dynamic29712-5-9-Video-9b4f6a1a067fe51e15306b9628efea20",
    "trial": "200",
    "trial_type": "train",
    "first_label": "NaturalVideo",
    "label": "NaturalVideo",
    "ID": null,
    "sampling_freq": 30,
    "valid_frames": 300,
    "peaks": [
        151,
        241
    ],
    "n_peaks": 2,
    "segments_n_peaks": 3,
    "segments_bad_n": 0,
    "segments_avg_duration": 100.0,
    "segments": {
        "frame_start": [
            0,
            152,
            242
        ],
        "frame_end": [
            152,
            242,
            300
        ],
        "duration": [
            152,
            90,
            58
        ],
        "transition_start": [
            0,
            1,
            1
        ],
        "transition_end": [
            0,
            0,
            3
        ],
        "max_change": [
            3150.459334781188,
            30.563136255823547,
            20.193111663623576
        ],
        "is_static": [
            false,
            true,
            true
        ],
        "intensity_range": [
            221.01220288917943,
            159.65372934438065,
            218.50845783408016
        ],
        "margin_left": [
            0,
            0,
            0
        ],
        "margin_right": [
            0,
            0,
            0
        ],
        "margin_top": [
            0,
            0,
            0
        ],
        "margin_bottom": [
            0,
            0,
            0
        ],
        "background_color": [
            4.517647058823529,
            3.5137254901960784,
            13.552941176470588
        ],
        "background_proportion": [
            0.028545312714158444,
            0.21660822607604752,
            0.028565960165895063
        ],
        "is_uniform": [
            false,
            false,
            false
        ],
        "bad_properties": [
            false,
            false,
            false
        ]
    }
}