{
    "recording": "dynamic29712-5-9-Video-9b4f6a1a067fe51e15306b9628efea20",
    "trial": "238",
    "trial_type": "train",
    "first_label": "NaturalVideo",
    "label": "NaturalVideo",
    "ID": null,
    "sampling_freq": 30,
    "valid_frames": 300,
    "peaks": [
        127,
        250
    ],
    "n_peaks": 2,
    "segments_n_peaks": 3,
    "segments_bad_n": 0,
    "segments_avg_duration": 100.0,
    "segments": {
        "frame_start": [
            0,
            128,
            251
        ],
        "frame_end": [
            128,
            251,
            300
        ],
        "duration": [
            128,
            123,
            49
        ],
        "transition_start": [
            0,
            0,
            0
        ],
        "transition_end": [
            1,
            0,
            0
        ],
        "max_change": [
            28.612965739453525,
            1284.2053197668565,
            293.71951336055713
        ],
        "is_static": [
            true,
            false,
            false
        ],
        "intensity_range": [
            216.89823871328372,
            236.77694875873183,
            138.3059177121711
        ],
        "margin_left": [
            0,
            0,
            0
        ],
        "margin_right": [
            0,
            0,
            0
        ],
        "margin_top": [
            0,
            0,
            0
        ],
        "margin_bottom": [
            0,
            0,
            0
        ],
        "background_color": [
            46.682352941176475,
            10.541176470588235,
            9.537254901960784
        ],
        "background_proportion": [
            0.015332479802329343,
            0.013848695005504742,
            0.0893780974303784
        ],
        "is_uniform": [
            false,
            false,
            false
        ],
        "bad_properties": [
            false,
            false,
            false
        ]
    }
}