{
    "recording": "dynamic29712-5-9-Video-9b4f6a1a067fe51e15306b9628efea20",
    "trial": "322",
    "trial_type": "live_test_bonus",
    "first_label": "NaturalVideo",
    "label": "NaturalVideo",
    "ID": null,
    "sampling_freq": 30,
    "valid_frames": 300,
    "peaks": [
        96,
        223,
        281
    ],
    "n_peaks": 3,
    "segments_n_peaks": 4,
    "segments_bad_n": 0,
    "segments_avg_duration": 75.0,
    "segments": {
        "frame_start": [
            0,
            97,
            224,
            282
        ],
        "frame_end": [
            97,
            224,
            282,
            300
        ],
        "duration": [
            97,
            127,
            58,
            18
        ],
        "transition_start": [
            0,
            0,
            0,
            0
        ],
        "transition_end": [
            0,
            0,
            0,
            0
        ],
        "max_change": [
            10940.699648770229,
            915.2242576840695,
            509.0121219631904,
            593.0881482910269
        ],
        "is_static": [
            false,
            false,
            false,
            false
        ],
        "intensity_range": [
            250.41121777246346,
            254.00000000000003,
            251.4919591013646,
            196.5556753584615
        ],
        "margin_left": [
            0,
            0,
            0,
            0
        ],
        "margin_right": [
            0,
            0,
            0,
            0
        ],
        "margin_top": [
            0,
            0,
            0,
            0
        ],
        "margin_bottom": [
            0,
            0,
            0,
            0
        ],
        "background_color": [
            244.4549019607843,
            255.49803921568628,
            65.75686274509803,
            150.08627450980393
        ],
        "background_proportion": [
            0.03149340652518267,
            0.09633522334061305,
            0.009496403836655926,
            0.023946408872251242
        ],
        "is_uniform": [
            false,
            false,
            false,
            false
        ],
        "bad_properties": [
            false,
            false,
            false,
            false
        ]
    }
}