{
    "recording": "dynamic29712-5-9-Video-9b4f6a1a067fe51e15306b9628efea20",
    "trial": "340",
    "trial_type": "final_test_bonus",
    "first_label": "NaturalVideo",
    "label": "NaturalVideo",
    "ID": null,
    "sampling_freq": 30,
    "valid_frames": 300,
    "peaks": [
        6,
        66,
        114,
        146,
        196,
        239,
        288
    ],
    "n_peaks": 7,
    "segments_n_peaks": 8,
    "segments_bad_n": 0,
    "segments_avg_duration": 37.5,
    "segments": {
        "frame_start": [
            0,
            7,
            67,
            115,
            147,
            197,
            240,
            289
        ],
        "frame_end": [
            7,
            67,
            115,
            147,
            197,
            240,
            289,
            300
        ],
        "duration": [
            7,
            60,
            48,
            32,
            50,
            43,
            49,
            11
        ],
        "transition_start": [
            0,
            0,
            0,
            0,
            0,
            0,
            0,
            1
        ],
        "transition_end": [
            0,
            0,
            0,
            0,
            0,
            0,
            0,
            0
        ],
        "max_change": [
            138.0199006560866,
            246.22392802064144,
            93.58006656599952,
            52.71440858297525,
            63.3996188339203,
            79.7687631947601,
            151.30144300465503,
            44.778366112210264
        ],
        "is_static": [
            false,
            false,
            false,
            false,
            false,
            false,
            false,
            true
        ],
        "intensity_range": [
            86.64940921042277,
            212.47076452755897,
            142.0383767072722,
            127.33443022204986,
            191.88502611329633,
            102.62500000000001,
            121.5,
            90.41399287321804
        ],
        "margin_left": [
            0,
            0,
            0,
            0,
            0,
            0,
            0,
            0
        ],
        "margin_right": [
            0,
            0,
            0,
            0,
            0,
            0,
            0,
            0
        ],
        "margin_top": [
            0,
            0,
            0,
            0,
            0,
            0,
            0,
            0
        ],
        "margin_bottom": [
            0,
            0,
            0,
            0,
            5,
            0,
            0,
            0
        ],
        "background_color": [
            2.5098039215686274,
            3.5137254901960784,
            9.537254901960784,
            3.5137254901960784,
            7.529411764705882,
            3.5137254901960784,
            12.549019607843137,
            3.5137254901960784
        ],
        "background_proportion": [
            0.14322553362165177,
            0.09744050767686632,
            0.045376883612738714,
            0.07201035817464192,
            0.15753326416015626,
            0.16696072364038275,
            0.02365475609188988,
            0.09429168701171875
        ],
        "is_uniform": [
            false,
            false,
            false,
            false,
            false,
            false,
            false,
            false
        ],
        "bad_properties": [
            false,
            false,
            false,
            false,
            false,
            false,
            false,
            false
        ]
    }
}