{
    "recording": "dynamic29712-5-9-Video-9b4f6a1a067fe51e15306b9628efea20",
    "trial": "346",
    "trial_type": "train",
    "first_label": "NaturalVideo",
    "label": "NaturalVideo",
    "ID": null,
    "sampling_freq": 30,
    "valid_frames": 300,
    "peaks": [
        50,
        237
    ],
    "n_peaks": 2,
    "segments_n_peaks": 3,
    "segments_bad_n": 0,
    "segments_avg_duration": 100.0,
    "segments": {
        "frame_start": [
            0,
            51,
            238
        ],
        "frame_end": [
            51,
            238,
            300
        ],
        "duration": [
            51,
            187,
            62
        ],
        "transition_start": [
            0,
            0,
            1
        ],
        "transition_end": [
            0,
            0,
            0
        ],
        "max_change": [
            79.72367360860966,
            43.59813730706259,
            30.678905241642195
        ],
        "is_static": [
            false,
            true,
            true
        ],
        "intensity_range": [
            221.11036350912443,
            252.37500000000003,
            233.4375
        ],
        "margin_left": [
            0,
            0,
            0
        ],
        "margin_right": [
            0,
            0,
            0
        ],
        "margin_top": [
            0,
            0,
            0
        ],
        "margin_bottom": [
            0,
            0,
            0
        ],
        "background_color": [
            82.8235294117647,
            4.517647058823529,
            145.06666666666666
        ],
        "background_proportion": [
            0.013783772786458186,
            0.010803685043797348,
            0.01333851631873297
        ],
        "is_uniform": [
            false,
            false,
            false
        ],
        "bad_properties": [
            false,
            false,
            false
        ]
    }
}