{
    "recording": "dynamic29712-5-9-Video-9b4f6a1a067fe51e15306b9628efea20",
    "trial": "381",
    "trial_type": "train",
    "first_label": "NaturalVideo",
    "label": "NaturalVideo",
    "ID": null,
    "sampling_freq": 30,
    "valid_frames": 300,
    "peaks": [
        38,
        149,
        276
    ],
    "n_peaks": 3,
    "segments_n_peaks": 4,
    "segments_bad_n": 0,
    "segments_avg_duration": 75.0,
    "segments": {
        "frame_start": [
            0,
            39,
            150,
            277
        ],
        "frame_end": [
            39,
            150,
            277,
            300
        ],
        "duration": [
            39,
            111,
            127,
            23
        ],
        "transition_start": [
            0,
            0,
            1,
            0
        ],
        "transition_end": [
            0,
            0,
            0,
            0
        ],
        "max_change": [
            602.2770080553182,
            709.0570780631642,
            28.16304333167902,
            1025.1926408175416
        ],
        "is_static": [
            false,
            false,
            true,
            false
        ],
        "intensity_range": [
            253.52451550387565,
            189.5731971843846,
            249.907449573195,
            189.90353503375388
        ],
        "margin_left": [
            0,
            0,
            0,
            0
        ],
        "margin_right": [
            0,
            0,
            0,
            0
        ],
        "margin_top": [
            0,
            0,
            0,
            0
        ],
        "margin_bottom": [
            0,
            0,
            1,
            0
        ],
        "background_color": [
            59.733333333333334,
            2.5098039215686274,
            35.63921568627451,
            2.5098039215686274
        ],
        "background_proportion": [
            0.021040174696180632,
            0.19496241847316065,
            0.016500684950086865,
            0.2907717055168705
        ],
        "is_uniform": [
            false,
            false,
            false,
            false
        ],
        "bad_properties": [
            false,
            false,
            false,
            false
        ]
    }
}