{
    "recording": "dynamic29712-5-9-Video-9b4f6a1a067fe51e15306b9628efea20",
    "trial": "388",
    "trial_type": "final_test_bonus",
    "first_label": "Gabor",
    "label": "Gabor",
    "ID": null,
    "sampling_freq": 30,
    "valid_frames": 300,
    "peaks": [
        24,
        49,
        74,
        99,
        124,
        149,
        174,
        199,
        224,
        249,
        274
    ],
    "n_peaks": 11,
    "segments_n_peaks": 12,
    "segments_bad_n": 0,
    "segments_avg_duration": 25.0,
    "segments": {
        "frame_start": [
            0,
            25,
            50,
            75,
            100,
            125,
            150,
            175,
            200,
            225,
            250,
            275
        ],
        "frame_end": [
            25,
            50,
            75,
            100,
            125,
            150,
            175,
            200,
            225,
            250,
            275,
            300
        ],
        "duration": [
            25,
            25,
            25,
            25,
            25,
            25,
            25,
            25,
            25,
            25,
            25,
            25
        ],
        "transition_start": [
            0,
            0,
            0,
            0,
            0,
            0,
            0,
            0,
            0,
            0,
            0,
            0
        ],
        "transition_end": [
            0,
            0,
            0,
            0,
            0,
            0,
            0,
            0,
            0,
            0,
            0,
            0
        ],
        "max_change": [
            22.463756055996505,
            22.430921577709498,
            107.28532796833981,
            22.321654332923412,
            79.24833342555254,
            17.023571524252006,
            17.5482009408368,
            27.414817275904728,
            98.65914112391391,
            37.33347538990162,
            38.17944776969013,
            44.9858478408503
        ],
        "is_static": [
            true,
            true,
            false,
            true,
            false,
            true,
            true,
            true,
            false,
            true,
            true,
            true
        ],
        "intensity_range": [
            223.79146738499574,
            224.14429735728694,
            188.0630767783159,
            223.64200769467297,
            213.18053258430263,
            223.65668027242754,
            223.51353557296724,
            222.67365015321306,
            180.70203376642957,
            213.72659168476514,
            189.42628967357365,
            213.39125849849572
        ],
        "margin_left": [
            22,
            22,
            23,
            22,
            22,
            22,
            22,
            22,
            23,
            22,
            23,
            22
        ],
        "margin_right": [
            22,
            22,
            23,
            22,
            22,
            22,
            22,
            22,
            23,
            22,
            23,
            22
        ],
        "margin_top": [
            8,
            8,
            9,
            8,
            8,
            8,
            8,
            8,
            9,
            8,
            9,
            8
        ],
        "margin_bottom": [
            8,
            8,
            9,
            8,
            8,
            8,
            8,
            8,
            9,
            8,
            8,
            8
        ],
        "background_color": [
            128.0,
            128.0,
            128.0,
            128.0,
            128.0,
            128.0,
            128.0,
            128.0,
            128.0,
            128.0,
            128.0,
            128.0
        ],
        "background_proportion": [
            0.6410970052083356,
            0.6399556477864606,
            0.6470458984375023,
            0.6414774576822939,
            0.6421864827473981,
            0.6391601562500022,
            0.6389699300130232,
            0.6417887369791689,
            0.6503489176432314,
            0.6414082845052106,
            0.6473571777343773,
            0.6417022705078148
        ],
        "is_uniform": [
            false,
            false,
            false,
            false,
            false,
            false,
            false,
            false,
            false,
            false,
            false,
            false
        ],
        "bad_properties": [
            false,
            false,
            false,
            false,
            false,
            false,
            false,
            false,
            false,
            false,
            false,
            false
        ]
    }
}