{
    "recording": "dynamic29712-5-9-Video-9b4f6a1a067fe51e15306b9628efea20",
    "trial": "392",
    "trial_type": "train",
    "first_label": "NaturalVideo",
    "label": "NaturalVideo",
    "ID": null,
    "sampling_freq": 30,
    "valid_frames": 300,
    "peaks": [
        62,
        92,
        180
    ],
    "n_peaks": 3,
    "segments_n_peaks": 4,
    "segments_bad_n": 0,
    "segments_avg_duration": 75.0,
    "segments": {
        "frame_start": [
            0,
            63,
            93,
            181
        ],
        "frame_end": [
            63,
            93,
            181,
            300
        ],
        "duration": [
            63,
            30,
            88,
            119
        ],
        "transition_start": [
            2,
            0,
            1,
            0
        ],
        "transition_end": [
            0,
            0,
            0,
            0
        ],
        "max_change": [
            49.9757619595052,
            220.28303305466696,
            16.10277839458309,
            4295.124774675375
        ],
        "is_static": [
            true,
            false,
            true,
            false
        ],
        "intensity_range": [
            244.48630745152784,
            243.0354868073135,
            246.585367468957,
            252.62722584797328
        ],
        "margin_left": [
            0,
            0,
            0,
            0
        ],
        "margin_right": [
            0,
            0,
            0,
            0
        ],
        "margin_top": [
            0,
            0,
            0,
            0
        ],
        "margin_bottom": [
            0,
            0,
            0,
            0
        ],
        "background_color": [
            187.2313725490196,
            182.21176470588236,
            186.22745098039215,
            209.31764705882352
        ],
        "background_proportion": [
            0.012055694079790001,
            0.015304565429687556,
            0.010172233727699988,
            0.007607596261160741
        ],
        "is_uniform": [
            false,
            false,
            false,
            false
        ],
        "bad_properties": [
            false,
            false,
            false,
            false
        ]
    }
}