{
    "recording": "dynamic29712-5-9-Video-9b4f6a1a067fe51e15306b9628efea20",
    "trial": "438",
    "trial_type": "final_test_bonus",
    "first_label": "Gabor",
    "label": "Gabor",
    "ID": null,
    "sampling_freq": 30,
    "valid_frames": 300,
    "peaks": [
        24,
        49,
        74,
        99,
        124,
        149,
        174,
        199,
        224,
        249,
        274
    ],
    "n_peaks": 11,
    "segments_n_peaks": 12,
    "segments_bad_n": 0,
    "segments_avg_duration": 25.0,
    "segments": {
        "frame_start": [
            0,
            25,
            50,
            75,
            100,
            125,
            150,
            175,
            200,
            225,
            250,
            275
        ],
        "frame_end": [
            25,
            50,
            75,
            100,
            125,
            150,
            175,
            200,
            225,
            250,
            275,
            300
        ],
        "duration": [
            25,
            25,
            25,
            25,
            25,
            25,
            25,
            25,
            25,
            25,
            25,
            25
        ],
        "transition_start": [
            0,
            0,
            0,
            0,
            0,
            0,
            0,
            0,
            0,
            0,
            0,
            0
        ],
        "transition_end": [
            0,
            0,
            0,
            0,
            0,
            0,
            0,
            0,
            0,
            0,
            0,
            0
        ],
        "max_change": [
            22.465901748567063,
            22.42940287709966,
            107.28480551012447,
            22.322437551490754,
            79.25384594652782,
            17.01285151617046,
            17.538010042350354,
            27.40332000190128,
            98.67059021444851,
            37.317296263446195,
            38.15182483148902,
            44.94844162090958
        ],
        "is_static": [
            true,
            true,
            false,
            true,
            false,
            true,
            true,
            true,
            false,
            true,
            true,
            true
        ],
        "intensity_range": [
            223.7912260931457,
            224.1445943586221,
            188.0634225089348,
            223.64252966613046,
            213.18257425375714,
            223.65716404363639,
            223.5141355747838,
            222.6742384524506,
            180.70740741247172,
            213.7291408579916,
            189.42769483130775,
            213.39184974101286
        ],
        "margin_left": [
            22,
            22,
            23,
            22,
            22,
            22,
            22,
            22,
            23,
            22,
            23,
            22
        ],
        "margin_right": [
            22,
            22,
            23,
            22,
            22,
            22,
            22,
            22,
            23,
            22,
            23,
            22
        ],
        "margin_top": [
            8,
            8,
            9,
            8,
            8,
            8,
            8,
            8,
            9,
            8,
            9,
            8
        ],
        "margin_bottom": [
            8,
            8,
            9,
            8,
            8,
            8,
            8,
            8,
            9,
            8,
            8,
            8
        ],
        "background_color": [
            128.0,
            128.0,
            128.0,
            128.0,
            128.0,
            128.0,
            128.0,
            128.0,
            128.0,
            128.0,
            128.0,
            128.0
        ],
        "background_proportion": [
            0.6410970052083356,
            0.6399556477864606,
            0.6470458984375023,
            0.6414774576822939,
            0.6421864827473981,
            0.6391601562500022,
            0.6389699300130232,
            0.6417887369791689,
            0.6504180908203148,
            0.6414082845052106,
            0.6473571777343773,
            0.6417195638020856
        ],
        "is_uniform": [
            false,
            false,
            false,
            false,
            false,
            false,
            false,
            false,
            false,
            false,
            false,
            false
        ],
        "bad_properties": [
            false,
            false,
            false,
            false,
            false,
            false,
            false,
            false,
            false,
            false,
            false,
            false
        ]
    }
}