{
    "recording": "dynamic29712-5-9-Video-9b4f6a1a067fe51e15306b9628efea20",
    "trial": "55",
    "trial_type": "final_test_bonus",
    "first_label": "Gabor",
    "label": "Gabor",
    "ID": null,
    "sampling_freq": 30,
    "valid_frames": 300,
    "peaks": [
        24,
        49,
        74,
        99,
        124,
        149,
        174,
        199,
        224,
        249,
        274
    ],
    "n_peaks": 11,
    "segments_n_peaks": 12,
    "segments_bad_n": 0,
    "segments_avg_duration": 25.0,
    "segments": {
        "frame_start": [
            0,
            25,
            50,
            75,
            100,
            125,
            150,
            175,
            200,
            225,
            250,
            275
        ],
        "frame_end": [
            25,
            50,
            75,
            100,
            125,
            150,
            175,
            200,
            225,
            250,
            275,
            300
        ],
        "duration": [
            25,
            25,
            25,
            25,
            25,
            25,
            25,
            25,
            25,
            25,
            25,
            25
        ],
        "transition_start": [
            0,
            0,
            0,
            0,
            0,
            0,
            0,
            0,
            0,
            0,
            0,
            0
        ],
        "transition_end": [
            0,
            0,
            0,
            0,
            0,
            0,
            0,
            0,
            0,
            0,
            0,
            0
        ],
        "max_change": [
            22.464348204850978,
            22.430482321020197,
            107.3079731171942,
            22.32481394698634,
            79.26889909853442,
            16.93387153839341,
            17.445380449052564,
            27.29541954986537,
            98.71426845027995,
            37.18637327630797,
            37.96211758018764,
            44.72186231266114
        ],
        "is_static": [
            true,
            true,
            false,
            true,
            false,
            true,
            true,
            true,
            false,
            true,
            true,
            true
        ],
        "intensity_range": [
            223.79263295494945,
            224.14670960672396,
            188.08425920318578,
            223.64748845041478,
            213.19950031284023,
            223.66064290054703,
            223.51830123584614,
            222.67794586805917,
            180.7439271418908,
            213.7469457327905,
            189.43854918009123,
            213.3959594896537
        ],
        "margin_left": [
            22,
            22,
            23,
            22,
            22,
            22,
            22,
            22,
            23,
            22,
            23,
            22
        ],
        "margin_right": [
            22,
            22,
            23,
            22,
            22,
            22,
            22,
            22,
            23,
            22,
            23,
            22
        ],
        "margin_top": [
            8,
            8,
            9,
            8,
            8,
            8,
            8,
            8,
            9,
            8,
            9,
            8
        ],
        "margin_bottom": [
            8,
            8,
            9,
            8,
            8,
            8,
            8,
            8,
            9,
            8,
            8,
            8
        ],
        "background_color": [
            128.0,
            128.0,
            128.0,
            128.0,
            128.0,
            128.0,
            128.0,
            128.0,
            128.0,
            128.0,
            128.0,
            128.0
        ],
        "background_proportion": [
            0.6410970052083356,
            0.6399556477864606,
            0.6470286051432315,
            0.6414947509765647,
            0.6422210693359398,
            0.6391601562500022,
            0.6389526367187522,
            0.6418060302734397,
            0.6504180908203148,
            0.6412526448567731,
            0.6473398844401065,
            0.6416676839192731
        ],
        "is_uniform": [
            false,
            false,
            false,
            false,
            false,
            false,
            false,
            false,
            false,
            false,
            false,
            false
        ],
        "bad_properties": [
            false,
            false,
            false,
            false,
            false,
            false,
            false,
            false,
            false,
            false,
            false,
            false
        ]
    }
}