{
    "recording": "dynamic29712-5-9-Video-9b4f6a1a067fe51e15306b9628efea20",
    "trial": "561",
    "trial_type": "train",
    "first_label": "NaturalVideo",
    "label": "NaturalVideo",
    "ID": null,
    "sampling_freq": 30,
    "valid_frames": 300,
    "peaks": [
        4,
        257
    ],
    "n_peaks": 2,
    "segments_n_peaks": 3,
    "segments_bad_n": 0,
    "segments_avg_duration": 100.0,
    "segments": {
        "frame_start": [
            0,
            5,
            258
        ],
        "frame_end": [
            5,
            258,
            300
        ],
        "duration": [
            5,
            253,
            42
        ],
        "transition_start": [
            0,
            0,
            0
        ],
        "transition_end": [
            0,
            0,
            0
        ],
        "max_change": [
            316.06133252264783,
            1009.4315823721959,
            1514.0298720197216
        ],
        "is_static": [
            false,
            false,
            false
        ],
        "intensity_range": [
            252.98748103692586,
            255.0,
            254.5625
        ],
        "margin_left": [
            1,
            0,
            0
        ],
        "margin_right": [
            2,
            0,
            0
        ],
        "margin_top": [
            0,
            0,
            0
        ],
        "margin_bottom": [
            0,
            0,
            0
        ],
        "background_color": [
            229.39607843137253,
            253.49019607843138,
            0.5019607843137255
        ],
        "background_proportion": [
            0.009684244791666427,
            0.082997559558733,
            0.018929981050037202
        ],
        "is_uniform": [
            false,
            false,
            false
        ],
        "bad_properties": [
            false,
            false,
            false
        ]
    }
}