{
    "recording": "dynamic29712-5-9-Video-9b4f6a1a067fe51e15306b9628efea20",
    "trial": "586",
    "trial_type": "final_test_bonus",
    "first_label": "Gabor",
    "label": "Gabor",
    "ID": null,
    "sampling_freq": 30,
    "valid_frames": 300,
    "peaks": [
        24,
        49,
        74,
        99,
        124,
        149,
        174,
        199,
        224,
        249,
        275
    ],
    "n_peaks": 11,
    "segments_n_peaks": 12,
    "segments_bad_n": 0,
    "segments_avg_duration": 25.0,
    "segments": {
        "frame_start": [
            0,
            25,
            50,
            75,
            100,
            125,
            150,
            175,
            200,
            225,
            250,
            276
        ],
        "frame_end": [
            25,
            50,
            75,
            100,
            125,
            150,
            175,
            200,
            225,
            250,
            276,
            300
        ],
        "duration": [
            25,
            25,
            25,
            25,
            25,
            25,
            25,
            25,
            25,
            25,
            26,
            24
        ],
        "transition_start": [
            0,
            0,
            0,
            0,
            0,
            0,
            0,
            0,
            0,
            0,
            0,
            0
        ],
        "transition_end": [
            0,
            0,
            0,
            0,
            0,
            0,
            0,
            0,
            0,
            0,
            0,
            0
        ],
        "max_change": [
            2.527920740810785,
            2.6542593963922494,
            9.431881302307952,
            9.420662247150895,
            86.31124628684624,
            28.583562039173657,
            101.69077186534547,
            77.51062125062737,
            25.12465814527039,
            30.418357789216227,
            169.06618537739882,
            2.5189257416686237
        ],
        "is_static": [
            true,
            true,
            true,
            true,
            false,
            true,
            false,
            false,
            true,
            true,
            false,
            true
        ],
        "intensity_range": [
            219.63281931007873,
            219.63075558136842,
            216.89651824197372,
            217.40318972871836,
            213.38907317664237,
            189.79142533087736,
            183.4703273663398,
            210.6717187692523,
            216.2065181848277,
            223.01490910812333,
            182.70979486881117,
            219.35300070661248
        ],
        "margin_left": [
            22,
            22,
            22,
            22,
            22,
            23,
            23,
            22,
            22,
            22,
            23,
            22
        ],
        "margin_right": [
            22,
            22,
            22,
            22,
            22,
            22,
            23,
            22,
            22,
            22,
            23,
            22
        ],
        "margin_top": [
            8,
            8,
            8,
            8,
            8,
            9,
            9,
            8,
            8,
            8,
            9,
            8
        ],
        "margin_bottom": [
            8,
            8,
            8,
            8,
            8,
            9,
            9,
            8,
            8,
            8,
            9,
            8
        ],
        "background_color": [
            128.0,
            128.0,
            128.0,
            128.0,
            128.0,
            128.0,
            128.0,
            128.0,
            128.0,
            128.0,
            128.0,
            128.0
        ],
        "background_proportion": [
            0.6425150553385439,
            0.6421173095703148,
            0.642411295572919,
            0.6420654296875022,
            0.6438812255859397,
            0.6452819824218773,
            0.6486887613932314,
            0.6422210693359398,
            0.6418752034505231,
            0.6380879720052106,
            0.6556320190429711,
            0.6427160898844423
        ],
        "is_uniform": [
            false,
            false,
            false,
            false,
            false,
            false,
            false,
            false,
            false,
            false,
            false,
            false
        ],
        "bad_properties": [
            false,
            false,
            false,
            false,
            false,
            false,
            false,
            false,
            false,
            false,
            false,
            false
        ]
    }
}