{
    "recording": "dynamic29712-5-9-Video-9b4f6a1a067fe51e15306b9628efea20",
    "trial": "633",
    "trial_type": "train",
    "first_label": "NaturalVideo",
    "label": "NaturalVideo",
    "ID": null,
    "sampling_freq": 30,
    "valid_frames": 300,
    "peaks": [
        44,
        92
    ],
    "n_peaks": 2,
    "segments_n_peaks": 3,
    "segments_bad_n": 0,
    "segments_avg_duration": 100.0,
    "segments": {
        "frame_start": [
            0,
            45,
            93
        ],
        "frame_end": [
            45,
            93,
            300
        ],
        "duration": [
            45,
            48,
            207
        ],
        "transition_start": [
            0,
            0,
            0
        ],
        "transition_end": [
            0,
            0,
            0
        ],
        "max_change": [
            2.5310063902010027,
            21.916917023912575,
            22.78329693405263
        ],
        "is_static": [
            true,
            true,
            true
        ],
        "intensity_range": [
            174.875,
            191.1809772978959,
            129.25
        ],
        "margin_left": [
            1,
            1,
            0
        ],
        "margin_right": [
            0,
            0,
            0
        ],
        "margin_top": [
            0,
            0,
            0
        ],
        "margin_bottom": [
            0,
            0,
            0
        ],
        "background_color": [
            32.627450980392155,
            3.5137254901960784,
            31.623529411764707
        ],
        "background_proportion": [
            0.02721772370515056,
            0.0703981187608507,
            0.030020991769197865
        ],
        "is_uniform": [
            false,
            false,
            false
        ],
        "bad_properties": [
            false,
            false,
            false
        ]
    }
}