{
    "recording": "dynamic29712-5-9-Video-9b4f6a1a067fe51e15306b9628efea20",
    "trial": "654",
    "trial_type": "train",
    "first_label": "NaturalVideo",
    "label": "NaturalVideo",
    "ID": null,
    "sampling_freq": 30,
    "valid_frames": 300,
    "peaks": [
        104,
        214,
        279
    ],
    "n_peaks": 3,
    "segments_n_peaks": 4,
    "segments_bad_n": 0,
    "segments_avg_duration": 75.0,
    "segments": {
        "frame_start": [
            0,
            105,
            215,
            280
        ],
        "frame_end": [
            105,
            215,
            280,
            300
        ],
        "duration": [
            105,
            110,
            65,
            20
        ],
        "transition_start": [
            0,
            0,
            0,
            0
        ],
        "transition_end": [
            0,
            0,
            0,
            0
        ],
        "max_change": [
            2968.315688686459,
            13165.116163090515,
            6076.25836157239,
            396.30586331525905
        ],
        "is_static": [
            false,
            false,
            false,
            false
        ],
        "intensity_range": [
            253.27661800534423,
            250.89650908785646,
            215.31801424621636,
            228.31046108284988
        ],
        "margin_left": [
            0,
            0,
            0,
            0
        ],
        "margin_right": [
            0,
            0,
            0,
            0
        ],
        "margin_top": [
            0,
            0,
            0,
            0
        ],
        "margin_bottom": [
            0,
            0,
            0,
            0
        ],
        "background_color": [
            4.517647058823529,
            18.57254901960784,
            4.517647058823529,
            26.60392156862745
        ],
        "background_proportion": [
            0.0168609619140625,
            0.02088165283203125,
            0.025999802809495192,
            0.014634450276692709
        ],
        "is_uniform": [
            false,
            false,
            false,
            false
        ],
        "bad_properties": [
            false,
            false,
            false,
            false
        ]
    }
}