{
    "recording": "dynamic29712-5-9-Video-9b4f6a1a067fe51e15306b9628efea20",
    "trial": "657",
    "trial_type": "train",
    "first_label": "NaturalVideo",
    "label": "NaturalVideo",
    "ID": null,
    "sampling_freq": 30,
    "valid_frames": 300,
    "peaks": [
        25,
        131,
        172,
        210
    ],
    "n_peaks": 4,
    "segments_n_peaks": 5,
    "segments_bad_n": 0,
    "segments_avg_duration": 60.0,
    "segments": {
        "frame_start": [
            0,
            26,
            132,
            173,
            211
        ],
        "frame_end": [
            26,
            132,
            173,
            211,
            300
        ],
        "duration": [
            26,
            106,
            41,
            38,
            89
        ],
        "transition_start": [
            0,
            0,
            0,
            0,
            0
        ],
        "transition_end": [
            0,
            0,
            0,
            0,
            0
        ],
        "max_change": [
            18556.945026298436,
            14792.910098968468,
            6319.307087030105,
            886.1646149767444,
            3131.864176723874
        ],
        "is_static": [
            false,
            false,
            false,
            false,
            false
        ],
        "intensity_range": [
            253.5587938055943,
            253.77183047186284,
            252.75776937476328,
            250.92798068999682,
            252.92429505178745
        ],
        "margin_left": [
            0,
            0,
            0,
            0,
            1
        ],
        "margin_right": [
            0,
            0,
            0,
            0,
            0
        ],
        "margin_top": [
            0,
            0,
            0,
            0,
            0
        ],
        "margin_bottom": [
            0,
            0,
            0,
            0,
            0
        ],
        "background_color": [
            0.5019607843137255,
            0.5019607843137255,
            0.5019607843137255,
            0.5019607843137255,
            5.52156862745098
        ],
        "background_proportion": [
            0.19390106201171875,
            0.2195718153467718,
            0.12517603432259908,
            0.23325468364514804,
            0.07083935684032655
        ],
        "is_uniform": [
            false,
            false,
            false,
            false,
            false
        ],
        "bad_properties": [
            false,
            false,
            false,
            false,
            false
        ]
    }
}