{
    "recording": "dynamic29712-5-9-Video-9b4f6a1a067fe51e15306b9628efea20",
    "trial": "673",
    "trial_type": "final_test_bonus",
    "first_label": "Gabor",
    "label": "Gabor",
    "ID": null,
    "sampling_freq": 30,
    "valid_frames": 300,
    "peaks": [
        24,
        49,
        74,
        99,
        124,
        149,
        174,
        199,
        224,
        249,
        274
    ],
    "n_peaks": 11,
    "segments_n_peaks": 12,
    "segments_bad_n": 0,
    "segments_avg_duration": 25.0,
    "segments": {
        "frame_start": [
            0,
            25,
            50,
            75,
            100,
            125,
            150,
            175,
            200,
            225,
            250,
            275
        ],
        "frame_end": [
            25,
            50,
            75,
            100,
            125,
            150,
            175,
            200,
            225,
            250,
            275,
            300
        ],
        "duration": [
            25,
            25,
            25,
            25,
            25,
            25,
            25,
            25,
            25,
            25,
            25,
            25
        ],
        "transition_start": [
            0,
            0,
            0,
            0,
            0,
            0,
            0,
            0,
            0,
            0,
            0,
            0
        ],
        "transition_end": [
            0,
            0,
            0,
            0,
            0,
            0,
            0,
            0,
            0,
            0,
            0,
            0
        ],
        "max_change": [
            82.26646406982844,
            9.451646905381116,
            28.90518238193513,
            208.37541016762154,
            11.681591910789498,
            11.562496873439775,
            187.49269726055692,
            28.568130275734518,
            28.776081098100626,
            21.89960527592482,
            76.16601066402434,
            42.783663710118745
        ],
        "is_static": [
            false,
            true,
            true,
            false,
            true,
            true,
            false,
            true,
            true,
            true,
            false,
            true
        ],
        "intensity_range": [
            217.4664166899429,
            217.23158788436177,
            191.2189222796533,
            178.37703340403783,
            223.18485195452777,
            216.9908542459905,
            174.81376355566573,
            189.88226901963594,
            221.8975050479975,
            219.51054549306764,
            209.39694502464366,
            189.19569330092702
        ],
        "margin_left": [
            22,
            22,
            23,
            23,
            22,
            22,
            23,
            23,
            22,
            24,
            22,
            23
        ],
        "margin_right": [
            22,
            22,
            22,
            23,
            22,
            22,
            23,
            22,
            22,
            23,
            22,
            22
        ],
        "margin_top": [
            8,
            8,
            9,
            9,
            8,
            8,
            9,
            9,
            8,
            8,
            8,
            9
        ],
        "margin_bottom": [
            8,
            8,
            8,
            9,
            8,
            8,
            9,
            8,
            8,
            8,
            8,
            9
        ],
        "background_color": [
            128.0,
            128.0,
            128.0,
            128.0,
            128.0,
            128.0,
            128.0,
            128.0,
            128.0,
            128.0,
            128.0,
            128.0
        ],
        "background_proportion": [
            0.6389526367187522,
            0.6410105387369814,
            0.6458007812500023,
            0.6486887613932314,
            0.6378631591796897,
            0.6429646809895856,
            0.6506256103515647,
            0.6473744710286481,
            0.6410451253255232,
            0.6420308430989606,
            0.642930094401044,
            0.6477722167968772
        ],
        "is_uniform": [
            false,
            false,
            false,
            false,
            false,
            false,
            false,
            false,
            false,
            false,
            false,
            false
        ],
        "bad_properties": [
            false,
            false,
            false,
            false,
            false,
            false,
            false,
            false,
            false,
            false,
            false,
            false
        ]
    }
}