{
    "recording": "dynamic29234-6-9-Video-8744edeac3b4d1ce16b680916b5267ce",
    "trial": "173",
    "trial_type": "train",
    "first_label": "NaturalVideo",
    "label": "NaturalVideo",
    "ID": null,
    "sampling_freq": 30,
    "valid_frames": 300,
    "peaks": [
        140,
        193,
        229
    ],
    "n_peaks": 3,
    "segments_n_peaks": 4,
    "segments_bad_n": 0,
    "segments_avg_duration": 75.0,
    "segments": {
        "frame_start": [
            0,
            141,
            194,
            230
        ],
        "frame_end": [
            141,
            194,
            230,
            300
        ],
        "duration": [
            141,
            53,
            36,
            70
        ],
        "transition_start": [
            0,
            0,
            0,
            0
        ],
        "transition_end": [
            0,
            0,
            0,
            0
        ],
        "max_change": [
            785.7362364720069,
            1435.2486809581007,
            1247.6706639027175,
            307.0495355544287
        ],
        "is_static": [
            false,
            false,
            false,
            false
        ],
        "intensity_range": [
            235.29002380371094,
            236.625,
            246.73681640625,
            230.0625
        ],
        "margin_left": [
            0,
            0,
            0,
            0
        ],
        "margin_right": [
            0,
            0,
            0,
            0
        ],
        "margin_top": [
            0,
            0,
            0,
            0
        ],
        "margin_bottom": [
            0,
            0,
            0,
            0
        ],
        "background_color": [
            3.513725757598877,
            5.521568775177002,
            4.5176472663879395,
            8.533333778381348
        ],
        "background_proportion": [
            0.34377468478060513,
            0.031021887750925566,
            0.092110815946685,
            0.07975297222481573
        ],
        "is_uniform": [
            false,
            false,
            false,
            false
        ],
        "bad_properties": [
            false,
            false,
            false,
            false
        ]
    }
}