{
    "recording": "dynamic29234-6-9-Video-8744edeac3b4d1ce16b680916b5267ce",
    "trial": "69",
    "trial_type": "final_test_bonus",
    "first_label": "NaturalVideo",
    "label": "NaturalVideo",
    "ID": null,
    "sampling_freq": 30,
    "valid_frames": 300,
    "peaks": [
        19,
        142
    ],
    "n_peaks": 2,
    "segments_n_peaks": 3,
    "segments_bad_n": 0,
    "segments_avg_duration": 100.0,
    "segments": {
        "frame_start": [
            0,
            20,
            143
        ],
        "frame_end": [
            20,
            143,
            300
        ],
        "duration": [
            20,
            123,
            157
        ],
        "transition_start": [
            0,
            0,
            0
        ],
        "transition_end": [
            0,
            0,
            0
        ],
        "max_change": [
            13.443874555829906,
            36.83718956463805,
            464.0641735579884
        ],
        "is_static": [
            true,
            true,
            false
        ],
        "intensity_range": [
            211.56222534179688,
            137.75,
            203.94204711914062
        ],
        "margin_left": [
            0,
            0,
            0
        ],
        "margin_right": [
            0,
            0,
            0
        ],
        "margin_top": [
            0,
            0,
            0
        ],
        "margin_bottom": [
            0,
            0,
            0
        ],
        "background_color": [
            1.5058825016021729,
            0.501960813999176,
            1.5058825016021729
        ],
        "background_proportion": [
            0.04645410898777725,
            0.06405899785509922,
            0.021630385105736654
        ],
        "is_uniform": [
            false,
            false,
            false
        ],
        "bad_properties": [
            false,
            false,
            false
        ]
    }
}