{
    "recording": "dynamic29234-6-9-Video-8744edeac3b4d1ce16b680916b5267ce",
    "trial": "75",
    "trial_type": "train",
    "first_label": "NaturalVideo",
    "label": "NaturalVideo",
    "ID": null,
    "sampling_freq": 30,
    "valid_frames": 300,
    "peaks": [
        106
    ],
    "n_peaks": 1,
    "segments_n_peaks": 2,
    "segments_bad_n": 0,
    "segments_avg_duration": 150.0,
    "segments": {
        "frame_start": [
            0,
            107
        ],
        "frame_end": [
            107,
            300
        ],
        "duration": [
            107,
            193
        ],
        "transition_start": [
            0,
            0
        ],
        "transition_end": [
            0,
            0
        ],
        "max_change": [
            6665.754268384782,
            106.24151601409591
        ],
        "is_static": [
            false,
            false
        ],
        "intensity_range": [
            232.56741333007812,
            221.9891815185547
        ],
        "margin_left": [
            0,
            4
        ],
        "margin_right": [
            0,
            0
        ],
        "margin_top": [
            0,
            0
        ],
        "margin_bottom": [
            0,
            0
        ],
        "background_color": [
            228.39215087890625,
            221.36471557617188
        ],
        "background_proportion": [
            0.038586675264070856,
            0.09274761640766843
        ],
        "is_uniform": [
            false,
            false
        ],
        "bad_properties": [
            false,
            false
        ]
    }
}