{
    "recording": "dynamic29513-3-5-Video-8744edeac3b4d1ce16b680916b5267ce",
    "trial": "103",
    "trial_type": "oracle",
    "first_label": "NaturalVideo",
    "label": "NaturalVideo",
    "ID": null,
    "sampling_freq": 30,
    "valid_frames": 300,
    "n_peaks": 3,
    "segments_n_peaks": 4,
    "segments_bad_n": 0,
    "segments_avg_duration": 75.0,
    "segments": {
        "frame_start": [
            0,
            54,
            144,
            191
        ],
        "frame_end": [
            54,
            144,
            191,
            300
        ],
        "duration": [
            54,
            90,
            47,
            109
        ],
        "transition_start": [
            0,
            0,
            0,
            0
        ],
        "transition_end": [
            0,
            0,
            0,
            0
        ],
        "max_change": [
            30.929624439753653,
            7.2711112090216545,
            369.94985629940675,
            1925.9750189343
        ],
        "is_static": [
            true,
            true,
            false,
            false
        ],
        "intensity_range": [
            98.287841796875,
            91.47623443603516,
            168.93246459960938,
            208.25076293945312
        ],
        "margin_left": [
            0,
            0,
            0,
            0
        ],
        "margin_right": [
            0,
            1,
            0,
            0
        ],
        "margin_top": [
            0,
            0,
            0,
            0
        ],
        "margin_bottom": [
            0,
            0,
            0,
            0
        ],
        "background_color": [
            3.513725757598877,
            24.596078872680664,
            3.513725757598877,
            3.513725757598877
        ],
        "background_proportion": [
            0.09050155725204108,
            0.04141744224731777,
            0.08051498820576455,
            0.06147844346724581
        ],
        "is_uniform": [
            false,
            false,
            false,
            false
        ],
        "bad_properties": [
            false,
            false,
            false,
            false
        ]
    }
}