{
    "recording": "dynamic29513-3-5-Video-8744edeac3b4d1ce16b680916b5267ce",
    "trial": "12",
    "trial_type": "final_test_bonus",
    "first_label": "NaturalVideo",
    "label": "NaturalVideo",
    "ID": null,
    "sampling_freq": 30,
    "valid_frames": 300,
    "n_peaks": 2,
    "segments_n_peaks": 3,
    "segments_bad_n": 0,
    "segments_avg_duration": 100.0,
    "segments": {
        "frame_start": [
            0,
            78,
            271
        ],
        "frame_end": [
            78,
            271,
            300
        ],
        "duration": [
            78,
            193,
            29
        ],
        "transition_start": [
            0,
            0,
            0
        ],
        "transition_end": [
            0,
            0,
            0
        ],
        "max_change": [
            1081.5909866686354,
            3290.175662571852,
            453.4409487606438
        ],
        "is_static": [
            false,
            false,
            false
        ],
        "intensity_range": [
            227.51551818847656,
            230.61209106445312,
            236.5026397705078
        ],
        "margin_left": [
            0,
            0,
            0
        ],
        "margin_right": [
            0,
            0,
            0
        ],
        "margin_top": [
            0,
            0,
            0
        ],
        "margin_bottom": [
            0,
            0,
            0
        ],
        "background_color": [
            187.23138427734375,
            221.36471557617188,
            16.564706802368164
        ],
        "background_proportion": [
            0.022353801266451548,
            0.02079675564507762,
            0.02189987137762213
        ],
        "is_uniform": [
            false,
            false,
            false
        ],
        "bad_properties": [
            false,
            false,
            false
        ]
    }
}