{
    "recording": "dynamic29513-3-5-Video-8744edeac3b4d1ce16b680916b5267ce",
    "trial": "13",
    "trial_type": "train",
    "first_label": "NaturalVideo",
    "label": "NaturalVideo",
    "ID": null,
    "sampling_freq": 30,
    "valid_frames": 300,
    "n_peaks": 3,
    "segments_n_peaks": 4,
    "segments_bad_n": 0,
    "segments_avg_duration": 75.0,
    "segments": {
        "frame_start": [
            0,
            67,
            121,
            280
        ],
        "frame_end": [
            67,
            121,
            280,
            300
        ],
        "duration": [
            67,
            54,
            159,
            20
        ],
        "transition_start": [
            0,
            0,
            0,
            0
        ],
        "transition_end": [
            0,
            0,
            0,
            0
        ],
        "max_change": [
            5053.867510743077,
            6408.2262260247435,
            4785.668739214355,
            242.05222156116204
        ],
        "is_static": [
            false,
            false,
            false,
            false
        ],
        "intensity_range": [
            242.3453369140625,
            239.13575744628906,
            239.76512145996094,
            192.04771423339844
        ],
        "margin_left": [
            0,
            0,
            0,
            0
        ],
        "margin_right": [
            0,
            0,
            0,
            0
        ],
        "margin_top": [
            0,
            0,
            0,
            0
        ],
        "margin_bottom": [
            0,
            0,
            0,
            0
        ],
        "background_color": [
            1.5058825016021729,
            17.568628311157227,
            10.541176795959473,
            10.541176795959473
        ],
        "background_proportion": [
            0.014828353688131535,
            0.013514390031986467,
            0.016173037807214064,
            0.026545208287946875
        ],
        "is_uniform": [
            false,
            false,
            false,
            false
        ],
        "bad_properties": [
            false,
            false,
            false,
            false
        ]
    }
}