{
    "recording": "dynamic29513-3-5-Video-8744edeac3b4d1ce16b680916b5267ce",
    "trial": "188",
    "trial_type": "train",
    "first_label": "NaturalVideo",
    "label": "NaturalVideo",
    "ID": null,
    "sampling_freq": 30,
    "valid_frames": 300,
    "peaks": [
        160,
        237
    ],
    "n_peaks": 2,
    "segments_n_peaks": 3,
    "segments_bad_n": 0,
    "segments_avg_duration": 100.0,
    "segments": {
        "frame_start": [
            0,
            161,
            238
        ],
        "frame_end": [
            161,
            238,
            300
        ],
        "duration": [
            161,
            77,
            62
        ],
        "transition_start": [
            0,
            0,
            1
        ],
        "transition_end": [
            0,
            0,
            0
        ],
        "max_change": [
            27.38140102827126,
            203.4837321574593,
            27.25665522420934
        ],
        "is_static": [
            true,
            false,
            true
        ],
        "intensity_range": [
            178.3634796142578,
            252.40916442871094,
            182.18411254882812
        ],
        "margin_left": [
            0,
            0,
            0
        ],
        "margin_right": [
            0,
            0,
            0
        ],
        "margin_top": [
            0,
            0,
            0
        ],
        "margin_bottom": [
            0,
            0,
            0
        ],
        "background_color": [
            27.60784339904785,
            9.53725528717041,
            2.5098040103912354
        ],
        "background_proportion": [
            0.03168915805188066,
            0.07863396126585219,
            0.09959237113852445
        ],
        "is_uniform": [
            false,
            false,
            false
        ],
        "bad_properties": [
            false,
            false,
            false
        ]
    }
}