{
    "recording": "dynamic29513-3-5-Video-8744edeac3b4d1ce16b680916b5267ce",
    "trial": "192",
    "trial_type": "live_test_bonus",
    "first_label": "PinkNoise",
    "label": "PinkNoise",
    "ID": null,
    "sampling_freq": 30,
    "valid_frames": 324,
    "n_peaks": 10,
    "segments_n_peaks": 11,
    "segments_bad_n": 0,
    "segments_avg_duration": 27.0,
    "segments": {
        "frame_start": [
            0,
            27,
            54,
            81,
            108,
            135,
            162,
            189,
            216,
            243,
            270,
            297
        ],
        "frame_end": [
            27,
            54,
            81,
            108,
            135,
            162,
            189,
            216,
            243,
            270,
            297,
            324
        ],
        "duration": [
            27,
            27,
            27,
            27,
            27,
            27,
            27,
            27,
            27,
            27,
            27,
            27
        ],
        "transition_start": [
            0,
            0,
            0,
            0,
            0,
            0,
            0,
            0,
            0,
            0,
            0,
            0
        ],
        "transition_end": [
            0,
            0,
            0,
            0,
            0,
            0,
            0,
            0,
            0,
            0,
            0,
            0
        ],
        "max_change": [
            471.5223294872669,
            448.1822740612058,
            434.9495258633133,
            486.5417302309362,
            407.0798600228727,
            426.25027311087473,
            409.3755218592499,
            440.45244179373236,
            446.6741578546884,
            404.5654811352976,
            452.25575191011336,
            402.835005690346
        ],
        "is_static": [
            false,
            false,
            false,
            false,
            false,
            false,
            false,
            false,
            false,
            false,
            false,
            false
        ],
        "intensity_range": [
            254.98077392578125,
            254.8572235107422,
            254.49954223632812,
            254.28733825683594,
            254.3002471923828,
            254.8472442626953,
            254.92933654785156,
            255.0,
            254.74761962890625,
            252.41770935058594,
            251.39682006835938,
            252.69003295898438
        ],
        "margin_left": [
            0,
            0,
            0,
            0,
            0,
            0,
            0,
            0,
            0,
            0,
            0,
            0
        ],
        "margin_right": [
            0,
            0,
            0,
            0,
            0,
            0,
            0,
            0,
            0,
            0,
            0,
            0
        ],
        "margin_top": [
            0,
            0,
            0,
            0,
            0,
            0,
            0,
            0,
            0,
            0,
            0,
            0
        ],
        "margin_bottom": [
            0,
            0,
            0,
            0,
            0,
            0,
            0,
            0,
            0,
            0,
            0,
            0
        ],
        "background_color": [
            119.9686279296875,
            126.99607849121094,
            134.02352905273438,
            124.98823547363281,
            135.0274658203125,
            124.98823547363281,
            118.96470642089844,
            129.00393676757812,
            135.0274658203125,
            136.0313720703125,
            129.00393676757812,
            125.99215698242188
        ],
        "background_proportion": [
            0.009431250863554536,
            0.010071743282132095,
            0.010359964870491995,
            0.00995965710888102,
            0.00997566941934546,
            0.010055730971667657,
            0.01044002642281419,
            0.009847570935629948,
            0.010215854076312045,
            0.010263891007705361,
            0.011016469599533991,
            0.010135792523989851
        ],
        "is_uniform": [
            false,
            false,
            false,
            false,
            false,
            false,
            false,
            false,
            false,
            false,
            false,
            false
        ],
        "bad_properties": [
            false,
            false,
            false,
            false,
            false,
            false,
            false,
            false,
            false,
            false,
            false,
            false
        ]
    }
}