{
    "recording": "dynamic29513-3-5-Video-8744edeac3b4d1ce16b680916b5267ce",
    "trial": "213",
    "trial_type": "train",
    "first_label": "NaturalVideo",
    "label": "NaturalVideo",
    "ID": null,
    "sampling_freq": 30,
    "valid_frames": 300,
    "peaks": [
        35,
        116,
        180,
        274
    ],
    "n_peaks": 4,
    "segments_n_peaks": 5,
    "segments_bad_n": 0,
    "segments_avg_duration": 60.0,
    "segments": {
        "frame_start": [
            0,
            36,
            117,
            181,
            275
        ],
        "frame_end": [
            36,
            117,
            181,
            275,
            300
        ],
        "duration": [
            36,
            81,
            64,
            94,
            25
        ],
        "transition_start": [
            0,
            0,
            0,
            2,
            1
        ],
        "transition_end": [
            1,
            0,
            0,
            1,
            0
        ],
        "max_change": [
            1.845109609370463,
            807.944780576607,
            1236.2713837037709,
            49.937908873393496,
            7.355289696820516
        ],
        "is_static": [
            true,
            false,
            false,
            true,
            true
        ],
        "intensity_range": [
            205.4261016845703,
            229.4949951171875,
            217.10043334960938,
            225.1507110595703,
            200.3561248779297
        ],
        "margin_left": [
            0,
            0,
            0,
            0,
            0
        ],
        "margin_right": [
            0,
            0,
            0,
            0,
            1
        ],
        "margin_top": [
            0,
            0,
            0,
            0,
            0
        ],
        "margin_bottom": [
            0,
            0,
            0,
            0,
            0
        ],
        "background_color": [
            192.2509765625,
            230.39999389648438,
            187.23138427734375,
            230.39999389648438,
            187.23138427734375
        ],
        "background_proportion": [
            0.041429794601104616,
            0.10073878256860685,
            0.028689306697605457,
            0.06026998466923687,
            0.03763093113023957
        ],
        "is_uniform": [
            false,
            false,
            false,
            false,
            false
        ],
        "bad_properties": [
            false,
            false,
            false,
            false,
            false
        ]
    }
}