{
    "recording": "dynamic29513-3-5-Video-8744edeac3b4d1ce16b680916b5267ce",
    "trial": "227",
    "trial_type": "live_test_main",
    "first_label": "PinkNoise",
    "label": "PinkNoise",
    "ID": null,
    "sampling_freq": 30,
    "valid_frames": 324,
    "n_peaks": 10,
    "segments_n_peaks": 11,
    "segments_bad_n": 0,
    "segments_avg_duration": 27.0,
    "segments": {
        "frame_start": [
            0,
            27,
            54,
            81,
            108,
            135,
            162,
            189,
            216,
            243,
            270,
            297
        ],
        "frame_end": [
            27,
            54,
            81,
            108,
            135,
            162,
            189,
            216,
            243,
            270,
            297,
            324
        ],
        "duration": [
            27,
            27,
            27,
            27,
            27,
            27,
            27,
            27,
            27,
            27,
            27,
            27
        ],
        "transition_start": [
            0,
            0,
            0,
            0,
            0,
            0,
            0,
            0,
            0,
            0,
            0,
            0
        ],
        "transition_end": [
            0,
            0,
            0,
            0,
            0,
            0,
            0,
            0,
            0,
            0,
            0,
            0
        ],
        "max_change": [
            452.19929958206,
            422.82637401744637,
            446.0156359602795,
            467.98339015330487,
            474.6959097037252,
            404.9462138880443,
            399.2087158516233,
            437.60808808195947,
            390.5804958240411,
            391.9306452321788,
            385.3790686375482,
            424.32343698819204
        ],
        "is_static": [
            false,
            false,
            false,
            false,
            false,
            false,
            false,
            false,
            false,
            false,
            false,
            false
        ],
        "intensity_range": [
            254.0959014892578,
            254.81329345703125,
            254.75906372070312,
            254.8135223388672,
            254.37461853027344,
            253.88970947265625,
            253.27789306640625,
            254.73495483398438,
            254.6559600830078,
            253.68740844726562,
            253.1462860107422,
            252.7227020263672
        ],
        "margin_left": [
            0,
            0,
            0,
            0,
            0,
            0,
            0,
            0,
            0,
            0,
            0,
            0
        ],
        "margin_right": [
            0,
            0,
            0,
            0,
            0,
            0,
            0,
            0,
            0,
            0,
            0,
            0
        ],
        "margin_top": [
            0,
            0,
            0,
            0,
            0,
            0,
            0,
            0,
            0,
            0,
            0,
            0
        ],
        "margin_bottom": [
            0,
            0,
            0,
            0,
            0,
            0,
            0,
            0,
            0,
            0,
            0,
            0
        ],
        "background_color": [
            126.99607849121094,
            126.99607849121094,
            125.99215698242188,
            125.99215698242188,
            125.99215698242188,
            128.0,
            130.00784301757812,
            120.97254943847656,
            129.00393676757812,
            134.02352905273438,
            126.99607849121094,
            134.02352905273438
        ],
        "background_proportion": [
            0.010023706350738777,
            0.010984444978605113,
            0.01072824801117409,
            0.009895607867023265,
            0.009447263174018975,
            0.010119703307902413,
            0.010199841765847605,
            0.010311927939098678,
            0.010648186458851896,
            0.010375977180956434,
            0.009671435520521122,
            0.009911620177487705
        ],
        "is_uniform": [
            false,
            false,
            false,
            false,
            false,
            false,
            false,
            false,
            false,
            false,
            false,
            false
        ],
        "bad_properties": [
            false,
            false,
            false,
            false,
            false,
            false,
            false,
            false,
            false,
            false,
            false,
            false
        ]
    }
}