{
    "recording": "dynamic29513-3-5-Video-8744edeac3b4d1ce16b680916b5267ce",
    "trial": "237",
    "trial_type": "train",
    "first_label": "PinkNoise",
    "label": "PinkNoise",
    "ID": null,
    "sampling_freq": 30,
    "valid_frames": 324,
    "n_peaks": 10,
    "segments_n_peaks": 11,
    "segments_bad_n": 0,
    "segments_avg_duration": 27.0,
    "segments": {
        "frame_start": [
            0,
            27,
            54,
            81,
            108,
            135,
            162,
            189,
            216,
            243,
            270,
            297
        ],
        "frame_end": [
            27,
            54,
            81,
            108,
            135,
            162,
            189,
            216,
            243,
            270,
            297,
            324
        ],
        "duration": [
            27,
            27,
            27,
            27,
            27,
            27,
            27,
            27,
            27,
            27,
            27,
            27
        ],
        "transition_start": [
            0,
            0,
            0,
            0,
            0,
            0,
            0,
            0,
            0,
            0,
            0,
            0
        ],
        "transition_end": [
            0,
            0,
            0,
            0,
            0,
            0,
            0,
            0,
            0,
            0,
            0,
            0
        ],
        "max_change": [
            471.4888259289988,
            448.1907064399855,
            434.9652690356748,
            486.55562291094407,
            407.11107185883066,
            426.29398718580705,
            409.413518382431,
            440.5085809057368,
            446.7046634740582,
            404.6126902206218,
            451.8086993183949,
            402.444121883378
        ],
        "is_static": [
            false,
            false,
            false,
            false,
            false,
            false,
            false,
            false,
            false,
            false,
            false,
            false
        ],
        "intensity_range": [
            254.98085021972656,
            254.85733032226562,
            254.5004119873047,
            254.28781127929688,
            254.30030822753906,
            254.84742736816406,
            254.92941284179688,
            255.0,
            254.7478790283203,
            252.4167938232422,
            251.39573669433594,
            252.69091796875
        ],
        "margin_left": [
            0,
            0,
            0,
            0,
            0,
            0,
            0,
            0,
            0,
            0,
            0,
            0
        ],
        "margin_right": [
            0,
            0,
            0,
            0,
            0,
            0,
            0,
            0,
            0,
            0,
            0,
            0
        ],
        "margin_top": [
            0,
            0,
            0,
            0,
            0,
            0,
            0,
            0,
            0,
            0,
            0,
            0
        ],
        "margin_bottom": [
            0,
            0,
            0,
            0,
            0,
            0,
            0,
            0,
            0,
            0,
            0,
            0
        ],
        "background_color": [
            119.9686279296875,
            126.99607849121094,
            134.02352905273438,
            124.98823547363281,
            135.0274658203125,
            124.98823547363281,
            118.96470642089844,
            129.00393676757812,
            135.0274658203125,
            136.0313720703125,
            129.00393676757812,
            125.99215698242188
        ],
        "background_proportion": [
            0.009431250863554536,
            0.010103767903060973,
            0.010359964870491995,
            0.00995965710888102,
            0.009943644798416583,
            0.010103767903060973,
            0.010408001801885312,
            0.00981554631470107,
            0.010103767903060973,
            0.010311927939098678,
            0.011016469599533991,
            0.010167817144918729
        ],
        "is_uniform": [
            false,
            false,
            false,
            false,
            false,
            false,
            false,
            false,
            false,
            false,
            false,
            false
        ],
        "bad_properties": [
            false,
            false,
            false,
            false,
            false,
            false,
            false,
            false,
            false,
            false,
            false,
            false
        ]
    }
}