{
    "recording": "dynamic29513-3-5-Video-8744edeac3b4d1ce16b680916b5267ce",
    "trial": "249",
    "trial_type": "final_test_main",
    "first_label": "PinkNoise",
    "label": "PinkNoise",
    "ID": null,
    "sampling_freq": 30,
    "valid_frames": 324,
    "peaks": [
        26,
        53,
        80,
        107,
        134,
        161,
        188,
        215,
        242,
        296
    ],
    "n_peaks": 10,
    "segments_n_peaks": 11,
    "segments_bad_n": 0,
    "segments_avg_duration": 27.0,
    "segments": {
        "frame_start": [
            0,
            27,
            54,
            81,
            108,
            135,
            162,
            189,
            216,
            243,
            270,
            297
        ],
        "frame_end": [
            27,
            54,
            81,
            108,
            135,
            162,
            189,
            216,
            243,
            270,
            297,
            324
        ],
        "duration": [
            27,
            27,
            27,
            27,
            27,
            27,
            27,
            27,
            27,
            27,
            27,
            27
        ],
        "transition_start": [
            0,
            0,
            0,
            0,
            0,
            0,
            0,
            0,
            0,
            0,
            0,
            0
        ],
        "transition_end": [
            0,
            0,
            0,
            0,
            0,
            0,
            0,
            0,
            0,
            0,
            0,
            0
        ],
        "max_change": [
            455.55808410242884,
            444.57423049258114,
            420.9529326149372,
            462.66726581805557,
            426.0598376196552,
            431.9906622423125,
            422.9171652380704,
            444.30454051260807,
            443.1763372173015,
            441.2440619356404,
            400.1033239997908,
            377.21229823819226
        ],
        "is_static": [
            false,
            false,
            false,
            false,
            false,
            false,
            false,
            false,
            false,
            false,
            false,
            false
        ],
        "intensity_range": [
            254.95462036132812,
            254.6996612548828,
            254.87265014648438,
            254.80996704101562,
            254.37351989746094,
            253.16270446777344,
            252.3634033203125,
            254.49290466308594,
            251.97254943847656,
            254.51715087890625,
            255.0,
            253.6140594482422
        ],
        "margin_left": [
            0,
            0,
            0,
            0,
            0,
            0,
            0,
            0,
            0,
            0,
            0,
            0
        ],
        "margin_right": [
            0,
            0,
            0,
            0,
            0,
            0,
            0,
            0,
            0,
            0,
            0,
            0
        ],
        "margin_top": [
            0,
            0,
            0,
            0,
            0,
            0,
            0,
            0,
            0,
            0,
            0,
            0
        ],
        "margin_bottom": [
            0,
            0,
            0,
            0,
            0,
            0,
            0,
            0,
            0,
            0,
            0,
            0
        ],
        "background_color": [
            125.99215698242188,
            131.01177978515625,
            122.98039245605469,
            139.04315185546875,
            129.00393676757812,
            138.03921508789062,
            124.98823547363281,
            132.01568603515625,
            141.05099487304688,
            124.98823547363281,
            120.97254943847656,
            119.9686279296875
        ],
        "background_proportion": [
            0.010087755592596535,
            0.01029591562863424,
            0.009943644798416583,
            0.009799534004236632,
            0.010648186458851896,
            0.010247878697240923,
            0.009751497072843316,
            0.009751497072843316,
            0.00981554631470107,
            0.010199841765847605,
            0.00995965710888102,
            0.010343952560027556
        ],
        "is_uniform": [
            false,
            false,
            false,
            false,
            false,
            false,
            false,
            false,
            false,
            false,
            false,
            false
        ],
        "bad_properties": [
            false,
            false,
            false,
            false,
            false,
            false,
            false,
            false,
            false,
            false,
            false,
            false
        ]
    }
}