{
    "recording": "dynamic29513-3-5-Video-8744edeac3b4d1ce16b680916b5267ce",
    "trial": "354",
    "trial_type": "train",
    "first_label": "NaturalVideo",
    "label": "NaturalVideo",
    "ID": null,
    "sampling_freq": 30,
    "valid_frames": 300,
    "n_peaks": 5,
    "segments_n_peaks": 6,
    "segments_bad_n": 0,
    "segments_avg_duration": 50.0,
    "segments": {
        "frame_start": [
            0,
            36,
            106,
            153,
            186,
            268
        ],
        "frame_end": [
            36,
            106,
            153,
            186,
            268,
            300
        ],
        "duration": [
            36,
            70,
            47,
            33,
            82,
            32
        ],
        "transition_start": [
            0,
            0,
            0,
            0,
            0,
            0
        ],
        "transition_end": [
            0,
            0,
            0,
            0,
            0,
            0
        ],
        "max_change": [
            422.76637986400374,
            163.79367045201656,
            553.2105099865073,
            186.35094567239435,
            649.799186951712,
            788.1070471137971
        ],
        "is_static": [
            false,
            false,
            false,
            false,
            false,
            false
        ],
        "intensity_range": [
            137.25,
            252.35311889648438,
            251.6908416748047,
            242.42337036132812,
            253.05703735351562,
            184.1013946533203
        ],
        "margin_left": [
            0,
            0,
            0,
            0,
            0,
            0
        ],
        "margin_right": [
            0,
            0,
            0,
            0,
            0,
            0
        ],
        "margin_top": [
            0,
            0,
            0,
            0,
            0,
            0
        ],
        "margin_bottom": [
            0,
            0,
            0,
            0,
            0,
            0
        ],
        "background_color": [
            3.513725757598877,
            4.5176472663879395,
            3.513725757598877,
            4.5176472663879395,
            3.513725757598877,
            18.57254981994629
        ],
        "background_proportion": [
            0.13010799777980533,
            0.03460511913386839,
            0.039020287897732576,
            0.04056063807101151,
            0.08124156220075546,
            0.03189802359926841
        ],
        "is_uniform": [
            false,
            false,
            false,
            false,
            false,
            false
        ],
        "bad_properties": [
            false,
            false,
            false,
            false,
            false,
            false
        ]
    }
}