{
    "recording": "dynamic29513-3-5-Video-8744edeac3b4d1ce16b680916b5267ce",
    "trial": "403",
    "trial_type": "train",
    "first_label": "NaturalVideo",
    "label": "NaturalVideo",
    "ID": null,
    "sampling_freq": 30,
    "valid_frames": 300,
    "peaks": [
        124,
        209
    ],
    "n_peaks": 2,
    "segments_n_peaks": 3,
    "segments_bad_n": 0,
    "segments_avg_duration": 100.0,
    "segments": {
        "frame_start": [
            0,
            125,
            210
        ],
        "frame_end": [
            125,
            210,
            300
        ],
        "duration": [
            125,
            85,
            90
        ],
        "transition_start": [
            0,
            0,
            0
        ],
        "transition_end": [
            0,
            0,
            0
        ],
        "max_change": [
            698.8607797701139,
            835.1994890863344,
            957.1161751796418
        ],
        "is_static": [
            false,
            false,
            false
        ],
        "intensity_range": [
            218.50775146484375,
            216.03233337402344,
            218.39932250976562
        ],
        "margin_left": [
            5,
            6,
            5
        ],
        "margin_right": [
            6,
            6,
            6
        ],
        "margin_top": [
            0,
            0,
            0
        ],
        "margin_bottom": [
            0,
            0,
            0
        ],
        "background_color": [
            0.501960813999176,
            0.501960813999176,
            0.501960813999176
        ],
        "background_proportion": [
            0.17118976852184445,
            0.17113239547836243,
            0.17116036992332262
        ],
        "is_uniform": [
            false,
            false,
            false
        ],
        "bad_properties": [
            false,
            false,
            false
        ]
    }
}