{
    "recording": "dynamic29513-3-5-Video-8744edeac3b4d1ce16b680916b5267ce",
    "trial": "42",
    "trial_type": "train",
    "first_label": "PinkNoise",
    "label": "PinkNoise",
    "ID": null,
    "sampling_freq": 30,
    "valid_frames": 324,
    "n_peaks": 10,
    "segments_n_peaks": 11,
    "segments_bad_n": 0,
    "segments_avg_duration": 27.0,
    "segments": {
        "frame_start": [
            0,
            27,
            54,
            81,
            108,
            135,
            162,
            189,
            216,
            243,
            270,
            297
        ],
        "frame_end": [
            27,
            54,
            81,
            108,
            135,
            162,
            189,
            216,
            243,
            270,
            297,
            324
        ],
        "duration": [
            27,
            27,
            27,
            27,
            27,
            27,
            27,
            27,
            27,
            27,
            27,
            27
        ],
        "transition_start": [
            0,
            0,
            0,
            0,
            0,
            0,
            0,
            0,
            0,
            0,
            0,
            0
        ],
        "transition_end": [
            0,
            0,
            0,
            0,
            0,
            0,
            0,
            0,
            0,
            0,
            0,
            0
        ],
        "max_change": [
            471.5291453966233,
            448.30160360625246,
            435.0808648261134,
            486.7839439238885,
            407.36890383551065,
            426.5673675373446,
            409.66123224199185,
            440.80617611531164,
            447.00908293179396,
            404.8928474637848,
            448.3641299488272,
            399.2579112995476
        ],
        "is_static": [
            false,
            false,
            false,
            false,
            false,
            false,
            false,
            false,
            false,
            false,
            false,
            false
        ],
        "intensity_range": [
            254.98095703125,
            254.8586883544922,
            254.50503540039062,
            254.2919158935547,
            254.30084228515625,
            254.848876953125,
            254.93008422851562,
            255.0,
            254.7498016357422,
            252.41006469726562,
            251.38693237304688,
            252.6992645263672
        ],
        "margin_left": [
            0,
            0,
            0,
            0,
            0,
            0,
            0,
            0,
            0,
            0,
            0,
            0
        ],
        "margin_right": [
            0,
            0,
            0,
            0,
            0,
            0,
            0,
            0,
            0,
            0,
            0,
            0
        ],
        "margin_top": [
            0,
            0,
            0,
            0,
            0,
            0,
            0,
            0,
            0,
            0,
            0,
            0
        ],
        "margin_bottom": [
            0,
            0,
            0,
            0,
            0,
            0,
            0,
            0,
            0,
            0,
            0,
            0
        ],
        "background_color": [
            119.9686279296875,
            126.99607849121094,
            134.02352905273438,
            124.98823547363281,
            135.0274658203125,
            124.98823547363281,
            130.00784301757812,
            129.00393676757812,
            128.0,
            136.0313720703125,
            129.00393676757812,
            125.99215698242188
        ],
        "background_proportion": [
            0.009415238553090097,
            0.010183829455383167,
            0.010375977180956434,
            0.009927632487952143,
            0.009895607867023265,
            0.010039718661203217,
            0.010359964870491995,
            0.009895607867023265,
            0.01013571549668074,
            0.010263891007705361,
            0.010760272632102968,
            0.010247878697240923
        ],
        "is_uniform": [
            false,
            false,
            false,
            false,
            false,
            false,
            false,
            false,
            false,
            false,
            false,
            false
        ],
        "bad_properties": [
            false,
            false,
            false,
            false,
            false,
            false,
            false,
            false,
            false,
            false,
            false,
            false
        ]
    }
}