{
    "recording": "dynamic29513-3-5-Video-8744edeac3b4d1ce16b680916b5267ce",
    "trial": "481",
    "trial_type": "final_test_bonus",
    "first_label": "NaturalVideo",
    "label": "NaturalVideo",
    "ID": null,
    "sampling_freq": 30,
    "valid_frames": 300,
    "peaks": [
        66,
        120,
        279
    ],
    "n_peaks": 3,
    "segments_n_peaks": 4,
    "segments_bad_n": 0,
    "segments_avg_duration": 75.0,
    "segments": {
        "frame_start": [
            0,
            67,
            121,
            280
        ],
        "frame_end": [
            67,
            121,
            280,
            300
        ],
        "duration": [
            67,
            54,
            159,
            20
        ],
        "transition_start": [
            0,
            0,
            0,
            0
        ],
        "transition_end": [
            0,
            0,
            0,
            0
        ],
        "max_change": [
            5053.868302103236,
            6409.49948029991,
            4786.724587121054,
            242.05432686199686
        ],
        "is_static": [
            false,
            false,
            false,
            false
        ],
        "intensity_range": [
            242.34539794921875,
            239.1360321044922,
            239.76519775390625,
            192.046142578125
        ],
        "margin_left": [
            0,
            0,
            0,
            0
        ],
        "margin_right": [
            0,
            0,
            0,
            0
        ],
        "margin_top": [
            0,
            0,
            0,
            0
        ],
        "margin_bottom": [
            0,
            0,
            0,
            0
        ],
        "background_color": [
            1.5058825016021729,
            17.568628311157227,
            10.541176795959473,
            10.541176795959473
        ],
        "background_proportion": [
            0.014828353688131535,
            0.013522396187218686,
            0.016175756878802364,
            0.026523591668819884
        ],
        "is_uniform": [
            false,
            false,
            false,
            false
        ],
        "bad_properties": [
            false,
            false,
            false,
            false
        ]
    }
}