{
    "recording": "dynamic29513-3-5-Video-8744edeac3b4d1ce16b680916b5267ce",
    "trial": "494",
    "trial_type": "train",
    "first_label": "PinkNoise",
    "label": "PinkNoise",
    "ID": null,
    "sampling_freq": 30,
    "valid_frames": 324,
    "n_peaks": 10,
    "segments_n_peaks": 11,
    "segments_bad_n": 0,
    "segments_avg_duration": 27.0,
    "segments": {
        "frame_start": [
            0,
            27,
            54,
            81,
            108,
            135,
            162,
            189,
            216,
            243,
            270,
            297
        ],
        "frame_end": [
            27,
            54,
            81,
            108,
            135,
            162,
            189,
            216,
            243,
            270,
            297,
            324
        ],
        "duration": [
            27,
            27,
            27,
            27,
            27,
            27,
            27,
            27,
            27,
            27,
            27,
            27
        ],
        "transition_start": [
            0,
            0,
            0,
            0,
            0,
            0,
            0,
            0,
            0,
            0,
            0,
            0
        ],
        "transition_end": [
            0,
            0,
            0,
            0,
            0,
            0,
            0,
            0,
            0,
            0,
            0,
            0
        ],
        "max_change": [
            452.1900747606872,
            422.8962167745546,
            446.0948388487002,
            468.1329092249501,
            474.84631103504125,
            405.09225545042796,
            399.41893115200145,
            437.7959194545162,
            390.7654508014778,
            392.11308435543947,
            385.5843377345357,
            424.50507224397745
        ],
        "is_static": [
            false,
            false,
            false,
            false,
            false,
            false,
            false,
            false,
            false,
            false,
            false,
            false
        ],
        "intensity_range": [
            254.0965118408203,
            254.8137664794922,
            254.7606201171875,
            254.81471252441406,
            254.3756103515625,
            253.89353942871094,
            253.2838897705078,
            254.73646545410156,
            254.65769958496094,
            253.6874542236328,
            253.15689086914062,
            252.7313690185547
        ],
        "margin_left": [
            0,
            0,
            0,
            0,
            0,
            0,
            0,
            0,
            0,
            0,
            0,
            0
        ],
        "margin_right": [
            0,
            0,
            0,
            0,
            0,
            0,
            0,
            0,
            0,
            0,
            0,
            0
        ],
        "margin_top": [
            0,
            0,
            0,
            0,
            0,
            0,
            0,
            0,
            0,
            0,
            0,
            0
        ],
        "margin_bottom": [
            0,
            0,
            0,
            0,
            0,
            0,
            0,
            0,
            0,
            0,
            0,
            0
        ],
        "background_color": [
            126.99607849121094,
            126.99607849121094,
            125.99215698242188,
            125.99215698242188,
            125.99215698242188,
            128.0,
            108.92549133300781,
            129.00393676757812,
            129.00393676757812,
            129.00393676757812,
            126.99607849121094,
            145.06668090820312
        ],
        "background_proportion": [
            0.009991681729809899,
            0.010984444978605113,
            0.01074426032163853,
            0.009911620177487705,
            0.009447263174018975,
            0.01003964236401078,
            0.010135792523989851,
            0.01044002642281419,
            0.010552112596065264,
            0.010247878697240923,
            0.00968744783098556,
            0.010007694040274337
        ],
        "is_uniform": [
            false,
            false,
            false,
            false,
            false,
            false,
            false,
            false,
            false,
            false,
            false,
            false
        ],
        "bad_properties": [
            false,
            false,
            false,
            false,
            false,
            false,
            false,
            false,
            false,
            false,
            false,
            false
        ]
    }
}