{
    "recording": "dynamic29513-3-5-Video-8744edeac3b4d1ce16b680916b5267ce",
    "trial": "497",
    "trial_type": "final_test_bonus",
    "first_label": "PinkNoise",
    "label": "PinkNoise",
    "ID": null,
    "sampling_freq": 30,
    "valid_frames": 324,
    "peaks": [
        26,
        53,
        80,
        107,
        134,
        161,
        188,
        215,
        242,
        296
    ],
    "n_peaks": 10,
    "segments_n_peaks": 11,
    "segments_bad_n": 0,
    "segments_avg_duration": 27.0,
    "segments": {
        "frame_start": [
            0,
            27,
            54,
            81,
            108,
            135,
            162,
            189,
            216,
            243,
            270,
            297
        ],
        "frame_end": [
            27,
            54,
            81,
            108,
            135,
            162,
            189,
            216,
            243,
            270,
            297,
            324
        ],
        "duration": [
            27,
            27,
            27,
            27,
            27,
            27,
            27,
            27,
            27,
            27,
            27,
            27
        ],
        "transition_start": [
            0,
            0,
            0,
            0,
            0,
            0,
            0,
            0,
            0,
            0,
            0,
            0
        ],
        "transition_end": [
            0,
            0,
            0,
            0,
            0,
            0,
            0,
            0,
            0,
            0,
            0,
            0
        ],
        "max_change": [
            455.5422298416513,
            444.55181086382356,
            420.98717094188044,
            462.6303863970113,
            426.0350266265463,
            431.9780069381494,
            422.86617889883513,
            444.2666019725852,
            443.12370854425575,
            441.1836068957855,
            400.05900991033053,
            377.18472183150544
        ],
        "is_static": [
            false,
            false,
            false,
            false,
            false,
            false,
            false,
            false,
            false,
            false,
            false,
            false
        ],
        "intensity_range": [
            254.95465087890625,
            254.69920349121094,
            254.87265014648438,
            254.80975341796875,
            254.37306213378906,
            253.1606903076172,
            252.361083984375,
            254.49237060546875,
            251.97267150878906,
            254.5168914794922,
            255.0,
            253.613037109375
        ],
        "margin_left": [
            0,
            0,
            0,
            0,
            0,
            0,
            0,
            0,
            0,
            0,
            0,
            0
        ],
        "margin_right": [
            0,
            0,
            0,
            0,
            0,
            0,
            0,
            0,
            0,
            0,
            0,
            0
        ],
        "margin_top": [
            0,
            0,
            0,
            0,
            0,
            0,
            0,
            0,
            0,
            0,
            0,
            0
        ],
        "margin_bottom": [
            0,
            0,
            0,
            0,
            0,
            0,
            0,
            0,
            0,
            0,
            0,
            0
        ],
        "background_color": [
            125.99215698242188,
            131.01177978515625,
            122.98039245605469,
            139.04315185546875,
            129.00393676757812,
            138.03921508789062,
            124.98823547363281,
            132.01568603515625,
            141.05099487304688,
            124.98823547363281,
            120.97254943847656,
            119.9686279296875
        ],
        "background_proportion": [
            0.010071743282132095,
            0.01029591562863424,
            0.00995965710888102,
            0.00981554631470107,
            0.010664198769316336,
            0.010311927939098678,
            0.009799534004236632,
            0.009751497072843316,
            0.009799534004236632,
            0.010167817144918729,
            0.00997566941934546,
            0.010343952560027556
        ],
        "is_uniform": [
            false,
            false,
            false,
            false,
            false,
            false,
            false,
            false,
            false,
            false,
            false,
            false
        ],
        "bad_properties": [
            false,
            false,
            false,
            false,
            false,
            false,
            false,
            false,
            false,
            false,
            false,
            false
        ]
    }
}