{
    "recording": "dynamic29513-3-5-Video-8744edeac3b4d1ce16b680916b5267ce",
    "trial": "509",
    "trial_type": "train",
    "first_label": "NaturalVideo",
    "label": "NaturalVideo",
    "ID": null,
    "sampling_freq": 30,
    "valid_frames": 300,
    "n_peaks": 2,
    "segments_n_peaks": 3,
    "segments_bad_n": 0,
    "segments_avg_duration": 100.0,
    "segments": {
        "frame_start": [
            0,
            73,
            217
        ],
        "frame_end": [
            73,
            217,
            300
        ],
        "duration": [
            73,
            144,
            83
        ],
        "transition_start": [
            0,
            0,
            0
        ],
        "transition_end": [
            0,
            0,
            0
        ],
        "max_change": [
            2726.9546864823697,
            154.52897194526895,
            461.6432529454544
        ],
        "is_static": [
            false,
            false,
            false
        ],
        "intensity_range": [
            210.9375,
            229.77029418945312,
            249.47776794433594
        ],
        "margin_left": [
            0,
            0,
            0
        ],
        "margin_right": [
            0,
            0,
            0
        ],
        "margin_top": [
            0,
            0,
            0
        ],
        "margin_bottom": [
            0,
            0,
            0
        ],
        "background_color": [
            116.95686340332031,
            46.68235397338867,
            8.533333778381348
        ],
        "background_proportion": [
            0.00860519112096444,
            0.015684058099917943,
            0.02775261366472685
        ],
        "is_uniform": [
            false,
            false,
            false
        ],
        "bad_properties": [
            false,
            false,
            false
        ]
    }
}