{
    "recording": "dynamic29513-3-5-Video-8744edeac3b4d1ce16b680916b5267ce",
    "trial": "516",
    "trial_type": "train",
    "first_label": "NaturalVideo",
    "label": "NaturalVideo",
    "ID": null,
    "sampling_freq": 30,
    "valid_frames": 300,
    "n_peaks": 2,
    "segments_n_peaks": 3,
    "segments_bad_n": 0,
    "segments_avg_duration": 100.0,
    "segments": {
        "frame_start": [
            0,
            24,
            144
        ],
        "frame_end": [
            24,
            144,
            300
        ],
        "duration": [
            24,
            120,
            156
        ],
        "transition_start": [
            0,
            0,
            0
        ],
        "transition_end": [
            0,
            0,
            0
        ],
        "max_change": [
            946.3191266371947,
            1356.967405020733,
            396.57275196124107
        ],
        "is_static": [
            false,
            false,
            false
        ],
        "intensity_range": [
            244.1244354248047,
            246.66845703125,
            235.3578338623047
        ],
        "margin_left": [
            0,
            0,
            0
        ],
        "margin_right": [
            0,
            0,
            0
        ],
        "margin_top": [
            0,
            0,
            0
        ],
        "margin_bottom": [
            0,
            0,
            0
        ],
        "background_color": [
            46.68235397338867,
            64.75294494628906,
            179.20001220703125
        ],
        "background_proportion": [
            0.01518567493671228,
            0.010891173270149757,
            0.011584290762926787
        ],
        "is_uniform": [
            false,
            false,
            false
        ],
        "bad_properties": [
            false,
            false,
            false
        ]
    }
}