{
    "recording": "dynamic29513-3-5-Video-8744edeac3b4d1ce16b680916b5267ce",
    "trial": "522",
    "trial_type": "final_test_bonus",
    "first_label": "NaturalVideo",
    "label": "NaturalVideo",
    "ID": null,
    "sampling_freq": 30,
    "valid_frames": 300,
    "n_peaks": 4,
    "segments_n_peaks": 5,
    "segments_bad_n": 0,
    "segments_avg_duration": 60.0,
    "segments": {
        "frame_start": [
            0,
            11,
            74,
            119,
            242
        ],
        "frame_end": [
            11,
            74,
            119,
            242,
            300
        ],
        "duration": [
            11,
            63,
            45,
            123,
            58
        ],
        "transition_start": [
            0,
            0,
            0,
            0,
            0
        ],
        "transition_end": [
            0,
            0,
            0,
            0,
            0
        ],
        "max_change": [
            18.144265185823613,
            34.14746890666965,
            30.843522596971145,
            95.82829599068617,
            246.95154898887307
        ],
        "is_static": [
            true,
            true,
            true,
            false,
            false
        ],
        "intensity_range": [
            146.6630401611328,
            76.52837371826172,
            79.56487274169922,
            107.4898910522461,
            140.77845764160156
        ],
        "margin_left": [
            3,
            5,
            0,
            0,
            0
        ],
        "margin_right": [
            0,
            12,
            0,
            0,
            0
        ],
        "margin_top": [
            0,
            7,
            0,
            0,
            0
        ],
        "margin_bottom": [
            0,
            2,
            3,
            0,
            0
        ],
        "background_color": [
            9.53725528717041,
            45.67843246459961,
            53.70980453491211,
            50.69804000854492,
            52.70588302612305
        ],
        "background_proportion": [
            0.08890325902774036,
            0.07947367178085746,
            0.14092114193543426,
            0.07216435890996496,
            0.05939352455306097
        ],
        "is_uniform": [
            false,
            false,
            false,
            false,
            false
        ],
        "bad_properties": [
            false,
            false,
            false,
            false,
            false
        ]
    }
}