{
    "recording": "dynamic29513-3-5-Video-8744edeac3b4d1ce16b680916b5267ce",
    "trial": "549",
    "trial_type": "oracle",
    "first_label": "PinkNoise",
    "label": "PinkNoise",
    "ID": null,
    "sampling_freq": 30,
    "valid_frames": 324,
    "n_peaks": 10,
    "segments_n_peaks": 11,
    "segments_bad_n": 0,
    "segments_avg_duration": 27.0,
    "segments": {
        "frame_start": [
            0,
            27,
            54,
            81,
            108,
            135,
            162,
            189,
            216,
            243,
            270,
            297
        ],
        "frame_end": [
            27,
            54,
            81,
            108,
            135,
            162,
            189,
            216,
            243,
            270,
            297,
            324
        ],
        "duration": [
            27,
            27,
            27,
            27,
            27,
            27,
            27,
            27,
            27,
            27,
            27,
            27
        ],
        "transition_start": [
            0,
            0,
            0,
            0,
            0,
            0,
            0,
            0,
            0,
            0,
            0,
            0
        ],
        "transition_end": [
            0,
            0,
            0,
            0,
            0,
            0,
            0,
            0,
            0,
            0,
            0,
            0
        ],
        "max_change": [
            413.4457391847496,
            442.25227760644543,
            449.81136252946584,
            470.9925625501636,
            414.2559414924209,
            387.85579344605424,
            390.4397557271093,
            403.8080693703128,
            410.28004318769763,
            420.7430612075995,
            434.88852839858566,
            411.6178241512642
        ],
        "is_static": [
            false,
            false,
            false,
            false,
            false,
            false,
            false,
            false,
            false,
            false,
            false,
            false
        ],
        "intensity_range": [
            254.6539306640625,
            254.98338317871094,
            253.380859375,
            254.95037841796875,
            254.98081970214844,
            254.0756072998047,
            253.49876403808594,
            254.79417419433594,
            254.92491149902344,
            254.99461364746094,
            254.97756958007812,
            254.6239776611328
        ],
        "margin_left": [
            0,
            0,
            0,
            0,
            0,
            0,
            0,
            0,
            0,
            0,
            0,
            0
        ],
        "margin_right": [
            0,
            0,
            0,
            0,
            0,
            0,
            0,
            0,
            0,
            0,
            0,
            0
        ],
        "margin_top": [
            0,
            0,
            0,
            0,
            0,
            0,
            0,
            0,
            0,
            0,
            0,
            0
        ],
        "margin_bottom": [
            0,
            0,
            0,
            0,
            0,
            0,
            0,
            0,
            0,
            0,
            0,
            0
        ],
        "background_color": [
            128.0,
            122.98039245605469,
            123.98431396484375,
            124.98823547363281,
            120.97254943847656,
            128.0,
            129.00393676757812,
            126.99607849121094,
            126.99607849121094,
            121.97647094726562,
            134.02352905273438,
            128.0
        ],
        "background_proportion": [
            0.009831483909892533,
            0.010135792523989851,
            0.010584137216994142,
            0.010199841765847605,
            0.01042401411234975,
            0.010792215236592129,
            0.010408001801885312,
            0.010199841765847605,
            0.010103767903060973,
            0.011112543462320625,
            0.010776284942567408,
            0.010199764251794046
        ],
        "is_uniform": [
            false,
            false,
            false,
            false,
            false,
            false,
            false,
            false,
            false,
            false,
            false,
            false
        ],
        "bad_properties": [
            false,
            false,
            false,
            false,
            false,
            false,
            false,
            false,
            false,
            false,
            false,
            false
        ]
    }
}