{
    "recording": "dynamic29513-3-5-Video-8744edeac3b4d1ce16b680916b5267ce",
    "trial": "587",
    "trial_type": "live_test_bonus",
    "first_label": "NaturalVideo",
    "label": "NaturalVideo",
    "ID": null,
    "sampling_freq": 30,
    "valid_frames": 300,
    "n_peaks": 2,
    "segments_n_peaks": 3,
    "segments_bad_n": 0,
    "segments_avg_duration": 100.0,
    "segments": {
        "frame_start": [
            0,
            53,
            200
        ],
        "frame_end": [
            53,
            200,
            300
        ],
        "duration": [
            53,
            147,
            100
        ],
        "transition_start": [
            0,
            0,
            1
        ],
        "transition_end": [
            0,
            0,
            0
        ],
        "max_change": [
            1791.4785242198468,
            1848.9771525594867,
            32.96100719431332
        ],
        "is_static": [
            false,
            false,
            true
        ],
        "intensity_range": [
            220.8564910888672,
            246.2357177734375,
            158.25
        ],
        "margin_left": [
            0,
            0,
            0
        ],
        "margin_right": [
            0,
            0,
            0
        ],
        "margin_top": [
            0,
            0,
            0
        ],
        "margin_bottom": [
            0,
            0,
            0
        ],
        "background_color": [
            108.92549133300781,
            4.5176472663879395,
            24.596078872680664
        ],
        "background_proportion": [
            0.02310123221420489,
            0.08307840232643349,
            0.01618844587954777
        ],
        "is_uniform": [
            false,
            false,
            false
        ],
        "bad_properties": [
            false,
            false,
            false
        ]
    }
}