{
    "recording": "dynamic29513-3-5-Video-8744edeac3b4d1ce16b680916b5267ce",
    "trial": "603",
    "trial_type": "train",
    "first_label": "NaturalVideo",
    "label": "NaturalVideo",
    "ID": null,
    "sampling_freq": 30,
    "valid_frames": 300,
    "n_peaks": 4,
    "segments_n_peaks": 5,
    "segments_bad_n": 0,
    "segments_avg_duration": 60.0,
    "segments": {
        "frame_start": [
            0,
            45,
            123,
            179,
            289
        ],
        "frame_end": [
            45,
            123,
            179,
            289,
            300
        ],
        "duration": [
            45,
            78,
            56,
            110,
            11
        ],
        "transition_start": [
            0,
            0,
            0,
            0,
            0
        ],
        "transition_end": [
            0,
            0,
            0,
            0,
            0
        ],
        "max_change": [
            45.86146863869206,
            497.75845000411016,
            211.73050248933777,
            454.97583476667387,
            148.58661305117266
        ],
        "is_static": [
            true,
            false,
            false,
            false,
            false
        ],
        "intensity_range": [
            218.7074432373047,
            191.4837646484375,
            244.4375,
            211.28753662109375,
            123.20945739746094
        ],
        "margin_left": [
            0,
            0,
            0,
            0,
            0
        ],
        "margin_right": [
            0,
            0,
            0,
            0,
            0
        ],
        "margin_top": [
            0,
            0,
            0,
            0,
            0
        ],
        "margin_bottom": [
            0,
            0,
            0,
            0,
            0
        ],
        "background_color": [
            9.53725528717041,
            3.513725757598877,
            52.70588302612305,
            59.733333587646484,
            52.70588302612305
        ],
        "background_proportion": [
            0.029686823601069796,
            0.04144847165181058,
            0.037265507330711836,
            0.02368788426879713,
            0.038005946719639666
        ],
        "is_uniform": [
            false,
            false,
            false,
            false,
            false
        ],
        "bad_properties": [
            false,
            false,
            false,
            false,
            false
        ]
    }
}