{
    "recording": "dynamic29513-3-5-Video-8744edeac3b4d1ce16b680916b5267ce",
    "trial": "61",
    "trial_type": "train",
    "first_label": "NaturalVideo",
    "label": "NaturalVideo",
    "ID": null,
    "sampling_freq": 30,
    "valid_frames": 300,
    "peaks": [
        104,
        175,
        270
    ],
    "n_peaks": 3,
    "segments_n_peaks": 4,
    "segments_bad_n": 0,
    "segments_avg_duration": 75.0,
    "segments": {
        "frame_start": [
            0,
            105,
            176,
            271
        ],
        "frame_end": [
            105,
            176,
            271,
            300
        ],
        "duration": [
            105,
            71,
            95,
            29
        ],
        "transition_start": [
            0,
            0,
            0,
            1
        ],
        "transition_end": [
            0,
            0,
            0,
            0
        ],
        "max_change": [
            34.07773433050144,
            119.58652533840495,
            115.94268255922836,
            9.00873508891115
        ],
        "is_static": [
            true,
            false,
            false,
            true
        ],
        "intensity_range": [
            116.74608612060547,
            187.27114868164062,
            120.375,
            151.89898681640625
        ],
        "margin_left": [
            0,
            18,
            0,
            19
        ],
        "margin_right": [
            0,
            0,
            0,
            0
        ],
        "margin_top": [
            0,
            0,
            0,
            0
        ],
        "margin_bottom": [
            0,
            0,
            0,
            0
        ],
        "background_color": [
            23.5921573638916,
            0.501960813999176,
            31.623531341552734,
            10.541176795959473
        ],
        "background_proportion": [
            0.02898273943521918,
            0.42795420520123656,
            0.03006752236361993,
            0.021307810282321246
        ],
        "is_uniform": [
            false,
            false,
            false,
            false
        ],
        "bad_properties": [
            false,
            false,
            false,
            false
        ]
    }
}