{
    "recording": "dynamic29513-3-5-Video-8744edeac3b4d1ce16b680916b5267ce",
    "trial": "65",
    "trial_type": "live_test_bonus",
    "first_label": "PinkNoise",
    "label": "PinkNoise",
    "ID": null,
    "sampling_freq": 30,
    "valid_frames": 324,
    "n_peaks": 10,
    "segments_n_peaks": 11,
    "segments_bad_n": 0,
    "segments_avg_duration": 27.0,
    "segments": {
        "frame_start": [
            0,
            27,
            54,
            81,
            108,
            135,
            162,
            189,
            216,
            243,
            270,
            297
        ],
        "frame_end": [
            27,
            54,
            81,
            108,
            135,
            162,
            189,
            216,
            243,
            270,
            297,
            324
        ],
        "duration": [
            27,
            27,
            27,
            27,
            27,
            27,
            27,
            27,
            27,
            27,
            27,
            27
        ],
        "transition_start": [
            0,
            0,
            0,
            0,
            0,
            0,
            0,
            0,
            0,
            0,
            0,
            0
        ],
        "transition_end": [
            0,
            0,
            0,
            0,
            0,
            0,
            0,
            0,
            0,
            0,
            0,
            0
        ],
        "max_change": [
            527.4419678803299,
            454.70509356065173,
            424.035696089463,
            415.55448980783206,
            442.40101959681226,
            397.2372383890787,
            456.32230148114405,
            379.1644575930606,
            413.6477944876468,
            396.94812679954015,
            366.5001422966138,
            394.0021034839857
        ],
        "is_static": [
            false,
            false,
            false,
            false,
            false,
            false,
            false,
            false,
            false,
            false,
            false,
            false
        ],
        "intensity_range": [
            254.2698211669922,
            253.5267333984375,
            254.86151123046875,
            254.90750122070312,
            255.0,
            252.6630859375,
            254.9958953857422,
            252.87852478027344,
            255.0,
            254.84127807617188,
            253.00045776367188,
            253.59432983398438
        ],
        "margin_left": [
            0,
            0,
            0,
            0,
            0,
            0,
            0,
            0,
            0,
            0,
            0,
            0
        ],
        "margin_right": [
            0,
            0,
            0,
            0,
            0,
            0,
            0,
            0,
            0,
            0,
            0,
            0
        ],
        "margin_top": [
            0,
            0,
            0,
            0,
            0,
            0,
            0,
            0,
            0,
            0,
            0,
            0
        ],
        "margin_bottom": [
            0,
            0,
            0,
            0,
            0,
            0,
            0,
            0,
            0,
            0,
            0,
            0
        ],
        "background_color": [
            141.05099487304688,
            124.98823547363281,
            120.97254943847656,
            124.98823547363281,
            123.98431396484375,
            139.04315185546875,
            123.98431396484375,
            128.0,
            131.01177978515625,
            129.00393676757812,
            123.98431396484375,
            134.02352905273438
        ],
        "background_proportion": [
            0.010456038733278628,
            0.010648186458851896,
            0.009863583246094388,
            0.010472051043743068,
            0.00981554631470107,
            0.010824321873960725,
            0.009943644798416583,
            0.010568044593695558,
            0.01074426032163853,
            0.010375977180956434,
            0.010664198769316336,
            0.010343952560027556
        ],
        "is_uniform": [
            false,
            false,
            false,
            false,
            false,
            false,
            false,
            false,
            false,
            false,
            false,
            false
        ],
        "bad_properties": [
            false,
            false,
            false,
            false,
            false,
            false,
            false,
            false,
            false,
            false,
            false,
            false
        ]
    }
}