{
    "recording": "dynamic29513-3-5-Video-8744edeac3b4d1ce16b680916b5267ce",
    "trial": "662",
    "trial_type": "train",
    "first_label": "NaturalImages",
    "label": "NaturalImages",
    "ID": null,
    "sampling_freq": 30,
    "valid_frames": 326,
    "n_peaks": 19,
    "segments_n_peaks": 20,
    "segments_bad_n": 0,
    "segments_avg_duration": 16.3,
    "segments": {
        "frame_start": [
            0,
            18,
            34,
            52,
            68,
            85,
            101,
            117,
            132,
            151,
            167,
            184,
            200,
            213,
            229,
            247,
            262,
            279,
            295,
            311
        ],
        "frame_end": [
            18,
            34,
            52,
            68,
            85,
            101,
            117,
            132,
            151,
            167,
            184,
            200,
            213,
            229,
            247,
            262,
            279,
            295,
            311,
            326
        ],
        "duration": [
            18,
            16,
            18,
            16,
            17,
            16,
            16,
            15,
            19,
            16,
            17,
            16,
            13,
            16,
            18,
            15,
            17,
            16,
            16,
            15
        ],
        "transition_start": [
            1,
            0,
            0,
            1,
            0,
            1,
            0,
            0,
            1,
            1,
            0,
            1,
            0,
            1,
            0,
            0,
            0,
            0,
            0,
            0
        ],
        "transition_end": [
            0,
            0,
            0,
            0,
            0,
            0,
            0,
            0,
            0,
            0,
            0,
            0,
            0,
            0,
            1,
            0,
            0,
            1,
            1,
            0
        ],
        "max_change": [
            0.0,
            44.192777180844004,
            0.10929992777161918,
            26.721299906938864,
            0.8066924913536897,
            8.521067866858377,
            6.648829238593357,
            0.7765619312528744,
            0.0,
            14.540517374690857,
            4.7442094817731935,
            4.200362657403275,
            2.4977719806857093,
            1.9698297736248758,
            1.9465519697826292,
            2.738052568616164,
            4.826037476933708,
            7.603086010336205,
            0.0,
            7.454166538185543
        ],
        "is_static": [
            true,
            true,
            true,
            true,
            true,
            true,
            true,
            true,
            true,
            true,
            true,
            true,
            true,
            true,
            true,
            true,
            true,
            true,
            true,
            true
        ],
        "intensity_range": [
            0.0,
            237.25,
            1.2133407592773438,
            247.4375,
            2.5316009521484375,
            236.75,
            10.457328796386719,
            203.0,
            0.0,
            252.5625,
            6.3463287353515625,
            239.0625,
            7.194160461425781,
            226.625,
            7.808387756347656,
            244.25,
            9.628974914550781,
            246.5625,
            0.0,
            194.45291137695312
        ],
        "margin_left": [
            64,
            0,
            64,
            0,
            64,
            0,
            64,
            0,
            64,
            0,
            64,
            0,
            64,
            0,
            64,
            0,
            64,
            0,
            64,
            0
        ],
        "margin_right": [
            64,
            4,
            64,
            0,
            64,
            0,
            64,
            0,
            64,
            0,
            64,
            0,
            64,
            0,
            64,
            0,
            64,
            0,
            64,
            2
        ],
        "margin_top": [
            36,
            0,
            36,
            0,
            36,
            0,
            36,
            0,
            36,
            0,
            36,
            0,
            36,
            0,
            36,
            0,
            36,
            0,
            36,
            0
        ],
        "margin_bottom": [
            36,
            0,
            36,
            0,
            36,
            0,
            36,
            0,
            36,
            0,
            36,
            0,
            36,
            0,
            36,
            0,
            36,
            0,
            36,
            0
        ],
        "background_color": [
            128.0,
            246.46273803710938,
            128.0,
            20.580392837524414,
            128.0,
            96.87843322753906,
            128.0,
            76.80000305175781,
            128.0,
            250.47842407226562,
            128.0,
            98.88627624511719,
            128.0,
            142.05490112304688,
            128.0,
            149.08236694335938,
            128.0,
            52.70588302612305,
            128.0,
            74.79216003417969
        ],
        "background_proportion": [
            0.9960862395221411,
            0.017779669231951387,
            0.9863588348393078,
            0.03213670710212895,
            0.9489877990708798,
            0.017898560637149848,
            0.8946240045664761,
            0.03216552926096494,
            0.9960862395221411,
            0.027035184988158708,
            0.9421468268887041,
            0.009626601051220691,
            0.9321015331639482,
            0.015016344753550839,
            0.9547860951955492,
            0.013027615793867523,
            0.89489579969732,
            0.01619805326582643,
            0.9960862395221413,
            0.02766927248255049
        ],
        "is_uniform": [
            true,
            false,
            true,
            false,
            true,
            false,
            true,
            false,
            true,
            false,
            true,
            false,
            true,
            false,
            true,
            false,
            true,
            false,
            true,
            false
        ],
        "bad_properties": [
            false,
            false,
            false,
            false,
            false,
            false,
            false,
            false,
            false,
            false,
            false,
            false,
            false,
            false,
            false,
            false,
            false,
            false,
            false,
            false
        ]
    }
}