{
    "recording": "dynamic29513-3-5-Video-8744edeac3b4d1ce16b680916b5267ce",
    "trial": "664",
    "trial_type": "train",
    "first_label": "NaturalImages",
    "label": "NaturalImages",
    "ID": null,
    "sampling_freq": 30,
    "valid_frames": 313,
    "peaks": [
        14,
        29,
        44,
        60,
        78,
        94,
        113,
        128,
        145,
        161,
        175,
        190,
        204,
        220,
        236,
        251,
        265,
        281,
        297
    ],
    "n_peaks": 19,
    "segments_n_peaks": 20,
    "segments_bad_n": 0,
    "segments_avg_duration": 15.65,
    "segments": {
        "frame_start": [
            0,
            15,
            30,
            45,
            61,
            79,
            95,
            114,
            129,
            146,
            162,
            176,
            191,
            205,
            221,
            237,
            252,
            266,
            282,
            298
        ],
        "frame_end": [
            15,
            30,
            45,
            61,
            79,
            95,
            114,
            129,
            146,
            162,
            176,
            191,
            205,
            221,
            237,
            252,
            266,
            282,
            298,
            313
        ],
        "duration": [
            15,
            15,
            15,
            16,
            18,
            16,
            19,
            15,
            17,
            16,
            14,
            15,
            14,
            16,
            16,
            15,
            14,
            16,
            16,
            15
        ],
        "transition_start": [
            1,
            0,
            1,
            0,
            0,
            1,
            0,
            0,
            1,
            1,
            0,
            0,
            1,
            1,
            0,
            0,
            0,
            0,
            0,
            0
        ],
        "transition_end": [
            0,
            0,
            0,
            0,
            0,
            0,
            0,
            0,
            0,
            0,
            0,
            0,
            0,
            0,
            1,
            0,
            0,
            1,
            0,
            0
        ],
        "max_change": [
            29.34218084182473,
            0.0331381147923619,
            0.0,
            42.22055691128983,
            0.1499516786368026,
            5.53984358654879,
            12.98184885699167,
            1.3957375431733554,
            0.0,
            8.929042145337892,
            2.6110176573490915,
            0.9594447528759247,
            0.0,
            5.524067826467621,
            4.659164736806385,
            3.798121743957558,
            5.489635230548275,
            6.2050562564257286,
            1.232019493480114,
            4.088343274555326
        ],
        "is_static": [
            true,
            true,
            true,
            true,
            true,
            true,
            true,
            true,
            true,
            true,
            true,
            true,
            true,
            true,
            true,
            true,
            true,
            true,
            true,
            true
        ],
        "intensity_range": [
            15.958732604980469,
            238.6875,
            0.0,
            204.75,
            1.8692626953125,
            204.125,
            12.369209289550781,
            237.6875,
            0.0,
            236.9375,
            10.201095581054688,
            238.5625,
            0.0,
            244.8125,
            8.098983764648438,
            220.4375,
            8.413101196289062,
            239.75,
            5.028236389160156,
            205.3125
        ],
        "margin_left": [
            64,
            0,
            64,
            0,
            64,
            1,
            64,
            0,
            64,
            0,
            64,
            0,
            64,
            0,
            64,
            0,
            64,
            0,
            64,
            0
        ],
        "margin_right": [
            64,
            0,
            64,
            3,
            64,
            0,
            64,
            0,
            64,
            0,
            64,
            0,
            64,
            0,
            64,
            0,
            64,
            0,
            64,
            0
        ],
        "margin_top": [
            36,
            0,
            36,
            0,
            36,
            0,
            36,
            0,
            36,
            0,
            36,
            0,
            36,
            0,
            36,
            0,
            36,
            0,
            36,
            0
        ],
        "margin_bottom": [
            36,
            0,
            36,
            0,
            36,
            0,
            36,
            0,
            36,
            0,
            36,
            0,
            36,
            0,
            36,
            0,
            36,
            0,
            36,
            0
        ],
        "background_color": [
            128.0,
            4.5176472663879395,
            128.0,
            92.86274719238281,
            128.0,
            157.11373901367188,
            128.0,
            37.64706039428711,
            128.0,
            255.498046875,
            128.0,
            101.89804077148438,
            128.0,
            77.80392456054688,
            128.0,
            65.75686645507812,
            128.0,
            254.49411010742188,
            128.0,
            153.09805297851562
        ],
        "background_proportion": [
            0.9267900614006233,
            0.02129957537979668,
            0.9960862395221413,
            0.0219678891878062,
            0.9849657744155934,
            0.015996298153974502,
            0.92311363877864,
            0.017985027113657816,
            0.9960862395221413,
            0.07101779937187959,
            0.8773192604422133,
            0.03314548266138861,
            0.9960862395221413,
            0.014411079417995047,
            0.9384135379803645,
            0.015563965771434651,
            0.8658625393713206,
            0.029052736106678013,
            0.948773223967582,
            0.01815796006667376
        ],
        "is_uniform": [
            true,
            false,
            true,
            false,
            true,
            false,
            true,
            false,
            true,
            false,
            true,
            false,
            true,
            false,
            true,
            false,
            true,
            false,
            true,
            false
        ],
        "bad_properties": [
            false,
            false,
            false,
            false,
            false,
            false,
            false,
            false,
            false,
            false,
            false,
            false,
            false,
            false,
            false,
            false,
            false,
            false,
            false,
            false
        ]
    }
}