{
    "recording": "dynamic29513-3-5-Video-8744edeac3b4d1ce16b680916b5267ce",
    "trial": "678",
    "trial_type": "train",
    "first_label": "NaturalImages",
    "label": "NaturalImages",
    "ID": null,
    "sampling_freq": 30,
    "valid_frames": 310,
    "n_peaks": 19,
    "segments_n_peaks": 20,
    "segments_bad_n": 0,
    "segments_avg_duration": 15.5,
    "segments": {
        "frame_start": [
            0,
            14,
            30,
            44,
            60,
            73,
            89,
            107,
            122,
            139,
            154,
            169,
            185,
            203,
            218,
            234,
            250,
            264,
            280,
            295
        ],
        "frame_end": [
            14,
            30,
            44,
            60,
            73,
            89,
            107,
            122,
            139,
            154,
            169,
            185,
            203,
            218,
            234,
            250,
            264,
            280,
            295,
            310
        ],
        "duration": [
            14,
            16,
            14,
            16,
            13,
            16,
            18,
            15,
            17,
            15,
            15,
            16,
            18,
            15,
            16,
            16,
            14,
            16,
            15,
            15
        ],
        "transition_start": [
            1,
            0,
            0,
            1,
            0,
            1,
            0,
            0,
            1,
            0,
            1,
            1,
            0,
            0,
            1,
            0,
            0,
            0,
            0,
            0
        ],
        "transition_end": [
            0,
            0,
            0,
            0,
            0,
            0,
            0,
            0,
            0,
            0,
            0,
            0,
            0,
            0,
            0,
            1,
            0,
            1,
            0,
            0
        ],
        "max_change": [
            0.0,
            24.58446201083057,
            0.05483233552922684,
            13.80931342318829,
            0.3088582726947051,
            14.300214430554004,
            12.556669647054909,
            1.1476328284444308,
            2.425249287474091,
            0.45200256543820516,
            0.0,
            4.837756855221439,
            3.4852750135278763,
            2.158497590269437,
            5.5483655424916885,
            5.900208623348413,
            0.7186982855739643,
            1.2912845185008892,
            3.4179599562114618,
            10.80077502304741
        ],
        "is_static": [
            true,
            true,
            true,
            true,
            true,
            true,
            true,
            true,
            true,
            true,
            true,
            true,
            true,
            true,
            true,
            true,
            true,
            true,
            true,
            true
        ],
        "intensity_range": [
            0.0,
            227.5625,
            1.0230712890625,
            235.4375,
            2.116729736328125,
            229.4375,
            12.609573364257812,
            237.625,
            9.044578552246094,
            187.375,
            0.0,
            200.0,
            6.7031097412109375,
            156.625,
            7.36749267578125,
            216.5625,
            5.091773986816406,
            172.4375,
            6.252616882324219,
            251.3125
        ],
        "margin_left": [
            64,
            0,
            64,
            0,
            64,
            0,
            64,
            0,
            64,
            0,
            64,
            0,
            64,
            0,
            64,
            0,
            64,
            1,
            64,
            0
        ],
        "margin_right": [
            64,
            0,
            64,
            0,
            64,
            0,
            64,
            0,
            64,
            0,
            64,
            0,
            64,
            0,
            64,
            0,
            64,
            0,
            64,
            0
        ],
        "margin_top": [
            36,
            0,
            36,
            0,
            36,
            0,
            36,
            0,
            36,
            0,
            36,
            0,
            36,
            0,
            36,
            0,
            36,
            0,
            36,
            0
        ],
        "margin_bottom": [
            36,
            0,
            36,
            0,
            36,
            0,
            36,
            0,
            36,
            0,
            36,
            0,
            36,
            0,
            36,
            0,
            36,
            0,
            36,
            0
        ],
        "background_color": [
            128.0,
            183.2156982421875,
            128.0,
            144.062744140625,
            128.0,
            0.501960813999176,
            128.0,
            54.71372604370117,
            128.0,
            71.7803955078125,
            128.0,
            59.733333587646484,
            128.0,
            95.87451171875,
            128.0,
            70.77647399902344,
            128.0,
            150.08627319335938,
            128.0,
            190.24313354492188
        ],
        "background_proportion": [
            0.9960862395221413,
            0.012618701415381912,
            0.9955612684757661,
            0.013114082270375492,
            0.9610343265795551,
            0.042368568457907596,
            0.9144240767526756,
            0.012307061822967771,
            0.946746681325325,
            0.021703085603500538,
            0.9960862395221413,
            0.016572741330694304,
            0.9027271728501081,
            0.025853476475883114,
            0.9369724409903151,
            0.011096531151856187,
            0.9537797493142627,
            0.025277033299163313,
            0.937058906809718,
            0.01247999477598371
        ],
        "is_uniform": [
            true,
            false,
            true,
            false,
            true,
            false,
            true,
            false,
            true,
            false,
            true,
            false,
            true,
            false,
            true,
            false,
            true,
            false,
            true,
            false
        ],
        "bad_properties": [
            false,
            false,
            false,
            false,
            false,
            false,
            false,
            false,
            false,
            false,
            false,
            false,
            false,
            false,
            false,
            false,
            false,
            false,
            false,
            false
        ]
    }
}