{
    "recording": "dynamic29513-3-5-Video-8744edeac3b4d1ce16b680916b5267ce",
    "trial": "693",
    "trial_type": "live_test_bonus",
    "first_label": "NaturalImages",
    "label": "NaturalImages",
    "ID": null,
    "sampling_freq": 30,
    "valid_frames": 306,
    "n_peaks": 19,
    "segments_n_peaks": 20,
    "segments_bad_n": 0,
    "segments_avg_duration": 15.3,
    "segments": {
        "frame_start": [
            0,
            14,
            30,
            44,
            59,
            74,
            89,
            105,
            120,
            138,
            153,
            168,
            184,
            200,
            216,
            232,
            247,
            261,
            277,
            291
        ],
        "frame_end": [
            14,
            30,
            44,
            59,
            74,
            89,
            105,
            120,
            138,
            153,
            168,
            184,
            200,
            216,
            232,
            247,
            261,
            277,
            291,
            306
        ],
        "duration": [
            14,
            16,
            14,
            15,
            15,
            15,
            16,
            15,
            18,
            15,
            15,
            16,
            16,
            16,
            16,
            15,
            14,
            16,
            14,
            15
        ],
        "transition_start": [
            1,
            0,
            0,
            0,
            1,
            0,
            1,
            0,
            1,
            0,
            1,
            1,
            0,
            1,
            0,
            0,
            0,
            0,
            0,
            0
        ],
        "transition_end": [
            0,
            0,
            0,
            0,
            0,
            0,
            0,
            0,
            0,
            0,
            0,
            0,
            0,
            0,
            1,
            0,
            0,
            1,
            1,
            0
        ],
        "max_change": [
            0.0,
            36.67860541533825,
            8.500157593801507,
            0.09484665906683808,
            12.730290503682605,
            0.466940520630841,
            22.215498043634042,
            1.9392702643410251,
            7.986463142874957,
            1.4625117158496121,
            0.0,
            3.338307155467217,
            1.4787561277022025,
            3.864566797322494,
            3.0177642755052907,
            3.7206828666421896,
            4.983275149033261,
            5.93741270166293,
            0.0,
            12.904182933736593
        ],
        "is_static": [
            true,
            true,
            true,
            true,
            true,
            true,
            true,
            true,
            true,
            true,
            true,
            true,
            true,
            true,
            true,
            true,
            true,
            true,
            true,
            true
        ],
        "intensity_range": [
            0.0,
            166.75,
            15.6153564453125,
            249.8125,
            14.037841796875,
            242.0,
            12.464187622070312,
            233.625,
            10.203239440917969,
            210.8125,
            0.0,
            227.0625,
            6.270973205566406,
            238.0625,
            7.718658447265625,
            251.1875,
            9.313316345214844,
            231.375,
            0.0,
            207.82394409179688
        ],
        "margin_left": [
            64,
            0,
            64,
            0,
            64,
            0,
            64,
            0,
            64,
            0,
            64,
            0,
            64,
            0,
            64,
            0,
            64,
            0,
            64,
            0
        ],
        "margin_right": [
            64,
            0,
            64,
            0,
            64,
            0,
            64,
            0,
            64,
            0,
            64,
            0,
            64,
            0,
            64,
            0,
            64,
            0,
            64,
            0
        ],
        "margin_top": [
            36,
            0,
            36,
            0,
            36,
            0,
            36,
            0,
            36,
            0,
            36,
            0,
            36,
            0,
            36,
            0,
            36,
            0,
            36,
            0
        ],
        "margin_bottom": [
            36,
            0,
            36,
            0,
            36,
            0,
            36,
            0,
            36,
            0,
            36,
            0,
            36,
            0,
            36,
            0,
            36,
            0,
            36,
            0
        ],
        "background_color": [
            128.0,
            50.69804000854492,
            128.0,
            111.937255859375,
            128.0,
            91.85882568359375,
            128.0,
            1.5058825016021729,
            128.0,
            249.47451782226562,
            128.0,
            108.92549133300781,
            128.0,
            63.7490234375,
            128.0,
            66.76078796386719,
            128.0,
            211.32550048828125,
            128.0,
            178.19607543945312
        ],
        "background_proportion": [
            0.9960862395221413,
            0.01999537269246813,
            0.9363939434843096,
            0.019426135055457323,
            0.9309280684720508,
            0.011327108422544106,
            0.9336867398530025,
            0.05487738390738508,
            0.9439270055234711,
            0.011298286263708117,
            0.9960862395221413,
            0.020434910614716976,
            0.9514752808239246,
            0.01510275384267017,
            0.9421603901544929,
            0.04107157634128589,
            0.868672678501917,
            0.010865953881168264,
            0.9960862395221413,
            0.011240641946036136
        ],
        "is_uniform": [
            true,
            false,
            true,
            false,
            true,
            false,
            true,
            false,
            true,
            false,
            true,
            false,
            true,
            false,
            true,
            false,
            true,
            false,
            true,
            false
        ],
        "bad_properties": [
            false,
            false,
            false,
            false,
            false,
            false,
            false,
            false,
            false,
            false,
            false,
            false,
            false,
            false,
            false,
            false,
            false,
            false,
            false,
            false
        ]
    }
}