{
    "recording": "dynamic29513-3-5-Video-8744edeac3b4d1ce16b680916b5267ce",
    "trial": "694",
    "trial_type": "train",
    "first_label": "NaturalImages",
    "label": "NaturalImages",
    "ID": null,
    "sampling_freq": 30,
    "valid_frames": 313,
    "n_peaks": 19,
    "segments_n_peaks": 20,
    "segments_bad_n": 0,
    "segments_avg_duration": 15.65,
    "segments": {
        "frame_start": [
            0,
            15,
            30,
            45,
            61,
            79,
            95,
            114,
            129,
            146,
            162,
            176,
            191,
            205,
            221,
            237,
            252,
            266,
            282,
            298
        ],
        "frame_end": [
            15,
            30,
            45,
            61,
            79,
            95,
            114,
            129,
            146,
            162,
            176,
            191,
            205,
            221,
            237,
            252,
            266,
            282,
            298,
            313
        ],
        "duration": [
            15,
            15,
            15,
            16,
            18,
            16,
            19,
            15,
            17,
            16,
            14,
            15,
            14,
            16,
            16,
            15,
            14,
            16,
            16,
            15
        ],
        "transition_start": [
            1,
            0,
            1,
            0,
            0,
            1,
            0,
            0,
            1,
            1,
            0,
            0,
            1,
            1,
            0,
            0,
            0,
            0,
            0,
            0
        ],
        "transition_end": [
            0,
            0,
            0,
            0,
            0,
            0,
            0,
            0,
            0,
            0,
            0,
            0,
            0,
            0,
            1,
            0,
            0,
            1,
            0,
            0
        ],
        "max_change": [
            29.34218084182473,
            0.033371073793634624,
            0.0,
            42.35116170174425,
            0.1507620558265646,
            5.533080904760153,
            12.960712949015438,
            1.4041340070883104,
            0.0,
            8.906295885889676,
            2.6246153224855737,
            0.9646191098003227,
            0.0,
            5.497200709870867,
            4.685850529094296,
            3.7747789118821453,
            5.520078542391199,
            6.2391964677923015,
            1.2207422924205578,
            4.1102274553213896
        ],
        "is_static": [
            true,
            true,
            true,
            true,
            true,
            true,
            true,
            true,
            true,
            true,
            true,
            true,
            true,
            true,
            true,
            true,
            true,
            true,
            true,
            true
        ],
        "intensity_range": [
            15.958732604980469,
            238.6875,
            0.0,
            204.75,
            1.8743057250976562,
            204.125,
            12.359130859375,
            237.6875,
            0.0,
            236.9375,
            10.186050415039062,
            238.5625,
            0.0,
            244.8125,
            8.122146606445312,
            220.4375,
            8.413063049316406,
            239.75,
            5.0051727294921875,
            205.3125
        ],
        "margin_left": [
            64,
            0,
            64,
            0,
            64,
            1,
            64,
            0,
            64,
            0,
            64,
            0,
            64,
            0,
            64,
            0,
            64,
            0,
            64,
            0
        ],
        "margin_right": [
            64,
            0,
            64,
            3,
            64,
            0,
            64,
            0,
            64,
            0,
            64,
            0,
            64,
            0,
            64,
            0,
            64,
            0,
            64,
            0
        ],
        "margin_top": [
            36,
            0,
            36,
            0,
            36,
            0,
            36,
            0,
            36,
            0,
            36,
            0,
            36,
            0,
            36,
            0,
            36,
            0,
            36,
            0
        ],
        "margin_bottom": [
            36,
            0,
            36,
            0,
            36,
            0,
            36,
            0,
            36,
            0,
            36,
            0,
            36,
            0,
            36,
            0,
            36,
            0,
            36,
            0
        ],
        "background_color": [
            128.0,
            4.5176472663879395,
            128.0,
            92.86274719238281,
            128.0,
            157.11373901367188,
            128.0,
            37.64706039428711,
            128.0,
            255.498046875,
            128.0,
            101.89804077148438,
            128.0,
            77.80392456054688,
            128.0,
            65.75686645507812,
            128.0,
            254.49411010742188,
            128.0,
            153.09805297851562
        ],
        "background_proportion": [
            0.9267900614006233,
            0.02129957537979668,
            0.9960862395221413,
            0.0219678891878062,
            0.984941756132426,
            0.015996298153974502,
            0.9230681304526386,
            0.017985027113657816,
            0.9960862395221413,
            0.07101779937187959,
            0.8772883797924266,
            0.03314548266138861,
            0.9960862395221413,
            0.014411079417995047,
            0.9384135379803645,
            0.015563965771434651,
            0.8658934200211075,
            0.029052736106678013,
            0.9489623679475261,
            0.01815796006667376
        ],
        "is_uniform": [
            true,
            false,
            true,
            false,
            true,
            false,
            true,
            false,
            true,
            false,
            true,
            false,
            true,
            false,
            true,
            false,
            true,
            false,
            true,
            false
        ],
        "bad_properties": [
            false,
            false,
            false,
            false,
            false,
            false,
            false,
            false,
            false,
            false,
            false,
            false,
            false,
            false,
            false,
            false,
            false,
            false,
            false,
            false
        ]
    }
}