{
    "recording": "dynamic29513-3-5-Video-8744edeac3b4d1ce16b680916b5267ce",
    "trial": "697",
    "trial_type": "train",
    "first_label": "NaturalImages",
    "label": "NaturalImages",
    "ID": null,
    "sampling_freq": 30,
    "valid_frames": 313,
    "peaks": [
        16,
        31,
        49,
        65,
        78,
        94,
        108,
        123,
        140,
        156,
        173,
        189,
        203,
        218,
        236,
        251,
        265,
        281,
        297
    ],
    "n_peaks": 19,
    "segments_n_peaks": 20,
    "segments_bad_n": 0,
    "segments_avg_duration": 15.65,
    "segments": {
        "frame_start": [
            0,
            17,
            32,
            50,
            66,
            79,
            95,
            109,
            124,
            141,
            157,
            174,
            190,
            204,
            219,
            237,
            252,
            266,
            282,
            298
        ],
        "frame_end": [
            17,
            32,
            50,
            66,
            79,
            95,
            109,
            124,
            141,
            157,
            174,
            190,
            204,
            219,
            237,
            252,
            266,
            282,
            298,
            313
        ],
        "duration": [
            17,
            15,
            18,
            16,
            13,
            16,
            14,
            15,
            17,
            16,
            17,
            16,
            14,
            15,
            18,
            15,
            14,
            16,
            16,
            15
        ],
        "transition_start": [
            1,
            0,
            1,
            1,
            0,
            1,
            0,
            0,
            1,
            1,
            0,
            1,
            0,
            0,
            1,
            0,
            0,
            0,
            0,
            0
        ],
        "transition_end": [
            0,
            0,
            0,
            0,
            0,
            0,
            0,
            0,
            0,
            0,
            0,
            0,
            0,
            0,
            1,
            0,
            0,
            1,
            1,
            0
        ],
        "max_change": [
            17.8033337802011,
            0.02609422318010325,
            0.0,
            18.805780261185596,
            0.5263101527520777,
            6.2650597478077295,
            7.99747465285946,
            0.768896301587827,
            0.0,
            4.901376471309074,
            1.3117080300024655,
            10.587215776603923,
            5.226865129363255,
            1.8721573386131543,
            0.0,
            5.155923281968878,
            7.537368678577498,
            1.8969866595651739,
            0.0,
            6.453133025969793
        ],
        "is_static": [
            true,
            true,
            true,
            true,
            true,
            true,
            true,
            true,
            true,
            true,
            true,
            true,
            true,
            true,
            true,
            true,
            true,
            true,
            true,
            true
        ],
        "intensity_range": [
            16.352981567382812,
            245.6875,
            0.0,
            201.125,
            1.99200439453125,
            210.25,
            11.684494018554688,
            221.5,
            0.0,
            248.6875,
            5.8596038818359375,
            249.75,
            8.247802734375,
            205.3125,
            0.0,
            194.0625,
            7.340492248535156,
            149.3125,
            0.0,
            226.3461151123047
        ],
        "margin_left": [
            64,
            0,
            64,
            0,
            64,
            0,
            64,
            0,
            64,
            0,
            64,
            0,
            64,
            0,
            64,
            0,
            64,
            0,
            64,
            0
        ],
        "margin_right": [
            64,
            0,
            64,
            0,
            64,
            0,
            64,
            0,
            64,
            0,
            64,
            0,
            64,
            0,
            64,
            0,
            64,
            0,
            64,
            0
        ],
        "margin_top": [
            36,
            0,
            36,
            0,
            36,
            0,
            36,
            0,
            36,
            0,
            36,
            0,
            36,
            0,
            36,
            2,
            36,
            0,
            36,
            0
        ],
        "margin_bottom": [
            36,
            0,
            36,
            0,
            36,
            0,
            36,
            0,
            36,
            0,
            36,
            0,
            36,
            0,
            36,
            0,
            36,
            0,
            36,
            0
        ],
        "background_color": [
            128.0,
            94.87059020996094,
            128.0,
            243.45098876953125,
            128.0,
            98.88627624511719,
            128.0,
            75.79608154296875,
            128.0,
            80.81568908691406,
            128.0,
            21.584314346313477,
            128.0,
            146.07058715820312,
            128.0,
            48.6901969909668,
            128.0,
            128.0,
            128.0,
            124.98823547363281
        ],
        "background_proportion": [
            0.9375867085823236,
            0.019916111755669156,
            0.9960862395221411,
            0.020579021408896926,
            0.9438741870365055,
            0.012710572046671632,
            0.9030737223643818,
            0.02161661912699257,
            0.9960862395221413,
            0.017495050413445987,
            0.9545063528386573,
            0.022884794115776135,
            0.876423721598397,
            0.022250706621384352,
            0.9960862395221413,
            0.05562676655346088,
            0.8872937103233409,
            0.02248111304477055,
            0.9960862395221413,
            0.02495998955196742
        ],
        "is_uniform": [
            true,
            false,
            true,
            false,
            true,
            false,
            true,
            false,
            true,
            false,
            true,
            false,
            true,
            false,
            true,
            false,
            true,
            false,
            true,
            false
        ],
        "bad_properties": [
            false,
            false,
            false,
            false,
            false,
            false,
            false,
            false,
            false,
            false,
            false,
            false,
            false,
            false,
            false,
            false,
            false,
            false,
            false,
            false
        ]
    }
}