{
    "recording": "dynamic29513-3-5-Video-8744edeac3b4d1ce16b680916b5267ce",
    "trial": "704",
    "trial_type": "final_test_bonus",
    "first_label": "NaturalImages",
    "label": "NaturalImages",
    "ID": null,
    "sampling_freq": 30,
    "valid_frames": 313,
    "n_peaks": 19,
    "segments_n_peaks": 20,
    "segments_bad_n": 0,
    "segments_avg_duration": 15.65,
    "segments": {
        "frame_start": [
            0,
            15,
            30,
            45,
            61,
            79,
            95,
            114,
            129,
            146,
            162,
            176,
            191,
            205,
            221,
            237,
            252,
            266,
            282,
            298
        ],
        "frame_end": [
            15,
            30,
            45,
            61,
            79,
            95,
            114,
            129,
            146,
            162,
            176,
            191,
            205,
            221,
            237,
            252,
            266,
            282,
            298,
            313
        ],
        "duration": [
            15,
            15,
            15,
            16,
            18,
            16,
            19,
            15,
            17,
            16,
            14,
            15,
            14,
            16,
            16,
            15,
            14,
            16,
            16,
            15
        ],
        "transition_start": [
            1,
            0,
            1,
            0,
            0,
            1,
            0,
            0,
            1,
            1,
            0,
            0,
            1,
            1,
            0,
            0,
            0,
            0,
            0,
            0
        ],
        "transition_end": [
            0,
            0,
            0,
            0,
            0,
            0,
            0,
            0,
            0,
            0,
            0,
            0,
            0,
            0,
            1,
            0,
            0,
            1,
            0,
            0
        ],
        "max_change": [
            29.34218084182473,
            0.033487889893725274,
            0.0,
            42.44242030044039,
            0.1516071303335088,
            5.527714319370337,
            12.94548953467956,
            1.4096372766190244,
            0.0,
            8.885146121104476,
            2.6359042871874103,
            0.9685811009962637,
            0.0,
            5.476115291528079,
            4.705357092779902,
            3.7562515850839495,
            5.544263466920863,
            6.267256790829454,
            1.211286081041256,
            4.128902270472484
        ],
        "is_static": [
            true,
            true,
            true,
            true,
            true,
            true,
            true,
            true,
            true,
            true,
            true,
            true,
            true,
            true,
            true,
            true,
            true,
            true,
            true,
            true
        ],
        "intensity_range": [
            15.958732604980469,
            238.6875,
            0.0,
            204.75,
            1.8795394897460938,
            204.125,
            12.351875305175781,
            237.6875,
            0.0,
            236.9375,
            10.17218017578125,
            238.5625,
            0.0,
            244.8125,
            8.1390380859375,
            220.4375,
            8.412910461425781,
            239.75,
            4.985748291015625,
            205.3125
        ],
        "margin_left": [
            64,
            0,
            64,
            0,
            64,
            1,
            64,
            0,
            64,
            0,
            64,
            0,
            64,
            0,
            64,
            0,
            64,
            0,
            64,
            0
        ],
        "margin_right": [
            64,
            0,
            64,
            3,
            64,
            0,
            64,
            0,
            64,
            0,
            64,
            0,
            64,
            0,
            64,
            0,
            64,
            0,
            64,
            0
        ],
        "margin_top": [
            36,
            0,
            36,
            0,
            36,
            0,
            36,
            0,
            36,
            0,
            36,
            0,
            36,
            0,
            36,
            0,
            36,
            0,
            36,
            0
        ],
        "margin_bottom": [
            36,
            0,
            36,
            0,
            36,
            0,
            36,
            0,
            36,
            0,
            36,
            0,
            36,
            0,
            36,
            0,
            36,
            0,
            36,
            0
        ],
        "background_color": [
            128.0,
            4.5176472663879395,
            128.0,
            92.86274719238281,
            128.0,
            157.11373901367188,
            128.0,
            37.64706039428711,
            128.0,
            255.498046875,
            128.0,
            101.89804077148438,
            128.0,
            77.80392456054688,
            128.0,
            65.75686645507812,
            128.0,
            254.49411010742188,
            128.0,
            153.09805297851562
        ],
        "background_proportion": [
            0.9267900614006233,
            0.02129957537979668,
            0.9960862395221413,
            0.0219678891878062,
            0.9848216647165885,
            0.015996298153974502,
            0.9229771138006355,
            0.018071493590165792,
            0.9960862395221413,
            0.07101779937187959,
            0.8772883797924266,
            0.03314548266138861,
            0.9960862395221413,
            0.014411079417995047,
            0.9383847160405635,
            0.015563965771434651,
            0.865955181320681,
            0.029052736106678013,
            0.9490164090846529,
            0.01810031574900178
        ],
        "is_uniform": [
            true,
            false,
            true,
            false,
            true,
            false,
            true,
            false,
            true,
            false,
            true,
            false,
            true,
            false,
            true,
            false,
            true,
            false,
            true,
            false
        ],
        "bad_properties": [
            false,
            false,
            false,
            false,
            false,
            false,
            false,
            false,
            false,
            false,
            false,
            false,
            false,
            false,
            false,
            false,
            false,
            false,
            false,
            false
        ]
    }
}