{
    "recording": "dynamic29755-2-8-Video-9b4f6a1a067fe51e15306b9628efea20",
    "trial": "378",
    "trial_type": "live_test_bonus",
    "first_label": "NaturalVideo",
    "label": "NaturalVideo",
    "ID": null,
    "sampling_freq": 30,
    "valid_frames": 300,
    "peaks": [
        30,
        65,
        105,
        136,
        174,
        275
    ],
    "n_peaks": 6,
    "segments_n_peaks": 7,
    "segments_bad_n": 0,
    "segments_avg_duration": 42.857142857142854,
    "segments": {
        "frame_start": [
            0,
            31,
            66,
            106,
            137,
            175,
            276
        ],
        "frame_end": [
            31,
            66,
            106,
            137,
            175,
            276,
            300
        ],
        "duration": [
            31,
            35,
            40,
            31,
            38,
            101,
            24
        ],
        "transition_start": [
            0,
            0,
            0,
            0,
            0,
            0,
            0
        ],
        "transition_end": [
            0,
            0,
            0,
            0,
            0,
            0,
            0
        ],
        "max_change": [
            3845.1911254213774,
            418.91175623405115,
            282.7966661964733,
            276.81334974703776,
            447.1849739460339,
            1690.8047119922119,
            617.2257759834002
        ],
        "is_static": [
            false,
            false,
            false,
            false,
            false,
            false,
            false
        ],
        "intensity_range": [
            249.47855803236533,
            247.06250000000003,
            206.8786544298091,
            236.91118043300685,
            202.3676524347406,
            235.25000000000003,
            244.53760794673786
        ],
        "margin_left": [
            0,
            0,
            0,
            0,
            0,
            0,
            0
        ],
        "margin_right": [
            0,
            0,
            0,
            0,
            0,
            0,
            0
        ],
        "margin_top": [
            0,
            0,
            0,
            0,
            0,
            0,
            0
        ],
        "margin_bottom": [
            0,
            0,
            0,
            0,
            0,
            0,
            0
        ],
        "background_color": [
            3.5137254901960784,
            73.78823529411764,
            174.18039215686275,
            33.6313725490196,
            57.725490196078425,
            3.5137254901960784,
            3.5137254901960784
        ],
        "background_proportion": [
            0.040639241536458336,
            0.04213387625558051,
            0.027409871419270933,
            0.02517290012810811,
            0.03299378512198454,
            0.026012710218775784,
            0.04588127136230469
        ],
        "is_uniform": [
            false,
            false,
            false,
            false,
            false,
            false,
            false
        ],
        "bad_properties": [
            false,
            false,
            false,
            false,
            false,
            false,
            false
        ]
    }
}