{
    "recording": "dynamic29755-2-8-Video-9b4f6a1a067fe51e15306b9628efea20",
    "trial": "409",
    "trial_type": "oracle",
    "first_label": "Gabor",
    "label": "Gabor",
    "ID": null,
    "sampling_freq": 30,
    "valid_frames": 300,
    "peaks": [
        24,
        49,
        74,
        99,
        124,
        149,
        174,
        199,
        224,
        249,
        274
    ],
    "n_peaks": 11,
    "segments_n_peaks": 12,
    "segments_bad_n": 0,
    "segments_avg_duration": 25.0,
    "segments": {
        "frame_start": [
            0,
            25,
            50,
            75,
            100,
            125,
            150,
            175,
            200,
            225,
            250,
            275
        ],
        "frame_end": [
            25,
            50,
            75,
            100,
            125,
            150,
            175,
            200,
            225,
            250,
            275,
            300
        ],
        "duration": [
            25,
            25,
            25,
            25,
            25,
            25,
            25,
            25,
            25,
            25,
            25,
            25
        ],
        "transition_start": [
            0,
            0,
            0,
            0,
            0,
            0,
            0,
            0,
            0,
            0,
            0,
            0
        ],
        "transition_end": [
            0,
            0,
            0,
            0,
            0,
            0,
            0,
            0,
            0,
            0,
            0,
            0
        ],
        "max_change": [
            111.03090796250912,
            223.92932279051672,
            9.430366183900869,
            79.90245506674124,
            79.23047050689314,
            26.038379105614407,
            101.56189637391981,
            182.48085243764308,
            22.819622416260625,
            39.61016946799694,
            38.53913493087529,
            45.418038810739034
        ],
        "is_static": [
            false,
            false,
            true,
            false,
            false,
            true,
            false,
            false,
            true,
            true,
            true,
            true
        ],
        "intensity_range": [
            191.661014619448,
            181.4411125266613,
            217.0994079694881,
            212.32448811017633,
            213.165560409803,
            216.57654487998423,
            183.26270916588692,
            183.1344605216148,
            216.67191035922346,
            213.66473825108994,
            188.34018634311286,
            213.3804281917516
        ],
        "margin_left": [
            23,
            23,
            22,
            22,
            22,
            22,
            23,
            23,
            22,
            22,
            23,
            22
        ],
        "margin_right": [
            22,
            23,
            22,
            22,
            22,
            22,
            23,
            23,
            22,
            22,
            23,
            22
        ],
        "margin_top": [
            9,
            9,
            8,
            8,
            8,
            8,
            9,
            9,
            8,
            8,
            9,
            8
        ],
        "margin_bottom": [
            8,
            9,
            8,
            8,
            8,
            8,
            9,
            9,
            8,
            8,
            9,
            8
        ],
        "background_color": [
            128.0,
            128.0,
            128.0,
            128.0,
            128.0,
            128.0,
            128.0,
            128.0,
            128.0,
            128.0,
            128.0,
            128.0
        ],
        "background_proportion": [
            0.6490865071614607,
            0.6480662027994815,
            0.6424631754557314,
            0.6399902343750022,
            0.6416503906250023,
            0.6421864827473981,
            0.6490000406901064,
            0.6494669596354189,
            0.6426879882812523,
            0.6417541503906272,
            0.645731608072919,
            0.6413218180338565
        ],
        "is_uniform": [
            false,
            false,
            false,
            false,
            false,
            false,
            false,
            false,
            false,
            false,
            false,
            false
        ],
        "bad_properties": [
            false,
            false,
            false,
            false,
            false,
            false,
            false,
            false,
            false,
            false,
            false,
            false
        ]
    }
}