{
    "recording": "dynamic29712-5-9-Video-9b4f6a1a067fe51e15306b9628efea20",
    "trial": "233",
    "trial_type": "live_test_bonus",
    "first_label": "NaturalVideo",
    "label": "NaturalVideo",
    "ID": null,
    "sampling_freq": 30,
    "valid_frames": 300,
    "peaks": [
        32,
        114
    ],
    "n_peaks": 2,
    "segments_n_peaks": 3,
    "segments_bad_n": 0,
    "segments_avg_duration": 100.0,
    "segments": {
        "frame_start": [
            0,
            33,
            115
        ],
        "frame_end": [
            33,
            115,
            300
        ],
        "duration": [
            33,
            82,
            185
        ],
        "transition_start": [
            0,
            0,
            0
        ],
        "transition_end": [
            0,
            0,
            0
        ],
        "max_change": [
            538.8696487245587,
            75.7343134534969,
            547.5195056765692
        ],
        "is_static": [
            false,
            false,
            false
        ],
        "intensity_range": [
            210.56112583711996,
            244.06250000000003,
            254.54243806146474
        ],
        "margin_left": [
            0,
            0,
            0
        ],
        "margin_right": [
            0,
            0,
            0
        ],
        "margin_top": [
            0,
            0,
            0
        ],
        "margin_bottom": [
            0,
            0,
            0
        ],
        "background_color": [
            182.21176470588236,
            107.92156862745098,
            180.20392156862744
        ],
        "background_proportion": [
            0.03556916207978232,
            0.01870101060324575,
            0.014608159795537777
        ],
        "is_uniform": [
            false,
            false,
            false
        ],
        "bad_properties": [
            false,
            false,
            false
        ]
    }
}