{
    "recording": "dynamic29712-5-9-Video-9b4f6a1a067fe51e15306b9628efea20",
    "trial": "595",
    "trial_type": "train",
    "first_label": "Gabor",
    "label": "Gabor",
    "ID": null,
    "sampling_freq": 30,
    "valid_frames": 300,
    "peaks": [
        24,
        49,
        74,
        99,
        124,
        149,
        174,
        199,
        224,
        249
    ],
    "n_peaks": 10,
    "segments_n_peaks": 11,
    "segments_bad_n": 0,
    "segments_avg_duration": 25.0,
    "segments": {
        "frame_start": [
            0,
            25,
            50,
            75,
            100,
            125,
            150,
            175,
            200,
            225,
            250,
            275
        ],
        "frame_end": [
            25,
            50,
            75,
            100,
            125,
            150,
            175,
            200,
            225,
            250,
            275,
            300
        ],
        "duration": [
            25,
            25,
            25,
            25,
            25,
            25,
            25,
            25,
            25,
            25,
            25,
            25
        ],
        "transition_start": [
            0,
            0,
            0,
            0,
            0,
            0,
            0,
            0,
            0,
            0,
            0,
            0
        ],
        "transition_end": [
            0,
            0,
            0,
            0,
            0,
            0,
            0,
            0,
            0,
            0,
            0,
            0
        ],
        "max_change": [
            2.5279886086426187,
            2.654328452773867,
            9.431915849388206,
            9.420275649341976,
            86.30049854481575,
            28.584430483220615,
            101.69076820397083,
            77.51517352296777,
            25.125953931238566,
            30.419466434608825,
            169.07372315284675,
            36.312161422191565
        ],
        "is_static": [
            true,
            true,
            true,
            true,
            false,
            true,
            false,
            false,
            true,
            true,
            false,
            true
        ],
        "intensity_range": [
            219.6328137838031,
            219.63075635248364,
            216.89645488632027,
            217.40319021063078,
            213.3893163163357,
            189.79142387350112,
            183.47027125844286,
            210.6716512031373,
            216.20650992692958,
            223.01492227131325,
            172.38012965876132,
            219.35300865327488
        ],
        "margin_left": [
            22,
            22,
            22,
            22,
            22,
            23,
            23,
            22,
            22,
            22,
            23,
            22
        ],
        "margin_right": [
            22,
            22,
            22,
            22,
            22,
            22,
            23,
            22,
            22,
            22,
            23,
            22
        ],
        "margin_top": [
            8,
            8,
            8,
            8,
            8,
            9,
            9,
            8,
            8,
            8,
            9,
            8
        ],
        "margin_bottom": [
            8,
            8,
            8,
            8,
            8,
            9,
            9,
            8,
            8,
            8,
            9,
            8
        ],
        "background_color": [
            128.0,
            128.0,
            128.0,
            128.0,
            128.0,
            128.0,
            128.0,
            128.0,
            128.0,
            128.0,
            128.0,
            128.0
        ],
        "background_proportion": [
            0.6425150553385439,
            0.6421173095703148,
            0.642411295572919,
            0.6420308430989606,
            0.6438812255859397,
            0.6452819824218773,
            0.6486887613932314,
            0.6422210693359398,
            0.6418752034505231,
            0.6380879720052106,
            0.6546722412109398,
            0.6441925048828148
        ],
        "is_uniform": [
            false,
            false,
            false,
            false,
            false,
            false,
            false,
            false,
            false,
            false,
            false,
            false
        ],
        "bad_properties": [
            false,
            false,
            false,
            false,
            false,
            false,
            false,
            false,
            false,
            false,
            false,
            false
        ]
    }
}