{
    "recording": "dynamic29156-11-10-Video-8744edeac3b4d1ce16b680916b5267ce",
    "trial": "106",
    "trial_type": "train",
    "first_label": "NaturalVideo",
    "label": "NaturalVideo",
    "ID": null,
    "sampling_freq": 30,
    "valid_frames": 300,
    "peaks": [
        45,
        193
    ],
    "n_peaks": 2,
    "segments_n_peaks": 3,
    "segments_bad_n": 0,
    "segments_avg_duration": 100.0,
    "segments": {
        "frame_start": [
            0,
            46,
            194
        ],
        "frame_end": [
            46,
            194,
            300
        ],
        "duration": [
            46,
            148,
            106
        ],
        "transition_start": [
            0,
            0,
            0
        ],
        "transition_end": [
            0,
            0,
            0
        ],
        "max_change": [
            442.3707231989539,
            4495.249095641101,
            3534.7426366276213
        ],
        "is_static": [
            false,
            false,
            false
        ],
        "intensity_range": [
            213.3621368408203,
            234.24685668945312,
            230.7097625732422
        ],
        "margin_left": [
            6,
            0,
            0
        ],
        "margin_right": [
            0,
            0,
            0
        ],
        "margin_top": [
            0,
            0,
            0
        ],
        "margin_bottom": [
            0,
            0,
            0
        ],
        "background_color": [
            80.81568908691406,
            16.564706802368164,
            37.64706039428711
        ],
        "background_proportion": [
            0.03417305528075869,
            0.020007057351455693,
            0.020739718539765514
        ],
        "is_uniform": [
            false,
            false,
            false
        ],
        "bad_properties": [
            false,
            false,
            false
        ]
    }
}