{
    "recording": "dynamic29156-11-10-Video-8744edeac3b4d1ce16b680916b5267ce",
    "trial": "159",
    "trial_type": "live_test_bonus",
    "first_label": "NaturalVideo",
    "label": "NaturalVideo",
    "ID": null,
    "sampling_freq": 30,
    "valid_frames": 300,
    "n_peaks": 6,
    "segments_n_peaks": 7,
    "segments_bad_n": 0,
    "segments_avg_duration": 42.857142857142854,
    "segments": {
        "frame_start": [
            0,
            83,
            123,
            174,
            204,
            244,
            294
        ],
        "frame_end": [
            83,
            123,
            174,
            204,
            244,
            294,
            300
        ],
        "duration": [
            83,
            40,
            51,
            30,
            40,
            50,
            6
        ],
        "transition_start": [
            0,
            0,
            0,
            0,
            0,
            1,
            0
        ],
        "transition_end": [
            0,
            0,
            0,
            0,
            0,
            0,
            0
        ],
        "max_change": [
            125.6180430279905,
            1127.6730980832704,
            589.1109874744895,
            175.10758690550068,
            299.33280729634174,
            8.27093305026709,
            109.70311018659939
        ],
        "is_static": [
            false,
            false,
            false,
            false,
            false,
            true,
            false
        ],
        "intensity_range": [
            188.88844299316406,
            222.65908813476562,
            215.40672302246094,
            83.36091613769531,
            198.14950561523438,
            77.4444808959961,
            104.98173522949219
        ],
        "margin_left": [
            0,
            0,
            0,
            0,
            0,
            0,
            0
        ],
        "margin_right": [
            0,
            0,
            0,
            0,
            0,
            7,
            11
        ],
        "margin_top": [
            0,
            0,
            0,
            0,
            0,
            8,
            0
        ],
        "margin_bottom": [
            0,
            0,
            0,
            0,
            0,
            0,
            28
        ],
        "background_color": [
            3.513725757598877,
            1.5058825016021729,
            5.521568775177002,
            2.5098040103912354,
            59.733333587646484,
            1.5058825016021729,
            0.501960813999176
        ],
        "background_proportion": [
            0.1846527629068101,
            0.025431949383024635,
            0.08677165230741019,
            0.12972853692079142,
            0.02068710450453189,
            0.1460312737498602,
            0.6114620270983059
        ],
        "is_uniform": [
            false,
            false,
            false,
            false,
            false,
            false,
            false
        ],
        "bad_properties": [
            false,
            false,
            false,
            false,
            false,
            false,
            false
        ]
    }
}