{
    "recording": "dynamic29156-11-10-Video-8744edeac3b4d1ce16b680916b5267ce",
    "trial": "211",
    "trial_type": "final_test_main",
    "first_label": "PinkNoise",
    "label": "PinkNoise",
    "ID": null,
    "sampling_freq": 30,
    "valid_frames": 324,
    "n_peaks": 10,
    "segments_n_peaks": 11,
    "segments_bad_n": 0,
    "segments_avg_duration": 27.0,
    "segments": {
        "frame_start": [
            0,
            27,
            54,
            81,
            108,
            135,
            162,
            189,
            216,
            243,
            270,
            297
        ],
        "frame_end": [
            27,
            54,
            81,
            108,
            135,
            162,
            189,
            216,
            243,
            270,
            297,
            324
        ],
        "duration": [
            27,
            27,
            27,
            27,
            27,
            27,
            27,
            27,
            27,
            27,
            27,
            27
        ],
        "transition_start": [
            0,
            0,
            0,
            0,
            0,
            0,
            0,
            0,
            0,
            0,
            0,
            0
        ],
        "transition_end": [
            0,
            0,
            0,
            0,
            0,
            0,
            0,
            0,
            0,
            0,
            0,
            0
        ],
        "max_change": [
            505.5988844514007,
            458.3088249259607,
            439.57046598020287,
            443.33212747243965,
            452.58538605402725,
            393.26149742100216,
            446.35322329858695,
            407.19496871766387,
            435.69270532931233,
            386.0887025132229,
            426.9529261879813,
            424.9440072398914
        ],
        "is_static": [
            false,
            false,
            false,
            false,
            false,
            false,
            false,
            false,
            false,
            false,
            false,
            false
        ],
        "intensity_range": [
            254.540771484375,
            254.51939392089844,
            254.99462890625,
            254.86358642578125,
            254.16009521484375,
            254.72296142578125,
            255.0,
            254.33642578125,
            252.98983764648438,
            252.7783966064453,
            253.4778594970703,
            254.33987426757812
        ],
        "margin_left": [
            0,
            0,
            0,
            0,
            0,
            0,
            0,
            0,
            0,
            0,
            0,
            0
        ],
        "margin_right": [
            0,
            0,
            0,
            0,
            0,
            0,
            0,
            0,
            0,
            0,
            0,
            0
        ],
        "margin_top": [
            0,
            0,
            0,
            0,
            0,
            0,
            0,
            0,
            0,
            0,
            0,
            0
        ],
        "margin_bottom": [
            0,
            0,
            0,
            0,
            0,
            0,
            0,
            0,
            0,
            0,
            0,
            0
        ],
        "background_color": [
            134.02352905273438,
            121.97647094726562,
            128.0,
            131.01177978515625,
            124.98823547363281,
            121.97647094726562,
            130.00784301757812,
            132.01568603515625,
            129.00393676757812,
            137.03530883789062,
            123.98431396484375,
            122.98039245605469
        ],
        "background_proportion": [
            0.009863583246094388,
            0.009767509383307754,
            0.009927557042562494,
            0.010488063354207506,
            0.010087755592596535,
            0.010055730971667657,
            0.010327940249563117,
            0.010792297253031847,
            0.010263891007705361,
            0.009911620177487705,
            0.010472051043743068,
            0.010696223390245214
        ],
        "is_uniform": [
            false,
            false,
            false,
            false,
            false,
            false,
            false,
            false,
            false,
            false,
            false,
            false
        ],
        "bad_properties": [
            false,
            false,
            false,
            false,
            false,
            false,
            false,
            false,
            false,
            false,
            false,
            false
        ]
    }
}