{
    "recording": "dynamic29156-11-10-Video-8744edeac3b4d1ce16b680916b5267ce",
    "trial": "224",
    "trial_type": "final_test_main",
    "first_label": "PinkNoise",
    "label": "PinkNoise",
    "ID": null,
    "sampling_freq": 30,
    "valid_frames": 324,
    "peaks": [
        26,
        53,
        80,
        107,
        161,
        188,
        215,
        242,
        296
    ],
    "n_peaks": 9,
    "segments_n_peaks": 10,
    "segments_bad_n": 0,
    "segments_avg_duration": 27.0,
    "segments": {
        "frame_start": [
            0,
            27,
            54,
            81,
            108,
            135,
            162,
            189,
            216,
            243,
            270,
            297
        ],
        "frame_end": [
            27,
            54,
            81,
            108,
            135,
            162,
            189,
            216,
            243,
            270,
            297,
            324
        ],
        "duration": [
            27,
            27,
            27,
            27,
            27,
            27,
            27,
            27,
            27,
            27,
            27,
            27
        ],
        "transition_start": [
            0,
            0,
            0,
            0,
            0,
            0,
            0,
            0,
            0,
            0,
            0,
            0
        ],
        "transition_end": [
            0,
            0,
            0,
            0,
            0,
            0,
            0,
            0,
            0,
            0,
            0,
            0
        ],
        "max_change": [
            492.1876066159535,
            475.4629122120049,
            390.3470247772481,
            450.4420838985791,
            448.5143218985596,
            392.1782586308126,
            437.142049110197,
            400.3069848875353,
            448.91779985025073,
            397.7125693719369,
            385.1774651728972,
            401.73988221850345
        ],
        "is_static": [
            false,
            false,
            false,
            false,
            false,
            false,
            false,
            false,
            false,
            false,
            false,
            false
        ],
        "intensity_range": [
            254.34217834472656,
            254.59425354003906,
            254.3300018310547,
            255.0,
            254.91629028320312,
            254.37844848632812,
            254.4283447265625,
            254.8468780517578,
            254.3258819580078,
            254.22145080566406,
            252.5242919921875,
            255.0
        ],
        "margin_left": [
            0,
            0,
            0,
            0,
            0,
            0,
            0,
            0,
            0,
            0,
            0,
            0
        ],
        "margin_right": [
            0,
            0,
            0,
            0,
            0,
            0,
            0,
            0,
            0,
            0,
            0,
            0
        ],
        "margin_top": [
            0,
            0,
            0,
            0,
            0,
            0,
            0,
            0,
            0,
            0,
            0,
            0
        ],
        "margin_bottom": [
            0,
            0,
            0,
            0,
            0,
            0,
            0,
            0,
            0,
            0,
            0,
            0
        ],
        "background_color": [
            123.98431396484375,
            139.04315185546875,
            138.03921508789062,
            119.9686279296875,
            121.97647094726562,
            129.00393676757812,
            138.03921508789062,
            126.99607849121094,
            131.01177978515625,
            125.99215698242188,
            129.00393676757812,
            138.03921508789062
        ],
        "background_proportion": [
            0.00968744783098556,
            0.00968744783098556,
            0.01060014952745858,
            0.00968744783098556,
            0.009399226242625658,
            0.010151804834454289,
            0.010279903318169801,
            0.010408001801885312,
            0.010167817144918729,
            0.01072824801117409,
            0.010664198769316336,
            0.010391989491420872
        ],
        "is_uniform": [
            false,
            false,
            false,
            false,
            false,
            false,
            false,
            false,
            false,
            false,
            false,
            false
        ],
        "bad_properties": [
            false,
            false,
            false,
            false,
            false,
            false,
            false,
            false,
            false,
            false,
            false,
            false
        ]
    }
}