{
    "recording": "dynamic29156-11-10-Video-8744edeac3b4d1ce16b680916b5267ce",
    "trial": "243",
    "trial_type": "oracle",
    "first_label": "PinkNoise",
    "label": "PinkNoise",
    "ID": null,
    "sampling_freq": 30,
    "valid_frames": 324,
    "peaks": [
        26,
        53,
        80,
        107,
        161,
        188,
        215,
        242,
        269,
        296
    ],
    "n_peaks": 10,
    "segments_n_peaks": 11,
    "segments_bad_n": 0,
    "segments_avg_duration": 27.0,
    "segments": {
        "frame_start": [
            0,
            27,
            54,
            81,
            108,
            135,
            162,
            189,
            216,
            243,
            270,
            297
        ],
        "frame_end": [
            27,
            54,
            81,
            108,
            135,
            162,
            189,
            216,
            243,
            270,
            297,
            324
        ],
        "duration": [
            27,
            27,
            27,
            27,
            27,
            27,
            27,
            27,
            27,
            27,
            27,
            27
        ],
        "transition_start": [
            0,
            0,
            0,
            0,
            0,
            0,
            0,
            0,
            0,
            0,
            0,
            0
        ],
        "transition_end": [
            0,
            0,
            0,
            0,
            0,
            0,
            0,
            0,
            0,
            0,
            0,
            0
        ],
        "max_change": [
            505.5958629513673,
            458.26266183308013,
            439.5698815571247,
            443.3515986138908,
            452.5569795812588,
            393.2996759447087,
            446.338315078787,
            407.19494935531776,
            435.676846172859,
            386.091112150711,
            426.9379099179201,
            424.9657610983651
        ],
        "is_static": [
            false,
            false,
            false,
            false,
            false,
            false,
            false,
            false,
            false,
            false,
            false,
            false
        ],
        "intensity_range": [
            254.53994750976562,
            254.51852416992188,
            254.99462890625,
            254.86349487304688,
            254.16004943847656,
            254.72291564941406,
            255.0,
            254.3362579345703,
            252.9897003173828,
            252.7781982421875,
            253.47784423828125,
            254.3397979736328
        ],
        "margin_left": [
            0,
            0,
            0,
            0,
            0,
            0,
            0,
            0,
            0,
            0,
            0,
            0
        ],
        "margin_right": [
            0,
            0,
            0,
            0,
            0,
            0,
            0,
            0,
            0,
            0,
            0,
            0
        ],
        "margin_top": [
            0,
            0,
            0,
            0,
            0,
            0,
            0,
            0,
            0,
            0,
            0,
            0
        ],
        "margin_bottom": [
            0,
            0,
            0,
            0,
            0,
            0,
            0,
            0,
            0,
            0,
            0,
            0
        ],
        "background_color": [
            134.02352905273438,
            121.97647094726562,
            128.0,
            131.01177978515625,
            124.98823547363281,
            121.97647094726562,
            130.00784301757812,
            132.01568603515625,
            129.00393676757812,
            137.03530883789062,
            123.98431396484375,
            132.01568603515625
        ],
        "background_proportion": [
            0.009863583246094388,
            0.009799534004236632,
            0.009927557042562494,
            0.010488063354207506,
            0.010087755592596535,
            0.010055730971667657,
            0.010327940249563117,
            0.010776284942567408,
            0.010263891007705361,
            0.009879595556558826,
            0.010456038733278628,
            0.010712235700709652
        ],
        "is_uniform": [
            false,
            false,
            false,
            false,
            false,
            false,
            false,
            false,
            false,
            false,
            false,
            false
        ],
        "bad_properties": [
            false,
            false,
            false,
            false,
            false,
            false,
            false,
            false,
            false,
            false,
            false,
            false
        ]
    }
}