{
    "recording": "dynamic29156-11-10-Video-8744edeac3b4d1ce16b680916b5267ce",
    "trial": "26",
    "trial_type": "final_test_bonus",
    "first_label": "NaturalVideo",
    "label": "NaturalVideo",
    "ID": null,
    "sampling_freq": 30,
    "valid_frames": 300,
    "n_peaks": 2,
    "segments_n_peaks": 3,
    "segments_bad_n": 0,
    "segments_avg_duration": 100.0,
    "segments": {
        "frame_start": [
            0,
            71,
            124
        ],
        "frame_end": [
            71,
            124,
            300
        ],
        "duration": [
            71,
            53,
            176
        ],
        "transition_start": [
            0,
            0,
            0
        ],
        "transition_end": [
            0,
            0,
            0
        ],
        "max_change": [
            784.7055730729855,
            491.5806855849462,
            622.7723836618093
        ],
        "is_static": [
            false,
            false,
            false
        ],
        "intensity_range": [
            212.66073608398438,
            209.0906219482422,
            213.8153533935547
        ],
        "margin_left": [
            0,
            0,
            0
        ],
        "margin_right": [
            0,
            0,
            0
        ],
        "margin_top": [
            0,
            0,
            0
        ],
        "margin_bottom": [
            0,
            0,
            0
        ],
        "background_color": [
            38.65098190307617,
            29.615686416625977,
            25.600000381469727
        ],
        "background_proportion": [
            0.020063876062940994,
            0.025132378690665702,
            0.024353086593750493
        ],
        "is_uniform": [
            false,
            false,
            false
        ],
        "bad_properties": [
            false,
            false,
            false
        ]
    }
}