{
    "recording": "dynamic29156-11-10-Video-8744edeac3b4d1ce16b680916b5267ce",
    "trial": "292",
    "trial_type": "train",
    "first_label": "PinkNoise",
    "label": "PinkNoise",
    "ID": null,
    "sampling_freq": 30,
    "valid_frames": 324,
    "n_peaks": 10,
    "segments_n_peaks": 11,
    "segments_bad_n": 0,
    "segments_avg_duration": 27.0,
    "segments": {
        "frame_start": [
            0,
            27,
            54,
            81,
            108,
            135,
            162,
            189,
            216,
            243,
            270,
            297
        ],
        "frame_end": [
            27,
            54,
            81,
            108,
            135,
            162,
            189,
            216,
            243,
            270,
            297,
            324
        ],
        "duration": [
            27,
            27,
            27,
            27,
            27,
            27,
            27,
            27,
            27,
            27,
            27,
            27
        ],
        "transition_start": [
            0,
            0,
            0,
            0,
            0,
            0,
            0,
            0,
            0,
            0,
            0,
            0
        ],
        "transition_end": [
            0,
            0,
            0,
            0,
            0,
            0,
            0,
            0,
            0,
            0,
            0,
            0
        ],
        "max_change": [
            458.80634575196586,
            436.622704839907,
            462.1505711088569,
            418.07607316050246,
            403.06166565049705,
            383.6163449001993,
            453.3527459465938,
            397.5591691425923,
            417.7842933116063,
            432.7548285553433,
            376.95272010387856,
            386.7338949441316
        ],
        "is_static": [
            false,
            false,
            false,
            false,
            false,
            false,
            false,
            false,
            false,
            false,
            false,
            false
        ],
        "intensity_range": [
            254.93807983398438,
            254.67515563964844,
            255.0,
            254.88758850097656,
            254.0560760498047,
            254.92904663085938,
            254.3363494873047,
            254.57200622558594,
            254.7914581298828,
            254.99476623535156,
            253.95782470703125,
            252.7560272216797
        ],
        "margin_left": [
            0,
            0,
            0,
            0,
            0,
            0,
            0,
            0,
            0,
            0,
            0,
            0
        ],
        "margin_right": [
            0,
            0,
            0,
            0,
            0,
            0,
            0,
            0,
            0,
            0,
            0,
            0
        ],
        "margin_top": [
            0,
            0,
            0,
            0,
            0,
            0,
            0,
            0,
            0,
            0,
            0,
            0
        ],
        "margin_bottom": [
            0,
            0,
            0,
            0,
            0,
            0,
            0,
            0,
            0,
            0,
            0,
            0
        ],
        "background_color": [
            128.0,
            124.98823547363281,
            126.99607849121094,
            133.01962280273438,
            120.97254943847656,
            116.95686340332031,
            124.98823547363281,
            128.0,
            116.95686340332031,
            124.98823547363281,
            131.01177978515625,
            128.0
        ],
        "background_proportion": [
            0.01035988613957731,
            0.010776284942567408,
            0.010327940249563117,
            0.010087755592596535,
            0.010135792523989851,
            0.010632174148387458,
            0.00951131241587673,
            0.010199764251794046,
            0.009911620177487705,
            0.010504075664671944,
            0.010792297253031847,
            0.01045595927224727
        ],
        "is_uniform": [
            false,
            false,
            false,
            false,
            false,
            false,
            false,
            false,
            false,
            false,
            false,
            false
        ],
        "bad_properties": [
            false,
            false,
            false,
            false,
            false,
            false,
            false,
            false,
            false,
            false,
            false,
            false
        ]
    }
}