{
    "recording": "dynamic29156-11-10-Video-8744edeac3b4d1ce16b680916b5267ce",
    "trial": "313",
    "trial_type": "final_test_main",
    "first_label": "NaturalVideo",
    "label": "NaturalVideo",
    "ID": null,
    "sampling_freq": 30,
    "valid_frames": 300,
    "n_peaks": 3,
    "segments_n_peaks": 4,
    "segments_bad_n": 0,
    "segments_avg_duration": 75.0,
    "segments": {
        "frame_start": [
            0,
            18,
            200,
            277
        ],
        "frame_end": [
            18,
            200,
            277,
            300
        ],
        "duration": [
            18,
            182,
            77,
            23
        ],
        "transition_start": [
            0,
            0,
            0,
            0
        ],
        "transition_end": [
            0,
            0,
            0,
            0
        ],
        "max_change": [
            538.8687824081632,
            2155.9784718016194,
            1516.169661699785,
            1359.561681838789
        ],
        "is_static": [
            false,
            false,
            false,
            false
        ],
        "intensity_range": [
            224.72421264648438,
            254.1875,
            232.33546447753906,
            241.05029296875
        ],
        "margin_left": [
            0,
            0,
            0,
            0
        ],
        "margin_right": [
            0,
            0,
            0,
            0
        ],
        "margin_top": [
            0,
            0,
            0,
            0
        ],
        "margin_bottom": [
            0,
            0,
            0,
            0
        ],
        "background_color": [
            3.513725757598877,
            3.513725757598877,
            18.57254981994629,
            17.568628311157227
        ],
        "background_proportion": [
            0.05920550388170946,
            0.029313078755779386,
            0.0196065542834956,
            0.0424061676091263
        ],
        "is_uniform": [
            false,
            false,
            false,
            false
        ],
        "bad_properties": [
            false,
            false,
            false,
            false
        ]
    }
}