{
    "recording": "dynamic29156-11-10-Video-8744edeac3b4d1ce16b680916b5267ce",
    "trial": "331",
    "trial_type": "train",
    "first_label": "PinkNoise",
    "label": "PinkNoise",
    "ID": null,
    "sampling_freq": 30,
    "valid_frames": 324,
    "n_peaks": 10,
    "segments_n_peaks": 11,
    "segments_bad_n": 0,
    "segments_avg_duration": 27.0,
    "segments": {
        "frame_start": [
            0,
            27,
            54,
            81,
            108,
            135,
            162,
            189,
            216,
            243,
            270,
            297
        ],
        "frame_end": [
            27,
            54,
            81,
            108,
            135,
            162,
            189,
            216,
            243,
            270,
            297,
            324
        ],
        "duration": [
            27,
            27,
            27,
            27,
            27,
            27,
            27,
            27,
            27,
            27,
            27,
            27
        ],
        "transition_start": [
            0,
            0,
            0,
            0,
            0,
            0,
            0,
            0,
            0,
            0,
            0,
            0
        ],
        "transition_end": [
            0,
            0,
            0,
            0,
            0,
            0,
            0,
            0,
            0,
            0,
            0,
            0
        ],
        "max_change": [
            458.70308389913527,
            436.6318016403524,
            462.19790734789564,
            418.1321163151497,
            403.1176337069506,
            383.6468324456174,
            453.4079082633676,
            397.6204811161585,
            417.84892696246845,
            432.8177806115796,
            377.0016647512396,
            386.7870958611145
        ],
        "is_static": [
            false,
            false,
            false,
            false,
            false,
            false,
            false,
            false,
            false,
            false,
            false,
            false
        ],
        "intensity_range": [
            254.93798828125,
            254.67564392089844,
            255.0,
            254.8875732421875,
            254.05764770507812,
            254.92918395996094,
            254.33753967285156,
            254.57249450683594,
            254.7915802001953,
            254.99476623535156,
            253.958984375,
            252.7587890625
        ],
        "margin_left": [
            0,
            0,
            0,
            0,
            0,
            0,
            0,
            0,
            0,
            0,
            0,
            0
        ],
        "margin_right": [
            0,
            0,
            0,
            0,
            0,
            0,
            0,
            0,
            0,
            0,
            0,
            0
        ],
        "margin_top": [
            0,
            0,
            0,
            0,
            0,
            0,
            0,
            0,
            0,
            0,
            0,
            0
        ],
        "margin_bottom": [
            0,
            0,
            0,
            0,
            0,
            0,
            0,
            0,
            0,
            0,
            0,
            0
        ],
        "background_color": [
            128.0,
            124.98823547363281,
            126.99607849121094,
            133.01962280273438,
            120.97254943847656,
            116.95686340332031,
            124.98823547363281,
            128.0,
            116.95686340332031,
            124.98823547363281,
            131.01177978515625,
            128.0
        ],
        "background_proportion": [
            0.010375898328355638,
            0.010776284942567408,
            0.010311927939098678,
            0.010087755592596535,
            0.010103767903060973,
            0.010664198769316336,
            0.009479287794947852,
            0.010199764251794046,
            0.009943644798416583,
            0.010584137216994142,
            0.010808309563496285,
            0.010487983649803924
        ],
        "is_uniform": [
            false,
            false,
            false,
            false,
            false,
            false,
            false,
            false,
            false,
            false,
            false,
            false
        ],
        "bad_properties": [
            false,
            false,
            false,
            false,
            false,
            false,
            false,
            false,
            false,
            false,
            false,
            false
        ]
    }
}