{
    "recording": "dynamic29156-11-10-Video-8744edeac3b4d1ce16b680916b5267ce",
    "trial": "362",
    "trial_type": "train",
    "first_label": "NaturalVideo",
    "label": "NaturalVideo",
    "ID": null,
    "sampling_freq": 30,
    "valid_frames": 300,
    "n_peaks": 4,
    "segments_n_peaks": 5,
    "segments_bad_n": 0,
    "segments_avg_duration": 60.0,
    "segments": {
        "frame_start": [
            0,
            105,
            164,
            218,
            291
        ],
        "frame_end": [
            105,
            164,
            218,
            291,
            300
        ],
        "duration": [
            105,
            59,
            54,
            73,
            9
        ],
        "transition_start": [
            0,
            0,
            0,
            1,
            1
        ],
        "transition_end": [
            0,
            0,
            0,
            0,
            0
        ],
        "max_change": [
            120.48712983674642,
            28.401722211583074,
            35.66706463261323,
            2.08200732498206,
            0.4955497475052905
        ],
        "is_static": [
            false,
            true,
            true,
            true,
            true
        ],
        "intensity_range": [
            251.75,
            199.1875,
            155.86500549316406,
            207.20286560058594,
            190.625
        ],
        "margin_left": [
            0,
            2,
            0,
            7,
            6
        ],
        "margin_right": [
            0,
            0,
            0,
            0,
            1
        ],
        "margin_top": [
            0,
            0,
            0,
            0,
            0
        ],
        "margin_bottom": [
            0,
            0,
            0,
            0,
            0
        ],
        "background_color": [
            1.5058825016021729,
            4.5176472663879395,
            12.549019813537598,
            12.549019813537598,
            4.5176472663879395
        ],
        "background_proportion": [
            0.094857830916742,
            0.033018469758043574,
            0.06390513106357582,
            0.04229651809181546,
            0.04280090587144529
        ],
        "is_uniform": [
            false,
            false,
            false,
            false,
            false
        ],
        "bad_properties": [
            false,
            false,
            false,
            false,
            false
        ]
    }
}