{
    "recording": "dynamic29156-11-10-Video-8744edeac3b4d1ce16b680916b5267ce",
    "trial": "397",
    "trial_type": "train",
    "first_label": "NaturalVideo",
    "label": "NaturalVideo",
    "ID": null,
    "sampling_freq": 30,
    "valid_frames": 300,
    "peaks": [
        13,
        89,
        154,
        252
    ],
    "n_peaks": 4,
    "segments_n_peaks": 5,
    "segments_bad_n": 0,
    "segments_avg_duration": 60.0,
    "segments": {
        "frame_start": [
            0,
            14,
            90,
            155,
            253
        ],
        "frame_end": [
            14,
            90,
            155,
            253,
            300
        ],
        "duration": [
            14,
            76,
            65,
            98,
            47
        ],
        "transition_start": [
            0,
            0,
            0,
            0,
            0
        ],
        "transition_end": [
            0,
            0,
            0,
            0,
            0
        ],
        "max_change": [
            149.27286250466898,
            707.1500065338819,
            1876.7159330780462,
            87.73869775685466,
            166.42768147039342
        ],
        "is_static": [
            false,
            false,
            false,
            false,
            false
        ],
        "intensity_range": [
            201.62295532226562,
            251.5432586669922,
            250.9375,
            244.0625,
            251.36166381835938
        ],
        "margin_left": [
            0,
            0,
            0,
            0,
            0
        ],
        "margin_right": [
            0,
            0,
            0,
            0,
            0
        ],
        "margin_top": [
            0,
            0,
            0,
            0,
            0
        ],
        "margin_bottom": [
            0,
            0,
            0,
            0,
            0
        ],
        "background_color": [
            4.5176472663879395,
            0.501960813999176,
            0.501960813999176,
            37.64706039428711,
            1.5058825016021729
        ],
        "background_proportion": [
            0.04832858419106196,
            0.14003016664337453,
            0.14710606414184338,
            0.018131490737130503,
            0.020586377813460094
        ],
        "is_uniform": [
            false,
            false,
            false,
            false,
            false
        ],
        "bad_properties": [
            false,
            false,
            false,
            false,
            false
        ]
    }
}