{
    "recording": "dynamic29156-11-10-Video-8744edeac3b4d1ce16b680916b5267ce",
    "trial": "411",
    "trial_type": "live_test_bonus",
    "first_label": "NaturalVideo",
    "label": "NaturalVideo",
    "ID": null,
    "sampling_freq": 30,
    "valid_frames": 300,
    "peaks": [
        43,
        168
    ],
    "n_peaks": 2,
    "segments_n_peaks": 3,
    "segments_bad_n": 0,
    "segments_avg_duration": 100.0,
    "segments": {
        "frame_start": [
            0,
            44,
            169
        ],
        "frame_end": [
            44,
            169,
            300
        ],
        "duration": [
            44,
            125,
            131
        ],
        "transition_start": [
            0,
            0,
            0
        ],
        "transition_end": [
            0,
            0,
            0
        ],
        "max_change": [
            484.61975223642247,
            1462.2689194116795,
            1101.5553873999218
        ],
        "is_static": [
            false,
            false,
            false
        ],
        "intensity_range": [
            236.6378173828125,
            235.20718383789062,
            239.193359375
        ],
        "margin_left": [
            0,
            0,
            0
        ],
        "margin_right": [
            0,
            0,
            0
        ],
        "margin_top": [
            0,
            0,
            0
        ],
        "margin_bottom": [
            0,
            0,
            0
        ],
        "background_color": [
            9.53725528717041,
            31.623531341552734,
            4.5176472663879395
        ],
        "background_proportion": [
            0.05499464420626247,
            0.014419122227605255,
            0.05789293629400056
        ],
        "is_uniform": [
            false,
            false,
            false
        ],
        "bad_properties": [
            false,
            false,
            false
        ]
    }
}