{
    "recording": "dynamic29156-11-10-Video-8744edeac3b4d1ce16b680916b5267ce",
    "trial": "437",
    "trial_type": "train",
    "first_label": "NaturalVideo",
    "label": "NaturalVideo",
    "ID": null,
    "sampling_freq": 30,
    "valid_frames": 300,
    "n_peaks": 2,
    "segments_n_peaks": 3,
    "segments_bad_n": 0,
    "segments_avg_duration": 100.0,
    "segments": {
        "frame_start": [
            0,
            180,
            236
        ],
        "frame_end": [
            180,
            236,
            300
        ],
        "duration": [
            180,
            56,
            64
        ],
        "transition_start": [
            0,
            0,
            0
        ],
        "transition_end": [
            0,
            0,
            0
        ],
        "max_change": [
            617.3803374969286,
            314.6500553788345,
            396.5860889791795
        ],
        "is_static": [
            false,
            false,
            false
        ],
        "intensity_range": [
            201.56170654296875,
            183.47267150878906,
            167.04995727539062
        ],
        "margin_left": [
            0,
            0,
            0
        ],
        "margin_right": [
            0,
            0,
            0
        ],
        "margin_top": [
            0,
            0,
            0
        ],
        "margin_bottom": [
            0,
            0,
            0
        ],
        "background_color": [
            80.81568908691406,
            57.72549057006836,
            53.70980453491211
        ],
        "background_proportion": [
            0.009717871220867993,
            0.010800589342379503,
            0.011179845204741471
        ],
        "is_uniform": [
            false,
            false,
            false
        ],
        "bad_properties": [
            false,
            false,
            false
        ]
    }
}