{
    "recording": "dynamic29156-11-10-Video-8744edeac3b4d1ce16b680916b5267ce",
    "trial": "501",
    "trial_type": "train",
    "first_label": "NaturalVideo",
    "label": "NaturalVideo",
    "ID": null,
    "sampling_freq": 30,
    "valid_frames": 300,
    "peaks": [
        72,
        143,
        256
    ],
    "n_peaks": 3,
    "segments_n_peaks": 4,
    "segments_bad_n": 0,
    "segments_avg_duration": 75.0,
    "segments": {
        "frame_start": [
            0,
            73,
            144,
            257
        ],
        "frame_end": [
            73,
            144,
            257,
            300
        ],
        "duration": [
            73,
            71,
            113,
            43
        ],
        "transition_start": [
            0,
            0,
            0,
            0
        ],
        "transition_end": [
            0,
            0,
            0,
            0
        ],
        "max_change": [
            135.02040248028274,
            157.2092655719218,
            105.2871961997272,
            104.07445416549942
        ],
        "is_static": [
            false,
            false,
            false,
            false
        ],
        "intensity_range": [
            145.84658813476562,
            139.99188232421875,
            129.81393432617188,
            112.44518280029297
        ],
        "margin_left": [
            0,
            0,
            0,
            0
        ],
        "margin_right": [
            0,
            0,
            0,
            0
        ],
        "margin_top": [
            0,
            0,
            0,
            0
        ],
        "margin_bottom": [
            0,
            0,
            0,
            0
        ],
        "background_color": [
            171.16864013671875,
            156.10980224609375,
            130.00784301757812,
            67.76470947265625
        ],
        "background_proportion": [
            0.04320954880836652,
            0.04364730307106556,
            0.030550213049386845,
            0.029418710495618727
        ],
        "is_uniform": [
            false,
            false,
            false,
            false
        ],
        "bad_properties": [
            false,
            false,
            false,
            false
        ]
    }
}