{
    "recording": "dynamic29156-11-10-Video-8744edeac3b4d1ce16b680916b5267ce",
    "trial": "565",
    "trial_type": "final_test_bonus",
    "first_label": "NaturalVideo",
    "label": "NaturalVideo",
    "ID": null,
    "sampling_freq": 30,
    "valid_frames": 300,
    "n_peaks": 4,
    "segments_n_peaks": 5,
    "segments_bad_n": 0,
    "segments_avg_duration": 60.0,
    "segments": {
        "frame_start": [
            0,
            139,
            182,
            217,
            262
        ],
        "frame_end": [
            139,
            182,
            217,
            262,
            300
        ],
        "duration": [
            139,
            43,
            35,
            45,
            38
        ],
        "transition_start": [
            0,
            0,
            1,
            0,
            1
        ],
        "transition_end": [
            0,
            0,
            0,
            0,
            0
        ],
        "max_change": [
            886.3768632290438,
            223.93465388139575,
            26.32646189506307,
            623.0918670586873,
            39.59107502291916
        ],
        "is_static": [
            false,
            false,
            true,
            false,
            true
        ],
        "intensity_range": [
            250.125,
            228.1970672607422,
            232.54815673828125,
            240.5236358642578,
            238.1533203125
        ],
        "margin_left": [
            0,
            0,
            0,
            0,
            0
        ],
        "margin_right": [
            0,
            0,
            0,
            0,
            0
        ],
        "margin_top": [
            0,
            0,
            0,
            0,
            0
        ],
        "margin_bottom": [
            0,
            0,
            0,
            0,
            0
        ],
        "background_color": [
            8.533333778381348,
            0.501960813999176,
            0.501960813999176,
            0.501960813999176,
            0.501960813999176
        ],
        "background_proportion": [
            0.038284743141604544,
            0.07177722121998156,
            0.09061177035745784,
            0.054656414049214584,
            0.01659221379212046
        ],
        "is_uniform": [
            false,
            false,
            false,
            false,
            false
        ],
        "bad_properties": [
            false,
            false,
            false,
            false,
            false
        ]
    }
}