{
    "recording": "dynamic29156-11-10-Video-8744edeac3b4d1ce16b680916b5267ce",
    "trial": "62",
    "trial_type": "final_test_main",
    "first_label": "NaturalVideo",
    "label": "NaturalVideo",
    "ID": null,
    "sampling_freq": 30,
    "valid_frames": 300,
    "n_peaks": 2,
    "segments_n_peaks": 3,
    "segments_bad_n": 0,
    "segments_avg_duration": 100.0,
    "segments": {
        "frame_start": [
            0,
            77,
            258
        ],
        "frame_end": [
            77,
            258,
            300
        ],
        "duration": [
            77,
            181,
            42
        ],
        "transition_start": [
            0,
            0,
            0
        ],
        "transition_end": [
            0,
            0,
            0
        ],
        "max_change": [
            545.5744837385167,
            1092.776903494435,
            670.4279540664706
        ],
        "is_static": [
            false,
            false,
            false
        ],
        "intensity_range": [
            243.8553924560547,
            252.22886657714844,
            206.2803192138672
        ],
        "margin_left": [
            0,
            0,
            0
        ],
        "margin_right": [
            0,
            0,
            0
        ],
        "margin_top": [
            0,
            0,
            0
        ],
        "margin_bottom": [
            0,
            0,
            0
        ],
        "background_color": [
            46.68235397338867,
            100.89411926269531,
            180.20391845703125
        ],
        "background_proportion": [
            0.017753701215467665,
            0.017921490973461355,
            0.030644131019550897
        ],
        "is_uniform": [
            false,
            false,
            false
        ],
        "bad_properties": [
            false,
            false,
            false
        ]
    }
}