{
    "recording": "dynamic29156-11-10-Video-8744edeac3b4d1ce16b680916b5267ce",
    "trial": "68",
    "trial_type": "train",
    "first_label": "PinkNoise",
    "label": "PinkNoise",
    "ID": null,
    "sampling_freq": 30,
    "valid_frames": 324,
    "peaks": [
        26,
        53,
        107,
        134,
        161,
        188,
        215,
        242,
        269,
        296
    ],
    "n_peaks": 10,
    "segments_n_peaks": 11,
    "segments_bad_n": 0,
    "segments_avg_duration": 27.0,
    "segments": {
        "frame_start": [
            0,
            27,
            54,
            81,
            108,
            135,
            162,
            189,
            216,
            243,
            270,
            297
        ],
        "frame_end": [
            27,
            54,
            81,
            108,
            135,
            162,
            189,
            216,
            243,
            270,
            297,
            324
        ],
        "duration": [
            27,
            27,
            27,
            27,
            27,
            27,
            27,
            27,
            27,
            27,
            27,
            27
        ],
        "transition_start": [
            0,
            0,
            0,
            0,
            0,
            0,
            0,
            0,
            0,
            0,
            0,
            0
        ],
        "transition_end": [
            0,
            0,
            0,
            0,
            0,
            0,
            0,
            0,
            0,
            0,
            0,
            0
        ],
        "max_change": [
            458.74357699412457,
            436.70191817247087,
            462.28561269407004,
            418.2205242316942,
            403.29102408517883,
            383.7485366590906,
            453.58023230451727,
            397.7873260663007,
            418.0529081331792,
            433.0028398015542,
            377.1686570456363,
            386.9302283412566
        ],
        "is_static": [
            false,
            false,
            false,
            false,
            false,
            false,
            false,
            false,
            false,
            false,
            false,
            false
        ],
        "intensity_range": [
            254.9384002685547,
            254.67694091796875,
            255.0,
            254.8875274658203,
            254.0625762939453,
            254.92959594726562,
            254.34117126464844,
            254.57398986816406,
            254.79196166992188,
            254.9947967529297,
            253.9626922607422,
            252.76719665527344
        ],
        "margin_left": [
            0,
            0,
            0,
            0,
            0,
            0,
            0,
            0,
            0,
            0,
            0,
            0
        ],
        "margin_right": [
            0,
            0,
            0,
            0,
            0,
            0,
            0,
            0,
            0,
            0,
            0,
            0
        ],
        "margin_top": [
            0,
            0,
            0,
            0,
            0,
            0,
            0,
            0,
            0,
            0,
            0,
            0
        ],
        "margin_bottom": [
            0,
            0,
            0,
            0,
            0,
            0,
            0,
            0,
            0,
            0,
            0,
            0
        ],
        "background_color": [
            128.0,
            124.98823547363281,
            126.99607849121094,
            133.01962280273438,
            141.05099487304688,
            116.95686340332031,
            124.98823547363281,
            128.0,
            116.95686340332031,
            124.98823547363281,
            130.00784301757812,
            128.0
        ],
        "background_proportion": [
            0.010375898328355638,
            0.01072824801117409,
            0.010343952560027556,
            0.010119780213525411,
            0.010215854076312045,
            0.010664198769316336,
            0.009527324726341171,
            0.010167739874237393,
            0.00995965710888102,
            0.010648186458851896,
            0.01072824801117409,
            0.010439947083468945
        ],
        "is_uniform": [
            false,
            false,
            false,
            false,
            false,
            false,
            false,
            false,
            false,
            false,
            false,
            false
        ],
        "bad_properties": [
            false,
            false,
            false,
            false,
            false,
            false,
            false,
            false,
            false,
            false,
            false,
            false
        ]
    }
}