{
    "recording": "dynamic29156-11-10-Video-8744edeac3b4d1ce16b680916b5267ce",
    "trial": "314",
    "trial_type": "train",
    "first_label": "PinkNoise",
    "label": "PinkNoise",
    "ID": null,
    "sampling_freq": 30,
    "valid_frames": 324,
    "peaks": [
        53,
        80,
        107,
        134,
        161,
        188,
        215,
        242,
        269,
        296
    ],
    "n_peaks": 10,
    "segments_n_peaks": 11,
    "segments_bad_n": 0,
    "segments_avg_duration": 27.0,
    "segments": {
        "frame_start": [
            0,
            27,
            54,
            81,
            108,
            135,
            162,
            189,
            216,
            243,
            270,
            297
        ],
        "frame_end": [
            27,
            54,
            81,
            108,
            135,
            162,
            189,
            216,
            243,
            270,
            297,
            324
        ],
        "duration": [
            27,
            27,
            27,
            27,
            27,
            27,
            27,
            27,
            27,
            27,
            27,
            27
        ],
        "transition_start": [
            0,
            0,
            0,
            0,
            0,
            0,
            0,
            0,
            0,
            0,
            0,
            0
        ],
        "transition_end": [
            0,
            0,
            0,
            0,
            0,
            0,
            0,
            0,
            0,
            0,
            0,
            0
        ],
        "max_change": [
            472.31083582864306,
            411.4426443429705,
            434.43498419803257,
            452.7009091510091,
            414.22244500639823,
            446.08053357274406,
            439.12072597259726,
            427.8334140476089,
            414.8140516922761,
            422.57572887925625,
            392.7607388922632,
            433.5477014832673
        ],
        "is_static": [
            false,
            false,
            false,
            false,
            false,
            false,
            false,
            false,
            false,
            false,
            false,
            false
        ],
        "intensity_range": [
            254.921142578125,
            254.74053955078125,
            254.93618774414062,
            254.247314453125,
            254.90963745117188,
            254.94790649414062,
            255.0,
            253.9872283935547,
            254.6090087890625,
            254.93785095214844,
            254.8155059814453,
            254.7166290283203
        ],
        "margin_left": [
            0,
            0,
            0,
            0,
            0,
            0,
            0,
            0,
            0,
            0,
            0,
            0
        ],
        "margin_right": [
            0,
            0,
            0,
            0,
            0,
            0,
            0,
            0,
            0,
            0,
            0,
            0
        ],
        "margin_top": [
            0,
            0,
            0,
            0,
            0,
            0,
            0,
            0,
            0,
            0,
            0,
            0
        ],
        "margin_bottom": [
            0,
            0,
            0,
            0,
            0,
            0,
            0,
            0,
            0,
            0,
            0,
            0
        ],
        "background_color": [
            124.98823547363281,
            120.97254943847656,
            118.96470642089844,
            125.99215698242188,
            116.95686340332031,
            131.01177978515625,
            126.99607849121094,
            129.00393676757812,
            122.98039245605469,
            135.0274658203125,
            130.00784301757812,
            118.96470642089844
        ],
        "background_proportion": [
            0.010391989491420872,
            0.010247878697240923,
            0.009639410899592244,
            0.010215854076312045,
            0.010279903318169801,
            0.010167817144918729,
            0.009847570935629948,
            0.010856346494889603,
            0.010488063354207506,
            0.010055730971667657,
            0.009895607867023265,
            0.010215854076312045
        ],
        "is_uniform": [
            false,
            false,
            false,
            false,
            false,
            false,
            false,
            false,
            false,
            false,
            false,
            false
        ],
        "bad_properties": [
            false,
            false,
            false,
            false,
            false,
            false,
            false,
            false,
            false,
            false,
            false,
            false
        ]
    }
}