{
    "recording": "dynamic29156-11-10-Video-8744edeac3b4d1ce16b680916b5267ce",
    "trial": "336",
    "trial_type": "final_test_main",
    "first_label": "PinkNoise",
    "label": "PinkNoise",
    "ID": null,
    "sampling_freq": 30,
    "valid_frames": 324,
    "peaks": [
        26,
        53,
        107,
        134,
        161,
        188,
        215,
        242,
        269,
        296
    ],
    "n_peaks": 10,
    "segments_n_peaks": 11,
    "segments_bad_n": 0,
    "segments_avg_duration": 27.0,
    "segments": {
        "frame_start": [
            0,
            27,
            54,
            81,
            108,
            135,
            162,
            189,
            216,
            243,
            270,
            297
        ],
        "frame_end": [
            27,
            54,
            81,
            108,
            135,
            162,
            189,
            216,
            243,
            270,
            297,
            324
        ],
        "duration": [
            27,
            27,
            27,
            27,
            27,
            27,
            27,
            27,
            27,
            27,
            27,
            27
        ],
        "transition_start": [
            0,
            0,
            0,
            0,
            0,
            0,
            0,
            0,
            0,
            0,
            0,
            0
        ],
        "transition_end": [
            0,
            0,
            0,
            0,
            0,
            0,
            0,
            0,
            0,
            0,
            0,
            0
        ],
        "max_change": [
            458.70812351726505,
            436.6491931295872,
            462.20608952103663,
            418.1378222695142,
            403.1280328646888,
            383.6626887746705,
            453.40384053185244,
            397.6400940386261,
            417.8592343090515,
            432.82573850111044,
            377.00665227729195,
            386.79189884297983
        ],
        "is_static": [
            false,
            false,
            false,
            false,
            false,
            false,
            false,
            false,
            false,
            false,
            false,
            false
        ],
        "intensity_range": [
            254.9380340576172,
            254.6756134033203,
            255.0,
            254.8875732421875,
            254.05776977539062,
            254.92919921875,
            254.33763122558594,
            254.57254028320312,
            254.79159545898438,
            254.99478149414062,
            253.95912170410156,
            252.75894165039062
        ],
        "margin_left": [
            0,
            0,
            0,
            0,
            0,
            0,
            0,
            0,
            0,
            0,
            0,
            0
        ],
        "margin_right": [
            0,
            0,
            0,
            0,
            0,
            0,
            0,
            0,
            0,
            0,
            0,
            0
        ],
        "margin_top": [
            0,
            0,
            0,
            0,
            0,
            0,
            0,
            0,
            0,
            0,
            0,
            0
        ],
        "margin_bottom": [
            0,
            0,
            0,
            0,
            0,
            0,
            0,
            0,
            0,
            0,
            0,
            0
        ],
        "background_color": [
            128.0,
            124.98823547363281,
            126.99607849121094,
            133.01962280273438,
            120.97254943847656,
            116.95686340332031,
            124.98823547363281,
            128.0,
            116.95686340332031,
            124.98823547363281,
            131.01177978515625,
            128.0
        ],
        "background_proportion": [
            0.01035988613957731,
            0.010760272632102968,
            0.010311927939098678,
            0.010103767903060973,
            0.010103767903060973,
            0.010680211079780774,
            0.009463275484483414,
            0.010199764251794046,
            0.009927632487952143,
            0.010584137216994142,
            0.010792297253031847,
            0.010471971461025598
        ],
        "is_uniform": [
            false,
            false,
            false,
            false,
            false,
            false,
            false,
            false,
            false,
            false,
            false,
            false
        ],
        "bad_properties": [
            false,
            false,
            false,
            false,
            false,
            false,
            false,
            false,
            false,
            false,
            false,
            false
        ]
    }
}