{
    "recording": "dynamic29156-11-10-Video-8744edeac3b4d1ce16b680916b5267ce",
    "trial": "356",
    "trial_type": "live_test_bonus",
    "first_label": "NaturalVideo",
    "label": "NaturalVideo",
    "ID": null,
    "sampling_freq": 30,
    "valid_frames": 300,
    "peaks": [
        167,
        258
    ],
    "n_peaks": 2,
    "segments_n_peaks": 3,
    "segments_bad_n": 0,
    "segments_avg_duration": 100.0,
    "segments": {
        "frame_start": [
            0,
            168,
            259
        ],
        "frame_end": [
            168,
            259,
            300
        ],
        "duration": [
            168,
            91,
            41
        ],
        "transition_start": [
            0,
            1,
            0
        ],
        "transition_end": [
            0,
            0,
            0
        ],
        "max_change": [
            291.597433168034,
            13.19933859250333,
            1454.3313357082216
        ],
        "is_static": [
            false,
            true,
            false
        ],
        "intensity_range": [
            189.13722229003906,
            219.7104949951172,
            180.3467559814453
        ],
        "margin_left": [
            0,
            0,
            0
        ],
        "margin_right": [
            0,
            0,
            0
        ],
        "margin_top": [
            0,
            0,
            0
        ],
        "margin_bottom": [
            0,
            0,
            0
        ],
        "background_color": [
            159.12158203125,
            10.541176795959473,
            131.01177978515625
        ],
        "background_proportion": [
            0.022669142605913996,
            0.05319129413181972,
            0.016154468537830546
        ],
        "is_uniform": [
            false,
            false,
            false
        ],
        "bad_properties": [
            false,
            false,
            false
        ]
    }
}