{
    "recording": "dynamic29515-10-12-Video-9b4f6a1a067fe51e15306b9628efea20",
    "trial": "171",
    "trial_type": "train",
    "first_label": "NaturalVideo",
    "label": "NaturalVideo",
    "ID": null,
    "sampling_freq": 30,
    "valid_frames": 300,
    "peaks": [
        13,
        108,
        182,
        261
    ],
    "n_peaks": 4,
    "segments_n_peaks": 5,
    "segments_bad_n": 0,
    "segments_avg_duration": 60.0,
    "segments": {
        "frame_start": [
            0,
            14,
            109,
            183,
            262
        ],
        "frame_end": [
            14,
            109,
            183,
            262,
            300
        ],
        "duration": [
            14,
            95,
            74,
            79,
            38
        ],
        "transition_start": [
            0,
            0,
            0,
            0,
            1
        ],
        "transition_end": [
            0,
            0,
            0,
            0,
            0
        ],
        "max_change": [
            0.35676008502836626,
            30.639542128512012,
            8.671706840256057,
            138.8963782017193,
            10.328937128705533
        ],
        "is_static": [
            true,
            true,
            true,
            false,
            true
        ],
        "intensity_range": [
            142.25,
            135.79838167829317,
            146.8677616766436,
            185.18755638636628,
            167.45205965306337
        ],
        "margin_left": [
            0,
            0,
            0,
            0,
            0
        ],
        "margin_right": [
            0,
            0,
            0,
            0,
            0
        ],
        "margin_top": [
            0,
            0,
            0,
            0,
            0
        ],
        "margin_bottom": [
            0,
            0,
            0,
            0,
            0
        ],
        "background_color": [
            8.533333333333333,
            11.545098039215686,
            5.52156862745098,
            10.541176470588235,
            5.52156862745098
        ],
        "background_proportion": [
            0.0316529046921503,
            0.04241407963267544,
            0.036911835541596286,
            0.07069454917424842,
            0.04651662465688344
        ],
        "is_uniform": [
            false,
            false,
            false,
            false,
            false
        ],
        "bad_properties": [
            false,
            false,
            false,
            false,
            false
        ]
    }
}