{
    "recording": "dynamic29515-10-12-Video-9b4f6a1a067fe51e15306b9628efea20",
    "trial": "191",
    "trial_type": "train",
    "first_label": "NaturalVideo",
    "label": "NaturalVideo",
    "ID": null,
    "sampling_freq": 30,
    "valid_frames": 300,
    "peaks": [
        88,
        260
    ],
    "n_peaks": 2,
    "segments_n_peaks": 3,
    "segments_bad_n": 0,
    "segments_avg_duration": 100.0,
    "segments": {
        "frame_start": [
            0,
            89,
            261
        ],
        "frame_end": [
            89,
            261,
            300
        ],
        "duration": [
            89,
            172,
            39
        ],
        "transition_start": [
            0,
            0,
            1
        ],
        "transition_end": [
            0,
            0,
            0
        ],
        "max_change": [
            399.21444339893696,
            31.742051257931646,
            18.369617821532294
        ],
        "is_static": [
            false,
            true,
            true
        ],
        "intensity_range": [
            218.85385434588287,
            191.475617569518,
            220.81036169174578
        ],
        "margin_left": [
            0,
            0,
            0
        ],
        "margin_right": [
            0,
            0,
            0
        ],
        "margin_top": [
            0,
            0,
            0
        ],
        "margin_bottom": [
            0,
            0,
            0
        ],
        "background_color": [
            73.78823529411764,
            5.52156862745098,
            40.65882352941176
        ],
        "background_proportion": [
            0.013261430718925608,
            0.018796403278676113,
            0.03149199904057029
        ],
        "is_uniform": [
            false,
            false,
            false
        ],
        "bad_properties": [
            false,
            false,
            false
        ]
    }
}