{
    "recording": "dynamic29515-10-12-Video-9b4f6a1a067fe51e15306b9628efea20",
    "trial": "210",
    "trial_type": "final_test_bonus",
    "first_label": "RandomDots",
    "label": "RandomDots",
    "ID": null,
    "sampling_freq": 30,
    "valid_frames": 240,
    "peaks": [
        59,
        119,
        179
    ],
    "n_peaks": 3,
    "segments_n_peaks": 4,
    "segments_bad_n": 0,
    "segments_avg_duration": 60.0,
    "segments": {
        "frame_start": [
            0,
            60,
            120,
            180
        ],
        "frame_end": [
            60,
            120,
            180,
            240
        ],
        "duration": [
            60,
            60,
            60,
            60
        ],
        "transition_start": [
            0,
            0,
            0,
            0
        ],
        "transition_end": [
            0,
            0,
            0,
            0
        ],
        "max_change": [
            695.6191573851261,
            358.13429348330016,
            400.9675314159905,
            471.7901362206025
        ],
        "is_static": [
            false,
            false,
            false,
            false
        ],
        "intensity_range": [
            153.00000000000003,
            153.00000000000006,
            153.00000000000006,
            153.0
        ],
        "margin_left": [
            0,
            0,
            0,
            0
        ],
        "margin_right": [
            0,
            0,
            0,
            0
        ],
        "margin_top": [
            0,
            0,
            0,
            0
        ],
        "margin_bottom": [
            0,
            0,
            0,
            0
        ],
        "background_color": [
            128.0,
            128.0,
            128.0,
            128.0
        ],
        "background_proportion": [
            0.612110561794707,
            0.6114692687988303,
            0.6738908555772594,
            0.5887429979112434
        ],
        "is_uniform": [
            false,
            false,
            false,
            false
        ],
        "bad_properties": [
            false,
            false,
            false,
            false
        ]
    }
}