{
    "recording": "dynamic29515-10-12-Video-9b4f6a1a067fe51e15306b9628efea20",
    "trial": "229",
    "trial_type": "live_test_bonus",
    "first_label": "PinkNoise",
    "label": "PinkNoise",
    "ID": null,
    "sampling_freq": 30,
    "valid_frames": 324,
    "peaks": [
        26,
        53,
        80,
        107,
        135,
        161,
        188,
        215,
        242,
        269,
        296
    ],
    "n_peaks": 11,
    "segments_n_peaks": 12,
    "segments_bad_n": 0,
    "segments_avg_duration": 27.0,
    "segments": {
        "frame_start": [
            0,
            27,
            54,
            81,
            108,
            136,
            162,
            189,
            216,
            243,
            270,
            297
        ],
        "frame_end": [
            27,
            54,
            81,
            108,
            136,
            162,
            189,
            216,
            243,
            270,
            297,
            324
        ],
        "duration": [
            27,
            27,
            27,
            27,
            28,
            26,
            27,
            27,
            27,
            27,
            27,
            27
        ],
        "transition_start": [
            0,
            0,
            0,
            0,
            0,
            0,
            0,
            0,
            0,
            0,
            0,
            0
        ],
        "transition_end": [
            0,
            0,
            0,
            0,
            0,
            0,
            0,
            0,
            0,
            0,
            0,
            0
        ],
        "max_change": [
            505.596523120191,
            458.216808882424,
            439.5101695076961,
            443.26069460975333,
            452.47075886889115,
            393.1963392313835,
            446.22316394251607,
            407.05861497360837,
            435.5632509048281,
            385.98455821316344,
            426.78448476598805,
            424.8505260141211
        ],
        "is_static": [
            false,
            false,
            false,
            false,
            false,
            false,
            false,
            false,
            false,
            false,
            false,
            false
        ],
        "intensity_range": [
            254.5386257596945,
            254.51669793412486,
            254.9946025091161,
            254.86295752672197,
            254.15949754480556,
            254.72222301626937,
            255.0,
            254.33437886941076,
            252.98718656127267,
            252.77524676986147,
            253.47770787488173,
            254.33786456853898
        ],
        "margin_left": [
            0,
            0,
            0,
            0,
            0,
            0,
            0,
            0,
            0,
            0,
            0,
            0
        ],
        "margin_right": [
            0,
            0,
            0,
            0,
            0,
            0,
            0,
            0,
            0,
            0,
            0,
            0
        ],
        "margin_top": [
            0,
            0,
            0,
            0,
            0,
            0,
            0,
            0,
            0,
            0,
            0,
            0
        ],
        "margin_bottom": [
            0,
            0,
            0,
            0,
            0,
            0,
            0,
            0,
            0,
            0,
            0,
            0
        ],
        "background_color": [
            134.0235294117647,
            121.97647058823529,
            128.0,
            131.01176470588234,
            124.98823529411764,
            121.97647058823529,
            130.0078431372549,
            132.0156862745098,
            129.00392156862745,
            126.99607843137255,
            123.9843137254902,
            132.0156862745098
        ],
        "background_proportion": [
            0.009847570348669015,
            0.009783521110628893,
            0.009879594967689078,
            0.010520087348090314,
            0.01005172729492191,
            0.00997690054086542,
            0.010311927324459912,
            0.01079229660976084,
            0.01026389039592982,
            0.009815545729648954,
            0.010424013491030129,
            0.010664198133680594
        ],
        "is_uniform": [
            false,
            false,
            false,
            false,
            false,
            false,
            false,
            false,
            false,
            false,
            false,
            false
        ],
        "bad_properties": [
            false,
            false,
            false,
            false,
            false,
            false,
            false,
            false,
            false,
            false,
            false,
            false
        ]
    }
}