{
    "recording": "dynamic29515-10-12-Video-9b4f6a1a067fe51e15306b9628efea20",
    "trial": "235",
    "trial_type": "final_test_bonus",
    "first_label": "NaturalVideo",
    "label": "NaturalVideo",
    "ID": null,
    "sampling_freq": 30,
    "valid_frames": 300,
    "peaks": [
        96,
        156,
        187,
        219,
        265
    ],
    "n_peaks": 5,
    "segments_n_peaks": 6,
    "segments_bad_n": 0,
    "segments_avg_duration": 50.0,
    "segments": {
        "frame_start": [
            0,
            97,
            157,
            188,
            220,
            266
        ],
        "frame_end": [
            97,
            157,
            188,
            220,
            266,
            300
        ],
        "duration": [
            97,
            60,
            31,
            32,
            46,
            34
        ],
        "transition_start": [
            0,
            0,
            0,
            1,
            1,
            1
        ],
        "transition_end": [
            0,
            0,
            0,
            0,
            0,
            0
        ],
        "max_change": [
            988.5753089273666,
            139.891740083588,
            47.05542655638832,
            8.618762589895471,
            4.6678611135778825,
            1.438218537048666
        ],
        "is_static": [
            false,
            false,
            true,
            true,
            true,
            true
        ],
        "intensity_range": [
            253.00000000000003,
            252.68376384443522,
            253.554624135492,
            221.32520070493814,
            253.18393038735877,
            112.16886824976066
        ],
        "margin_left": [
            0,
            0,
            0,
            0,
            1,
            5
        ],
        "margin_right": [
            0,
            0,
            0,
            0,
            0,
            0
        ],
        "margin_top": [
            0,
            0,
            0,
            0,
            0,
            0
        ],
        "margin_bottom": [
            0,
            0,
            0,
            0,
            6,
            0
        ],
        "background_color": [
            11.545098039215686,
            9.537254901960784,
            17.568627450980394,
            5.52156862745098,
            3.5137254901960784,
            2.5098039215686274
        ],
        "background_proportion": [
            0.059073536666398196,
            0.0401060316297743,
            0.03875650385374664,
            0.0417409917359711,
            0.10333704065393519,
            0.11810533928148674
        ],
        "is_uniform": [
            false,
            false,
            false,
            false,
            false,
            false
        ],
        "bad_properties": [
            false,
            false,
            false,
            false,
            false,
            false
        ]
    }
}