{
    "recording": "dynamic29515-10-12-Video-9b4f6a1a067fe51e15306b9628efea20",
    "trial": "244",
    "trial_type": "live_test_bonus",
    "first_label": "PinkNoise",
    "label": "PinkNoise",
    "ID": null,
    "sampling_freq": 30,
    "valid_frames": 324,
    "peaks": [
        53,
        80,
        107,
        134,
        162,
        188,
        216,
        242,
        269,
        296
    ],
    "n_peaks": 10,
    "segments_n_peaks": 11,
    "segments_bad_n": 0,
    "segments_avg_duration": 27.0,
    "segments": {
        "frame_start": [
            0,
            27,
            54,
            81,
            108,
            135,
            163,
            189,
            217,
            243,
            270,
            297
        ],
        "frame_end": [
            27,
            54,
            81,
            108,
            135,
            163,
            189,
            217,
            243,
            270,
            297,
            324
        ],
        "duration": [
            27,
            27,
            27,
            27,
            27,
            28,
            26,
            28,
            26,
            27,
            27,
            27
        ],
        "transition_start": [
            0,
            0,
            0,
            0,
            0,
            0,
            0,
            0,
            0,
            0,
            0,
            0
        ],
        "transition_end": [
            0,
            0,
            0,
            0,
            0,
            0,
            0,
            0,
            0,
            0,
            0,
            0
        ],
        "max_change": [
            457.25649255199926,
            433.67554189747887,
            491.3931320846147,
            419.8342486767001,
            461.5811388379513,
            418.1277257594792,
            399.78445588896227,
            391.19730175155166,
            390.4836309026422,
            414.8520489322051,
            408.5713264173784,
            417.1257796816442
        ],
        "is_static": [
            false,
            false,
            false,
            false,
            false,
            false,
            false,
            false,
            false,
            false,
            false,
            false
        ],
        "intensity_range": [
            254.98460496756772,
            254.69788127610985,
            254.69516340047764,
            253.79354956931286,
            254.9109289681273,
            253.9354131162126,
            254.30951151215748,
            254.33495844062526,
            254.81965774890415,
            253.97253515989885,
            253.38455195856946,
            254.0184244938823
        ],
        "margin_left": [
            0,
            0,
            0,
            0,
            0,
            0,
            0,
            0,
            0,
            0,
            0,
            0
        ],
        "margin_right": [
            0,
            0,
            0,
            0,
            0,
            0,
            0,
            0,
            0,
            0,
            0,
            0
        ],
        "margin_top": [
            0,
            0,
            0,
            0,
            0,
            0,
            0,
            0,
            0,
            0,
            0,
            0
        ],
        "margin_bottom": [
            0,
            0,
            0,
            0,
            0,
            0,
            0,
            0,
            0,
            0,
            0,
            0
        ],
        "background_color": [
            131.01176470588234,
            133.01960784313724,
            138.0392156862745,
            137.03529411764706,
            134.0235294117647,
            138.0392156862745,
            133.01960784313724,
            115.95294117647059,
            124.98823529411764,
            133.01960784313724,
            136.0313725490196,
            129.00392156862745
        ],
        "background_proportion": [
            0.010359964252990005,
            0.010632173514660231,
            0.009671434944058676,
            0.010151804229359605,
            0.009975668824749264,
            0.009912763323102715,
            0.010991218762519761,
            0.01049950009300599,
            0.010375976562500036,
            0.010167816538869346,
            0.01026389039592982,
            0.010039718062789388
        ],
        "is_uniform": [
            false,
            false,
            false,
            false,
            false,
            false,
            false,
            false,
            false,
            false,
            false,
            false
        ],
        "bad_properties": [
            false,
            false,
            false,
            false,
            false,
            false,
            false,
            false,
            false,
            false,
            false,
            false
        ]
    }
}