{
    "recording": "dynamic29515-10-12-Video-9b4f6a1a067fe51e15306b9628efea20",
    "trial": "248",
    "trial_type": "train",
    "first_label": "NaturalVideo",
    "label": "NaturalVideo",
    "ID": null,
    "sampling_freq": 30,
    "valid_frames": 300,
    "peaks": [
        48,
        99
    ],
    "n_peaks": 2,
    "segments_n_peaks": 3,
    "segments_bad_n": 0,
    "segments_avg_duration": 100.0,
    "segments": {
        "frame_start": [
            0,
            49,
            100
        ],
        "frame_end": [
            49,
            100,
            300
        ],
        "duration": [
            49,
            51,
            200
        ],
        "transition_start": [
            0,
            0,
            0
        ],
        "transition_end": [
            0,
            0,
            0
        ],
        "max_change": [
            16.00443798083068,
            478.13276387370945,
            1037.1400082636646
        ],
        "is_static": [
            true,
            false,
            false
        ],
        "intensity_range": [
            225.64864944520272,
            249.57444209665204,
            249.4375
        ],
        "margin_left": [
            0,
            0,
            0
        ],
        "margin_right": [
            0,
            0,
            0
        ],
        "margin_top": [
            0,
            0,
            0
        ],
        "margin_bottom": [
            0,
            0,
            0
        ],
        "background_color": [
            221.36470588235295,
            17.568627450980394,
            251.48235294117646
        ],
        "background_proportion": [
            0.09968348911830392,
            0.025143093532986112,
            0.07852020263671904
        ],
        "is_uniform": [
            false,
            false,
            false
        ],
        "bad_properties": [
            false,
            false,
            false
        ]
    }
}