{
    "recording": "dynamic29515-10-12-Video-9b4f6a1a067fe51e15306b9628efea20",
    "trial": "258",
    "trial_type": "live_test_bonus",
    "first_label": "PinkNoise",
    "label": "PinkNoise",
    "ID": null,
    "sampling_freq": 30,
    "valid_frames": 324,
    "peaks": [
        26,
        53,
        80,
        107,
        135,
        161,
        188,
        215,
        242,
        270,
        296
    ],
    "n_peaks": 11,
    "segments_n_peaks": 12,
    "segments_bad_n": 0,
    "segments_avg_duration": 27.0,
    "segments": {
        "frame_start": [
            0,
            27,
            54,
            81,
            108,
            136,
            162,
            189,
            216,
            243,
            271,
            297
        ],
        "frame_end": [
            27,
            54,
            81,
            108,
            136,
            162,
            189,
            216,
            243,
            271,
            297,
            324
        ],
        "duration": [
            27,
            27,
            27,
            27,
            28,
            26,
            27,
            27,
            27,
            28,
            26,
            27
        ],
        "transition_start": [
            0,
            0,
            0,
            0,
            0,
            0,
            0,
            0,
            0,
            0,
            0,
            0
        ],
        "transition_end": [
            0,
            0,
            0,
            0,
            0,
            0,
            0,
            0,
            0,
            0,
            0,
            0
        ],
        "max_change": [
            492.1246571669713,
            475.3929371880552,
            390.31197859147284,
            450.3816881028813,
            456.2145214178551,
            392.11470570705166,
            437.0348472963372,
            400.2141151722631,
            448.81022158553776,
            397.6290676880032,
            385.0831828159157,
            401.6499507799074
        ],
        "is_static": [
            false,
            false,
            false,
            false,
            false,
            false,
            false,
            false,
            false,
            false,
            false,
            false
        ],
        "intensity_range": [
            254.34215614099776,
            254.59314306432412,
            254.33010681415206,
            255.00000000000003,
            254.916035667242,
            254.3767337255463,
            254.4273280539174,
            254.84659566565003,
            254.32391020235374,
            254.21960856457832,
            252.52541743069517,
            255.0
        ],
        "margin_left": [
            0,
            0,
            0,
            0,
            0,
            0,
            0,
            0,
            0,
            0,
            0,
            0
        ],
        "margin_right": [
            0,
            0,
            0,
            0,
            0,
            0,
            0,
            0,
            0,
            0,
            0,
            0
        ],
        "margin_top": [
            0,
            0,
            0,
            0,
            0,
            0,
            0,
            0,
            0,
            0,
            0,
            0
        ],
        "margin_bottom": [
            0,
            0,
            0,
            0,
            0,
            0,
            0,
            0,
            0,
            0,
            0,
            0
        ],
        "background_color": [
            123.9843137254902,
            139.04313725490195,
            138.0392156862745,
            119.96862745098039,
            121.97647058823529,
            129.00392156862745,
            130.0078431372549,
            126.99607843137255,
            139.04313725490195,
            125.9921568627451,
            129.00392156862745,
            138.0392156862745
        ],
        "background_proportion": [
            0.009687447253568708,
            0.009671434944058676,
            0.010616161205150501,
            0.009687447253568708,
            0.00937234787713917,
            0.010176438551682728,
            0.010231865776909758,
            0.01045603811005019,
            0.010119779610339543,
            0.010715666271391257,
            0.01082493708683898,
            0.010391988872010068
        ],
        "is_uniform": [
            false,
            false,
            false,
            false,
            false,
            false,
            false,
            false,
            false,
            false,
            false,
            false
        ],
        "bad_properties": [
            false,
            false,
            false,
            false,
            false,
            false,
            false,
            false,
            false,
            false,
            false,
            false
        ]
    }
}