{
    "recording": "dynamic29515-10-12-Video-9b4f6a1a067fe51e15306b9628efea20",
    "trial": "278",
    "trial_type": "train",
    "first_label": "PinkNoise",
    "label": "PinkNoise",
    "ID": null,
    "sampling_freq": 30,
    "valid_frames": 324,
    "peaks": [
        26,
        53,
        107,
        134,
        161,
        188,
        215,
        242,
        269,
        296
    ],
    "n_peaks": 10,
    "segments_n_peaks": 11,
    "segments_bad_n": 0,
    "segments_avg_duration": 27.0,
    "segments": {
        "frame_start": [
            0,
            27,
            54,
            81,
            108,
            135,
            162,
            189,
            216,
            243,
            270,
            297
        ],
        "frame_end": [
            27,
            54,
            81,
            108,
            135,
            162,
            189,
            216,
            243,
            270,
            297,
            324
        ],
        "duration": [
            27,
            27,
            27,
            27,
            27,
            27,
            27,
            27,
            27,
            27,
            27,
            27
        ],
        "transition_start": [
            0,
            0,
            0,
            0,
            0,
            0,
            0,
            0,
            0,
            0,
            0,
            0
        ],
        "transition_end": [
            0,
            0,
            0,
            0,
            0,
            0,
            0,
            0,
            0,
            0,
            0,
            0
        ],
        "max_change": [
            458.71471632222773,
            436.6683829838699,
            462.2300298774587,
            418.1760751172916,
            403.18841678944085,
            383.7276343918629,
            453.4931355228725,
            397.6886709587104,
            417.93517865454476,
            432.8873569436803,
            377.0666157721771,
            386.86976481920436
        ],
        "is_static": [
            false,
            false,
            false,
            false,
            false,
            false,
            false,
            false,
            false,
            false,
            false,
            false
        ],
        "intensity_range": [
            254.93829211655654,
            254.67630295602757,
            255.00000000000003,
            254.88755143151428,
            254.059971130034,
            254.9293731777759,
            254.33918085541202,
            254.57317906594116,
            254.79175464233285,
            254.99478708358453,
            253.96069607156926,
            252.76262211780323
        ],
        "margin_left": [
            0,
            0,
            0,
            0,
            0,
            0,
            0,
            0,
            0,
            0,
            0,
            0
        ],
        "margin_right": [
            0,
            0,
            0,
            0,
            0,
            0,
            0,
            0,
            0,
            0,
            0,
            0
        ],
        "margin_top": [
            0,
            0,
            0,
            0,
            0,
            0,
            0,
            0,
            0,
            0,
            0,
            0
        ],
        "margin_bottom": [
            0,
            0,
            0,
            0,
            0,
            0,
            0,
            0,
            0,
            0,
            0,
            0
        ],
        "background_color": [
            128.0,
            124.98823529411764,
            126.99607843137255,
            133.01960784313724,
            141.05098039215687,
            116.95686274509804,
            124.98823529411764,
            128.0,
            116.95686274509804,
            124.98823529411764,
            131.01176470588234,
            128.0
        ],
        "background_proportion": [
            0.010375976562500036,
            0.01076027199074078,
            0.010343951943479975,
            0.010087754991319194,
            0.010167816538869636,
            0.010680210443190626,
            0.009479287229938304,
            0.010199841157889697,
            0.0099436442057292,
            0.010632173514660533,
            0.01079229660976084,
            0.010359964252990005
        ],
        "is_uniform": [
            false,
            false,
            false,
            false,
            false,
            false,
            false,
            false,
            false,
            false,
            false,
            false
        ],
        "bad_properties": [
            false,
            false,
            false,
            false,
            false,
            false,
            false,
            false,
            false,
            false,
            false,
            false
        ]
    }
}