{
    "recording": "dynamic29515-10-12-Video-9b4f6a1a067fe51e15306b9628efea20",
    "trial": "341",
    "trial_type": "train",
    "first_label": "NaturalVideo",
    "label": "NaturalVideo",
    "ID": null,
    "sampling_freq": 30,
    "valid_frames": 300,
    "peaks": [
        167,
        258
    ],
    "n_peaks": 2,
    "segments_n_peaks": 3,
    "segments_bad_n": 0,
    "segments_avg_duration": 100.0,
    "segments": {
        "frame_start": [
            0,
            168,
            259
        ],
        "frame_end": [
            168,
            259,
            300
        ],
        "duration": [
            168,
            91,
            41
        ],
        "transition_start": [
            0,
            1,
            0
        ],
        "transition_end": [
            0,
            0,
            0
        ],
        "max_change": [
            291.5770107316223,
            13.198386485988685,
            1455.072920984511
        ],
        "is_static": [
            false,
            true,
            false
        ],
        "intensity_range": [
            189.13714633257612,
            219.71027609480535,
            180.3468277201991
        ],
        "margin_left": [
            0,
            0,
            0
        ],
        "margin_right": [
            0,
            0,
            0
        ],
        "margin_top": [
            0,
            0,
            0
        ],
        "margin_bottom": [
            0,
            0,
            0
        ],
        "background_color": [
            159.12156862745098,
            10.541176470588235,
            131.01176470588234
        ],
        "background_proportion": [
            0.022671714661613423,
            0.053191290961371526,
            0.0161650122665778
        ],
        "is_uniform": [
            false,
            false,
            false
        ],
        "bad_properties": [
            false,
            false,
            false
        ]
    }
}