{
    "recording": "dynamic29515-10-12-Video-9b4f6a1a067fe51e15306b9628efea20",
    "trial": "350",
    "trial_type": "live_test_bonus",
    "first_label": "PinkNoise",
    "label": "PinkNoise",
    "ID": null,
    "sampling_freq": 30,
    "valid_frames": 324,
    "peaks": [
        53,
        80,
        107,
        134,
        162,
        188,
        216,
        242,
        269,
        296
    ],
    "n_peaks": 10,
    "segments_n_peaks": 11,
    "segments_bad_n": 0,
    "segments_avg_duration": 27.0,
    "segments": {
        "frame_start": [
            0,
            27,
            54,
            81,
            108,
            135,
            163,
            189,
            217,
            243,
            270,
            297
        ],
        "frame_end": [
            27,
            54,
            81,
            108,
            135,
            163,
            189,
            217,
            243,
            270,
            297,
            324
        ],
        "duration": [
            27,
            27,
            27,
            27,
            27,
            28,
            26,
            28,
            26,
            27,
            27,
            27
        ],
        "transition_start": [
            0,
            0,
            0,
            0,
            0,
            0,
            0,
            0,
            0,
            0,
            0,
            0
        ],
        "transition_end": [
            0,
            0,
            0,
            0,
            0,
            0,
            0,
            0,
            0,
            0,
            0,
            0
        ],
        "max_change": [
            457.2659265837402,
            433.65782022891665,
            491.36868380475636,
            419.82976545456467,
            461.54919240313836,
            418.0991162361695,
            399.738897304993,
            391.15595115206287,
            390.43585678556144,
            414.7941025004556,
            408.4980691137202,
            417.08622800836804
        ],
        "is_static": [
            false,
            false,
            false,
            false,
            false,
            false,
            false,
            false,
            false,
            false,
            false,
            false
        ],
        "intensity_range": [
            254.98461547154727,
            254.6981781037936,
            254.69500261264,
            253.7927345728924,
            254.91086668912305,
            253.93454385727517,
            254.30967706235174,
            254.33457722086717,
            254.81949040051313,
            253.97271894350328,
            253.38250293496523,
            254.01796744537575
        ],
        "margin_left": [
            0,
            0,
            0,
            0,
            0,
            0,
            0,
            0,
            0,
            0,
            0,
            0
        ],
        "margin_right": [
            0,
            0,
            0,
            0,
            0,
            0,
            0,
            0,
            0,
            0,
            0,
            0
        ],
        "margin_top": [
            0,
            0,
            0,
            0,
            0,
            0,
            0,
            0,
            0,
            0,
            0,
            0
        ],
        "margin_bottom": [
            0,
            0,
            0,
            0,
            0,
            0,
            0,
            0,
            0,
            0,
            0,
            0
        ],
        "background_color": [
            131.01176470588234,
            133.01960784313724,
            138.0392156862745,
            137.03529411764706,
            134.0235294117647,
            120.97254901960784,
            133.01960784313724,
            125.9921568627451,
            124.98823529411764,
            133.01960784313724,
            136.0313725490196,
            130.0078431372549
        ],
        "background_proportion": [
            0.010359964252990005,
            0.010632173514660231,
            0.009671434944058676,
            0.010167816538869636,
            0.009975668824749264,
            0.009912763323102715,
            0.010941334259815434,
            0.01045317876906611,
            0.010392604730068145,
            0.010183828848379378,
            0.010311927324459912,
            0.010023705753279356
        ],
        "is_uniform": [
            false,
            false,
            false,
            false,
            false,
            false,
            false,
            false,
            false,
            false,
            false,
            false
        ],
        "bad_properties": [
            false,
            false,
            false,
            false,
            false,
            false,
            false,
            false,
            false,
            false,
            false,
            false
        ]
    }
}