{
    "recording": "dynamic29515-10-12-Video-9b4f6a1a067fe51e15306b9628efea20",
    "trial": "515",
    "trial_type": "live_test_bonus",
    "first_label": "PinkNoise",
    "label": "PinkNoise",
    "ID": null,
    "sampling_freq": 30,
    "valid_frames": 324,
    "peaks": [
        26,
        53,
        80,
        107,
        135,
        161,
        188,
        215,
        242,
        269,
        296
    ],
    "n_peaks": 11,
    "segments_n_peaks": 12,
    "segments_bad_n": 0,
    "segments_avg_duration": 27.0,
    "segments": {
        "frame_start": [
            0,
            27,
            54,
            81,
            108,
            136,
            162,
            189,
            216,
            243,
            270,
            297
        ],
        "frame_end": [
            27,
            54,
            81,
            108,
            136,
            162,
            189,
            216,
            243,
            270,
            297,
            324
        ],
        "duration": [
            27,
            27,
            27,
            27,
            28,
            26,
            27,
            27,
            27,
            27,
            27,
            27
        ],
        "transition_start": [
            0,
            0,
            0,
            0,
            0,
            0,
            0,
            0,
            0,
            0,
            0,
            0
        ],
        "transition_end": [
            0,
            0,
            0,
            0,
            0,
            0,
            0,
            0,
            0,
            0,
            0,
            0
        ],
        "max_change": [
            505.604954101418,
            458.230519450576,
            439.5189427304174,
            443.273627222268,
            452.5087048362636,
            393.243982594602,
            446.28686475709424,
            407.1174161467049,
            435.5998071570855,
            386.0241916326802,
            426.8527128349339,
            424.8811612705739
        ],
        "is_static": [
            false,
            false,
            false,
            false,
            false,
            false,
            false,
            false,
            false,
            false,
            false,
            false
        ],
        "intensity_range": [
            254.53960595757894,
            254.51724021911846,
            254.99460970538715,
            254.86316643808237,
            254.15969806200357,
            254.7224667222677,
            255.00000000000003,
            254.3350102478628,
            252.98797356175544,
            252.77617856455083,
            253.47774878360968,
            254.33846861732403
        ],
        "margin_left": [
            0,
            0,
            0,
            0,
            0,
            0,
            0,
            0,
            0,
            0,
            0,
            0
        ],
        "margin_right": [
            0,
            0,
            0,
            0,
            0,
            0,
            0,
            0,
            0,
            0,
            0,
            0
        ],
        "margin_top": [
            0,
            0,
            0,
            0,
            0,
            0,
            0,
            0,
            0,
            0,
            0,
            0
        ],
        "margin_bottom": [
            0,
            0,
            0,
            0,
            0,
            0,
            0,
            0,
            0,
            0,
            0,
            0
        ],
        "background_color": [
            134.0235294117647,
            121.97647058823529,
            128.0,
            131.01176470588234,
            124.98823529411764,
            121.97647058823529,
            130.0078431372549,
            132.0156862745098,
            129.00392156862745,
            137.03529411764706,
            123.9843137254902,
            122.98039215686273
        ],
        "background_proportion": [
            0.009847570348669015,
            0.009799533420138923,
            0.0099436442057292,
            0.010552111967110377,
            0.010067167736235155,
            0.010026785043569748,
            0.010215853467399729,
            0.01079229660976084,
            0.010295915014949883,
            0.009847570348669015,
            0.010375976562500036,
            0.010712235062210534
        ],
        "is_uniform": [
            false,
            false,
            false,
            false,
            false,
            false,
            false,
            false,
            false,
            false,
            false,
            false
        ],
        "bad_properties": [
            false,
            false,
            false,
            false,
            false,
            false,
            false,
            false,
            false,
            false,
            false,
            false
        ]
    }
}