{
    "recording": "dynamic29515-10-12-Video-9b4f6a1a067fe51e15306b9628efea20",
    "trial": "516",
    "trial_type": "live_test_bonus",
    "first_label": "NaturalVideo",
    "label": "NaturalVideo",
    "ID": null,
    "sampling_freq": 30,
    "valid_frames": 300,
    "peaks": [
        8,
        146
    ],
    "n_peaks": 2,
    "segments_n_peaks": 3,
    "segments_bad_n": 0,
    "segments_avg_duration": 100.0,
    "segments": {
        "frame_start": [
            0,
            9,
            147
        ],
        "frame_end": [
            9,
            147,
            300
        ],
        "duration": [
            9,
            138,
            153
        ],
        "transition_start": [
            0,
            0,
            0
        ],
        "transition_end": [
            0,
            0,
            0
        ],
        "max_change": [
            2119.8535152231398,
            565.5063595703156,
            209.9369541066734
        ],
        "is_static": [
            false,
            false,
            false
        ],
        "intensity_range": [
            169.2384364379611,
            251.1030046797417,
            222.25930574012958
        ],
        "margin_left": [
            0,
            0,
            0
        ],
        "margin_right": [
            0,
            0,
            0
        ],
        "margin_top": [
            0,
            0,
            0
        ],
        "margin_bottom": [
            0,
            0,
            0
        ],
        "background_color": [
            10.541176470588235,
            119.96862745098039,
            11.545098039215686
        ],
        "background_proportion": [
            0.35441645869502314,
            0.01505331140785407,
            0.023354424370659724
        ],
        "is_uniform": [
            false,
            false,
            false
        ],
        "bad_properties": [
            false,
            false,
            false
        ]
    }
}