{
    "recording": "dynamic29515-10-12-Video-9b4f6a1a067fe51e15306b9628efea20",
    "trial": "590",
    "trial_type": "train",
    "first_label": "PinkNoise",
    "label": "PinkNoise",
    "ID": null,
    "sampling_freq": 30,
    "valid_frames": 324,
    "peaks": [
        53,
        80,
        107,
        134,
        161,
        188,
        215,
        242,
        269,
        296
    ],
    "n_peaks": 10,
    "segments_n_peaks": 11,
    "segments_bad_n": 0,
    "segments_avg_duration": 27.0,
    "segments": {
        "frame_start": [
            0,
            27,
            54,
            81,
            108,
            135,
            162,
            189,
            216,
            243,
            270,
            297
        ],
        "frame_end": [
            27,
            54,
            81,
            108,
            135,
            162,
            189,
            216,
            243,
            270,
            297,
            324
        ],
        "duration": [
            27,
            27,
            27,
            27,
            27,
            27,
            27,
            27,
            27,
            27,
            27,
            27
        ],
        "transition_start": [
            0,
            0,
            0,
            0,
            0,
            0,
            0,
            0,
            0,
            0,
            0,
            0
        ],
        "transition_end": [
            0,
            0,
            0,
            0,
            0,
            0,
            0,
            0,
            0,
            0,
            0,
            0
        ],
        "max_change": [
            472.3165808948478,
            411.4924413424016,
            434.52504597559215,
            452.78768477218017,
            414.3032395850209,
            446.1744933473192,
            439.21559437289784,
            427.98915946656774,
            414.926309845768,
            422.64937614683294,
            392.8758382357727,
            432.11715056782964
        ],
        "is_static": [
            false,
            false,
            false,
            false,
            false,
            false,
            false,
            false,
            false,
            false,
            false,
            false
        ],
        "intensity_range": [
            254.92128735117794,
            254.74160939380923,
            254.93642771599448,
            254.24988411049023,
            254.90977825503677,
            254.94810773369147,
            255.0,
            253.99072791244114,
            254.60904740564462,
            254.93807570101552,
            254.81521109950688,
            254.71679073675443
        ],
        "margin_left": [
            0,
            0,
            0,
            0,
            0,
            0,
            0,
            0,
            0,
            0,
            0,
            0
        ],
        "margin_right": [
            0,
            0,
            0,
            0,
            0,
            0,
            0,
            0,
            0,
            0,
            0,
            0
        ],
        "margin_top": [
            0,
            0,
            0,
            0,
            0,
            0,
            0,
            0,
            0,
            0,
            0,
            0
        ],
        "margin_bottom": [
            0,
            0,
            0,
            0,
            0,
            0,
            0,
            0,
            0,
            0,
            0,
            0
        ],
        "background_color": [
            124.98823529411764,
            120.97254901960784,
            118.96470588235294,
            125.9921568627451,
            116.95686274509804,
            131.01176470588234,
            126.99607843137255,
            129.00392156862745,
            122.98039215686273,
            135.02745098039216,
            128.0,
            135.02745098039216
        ],
        "background_proportion": [
            0.010391988872010068,
            0.01026389039592982,
            0.009719471872588769,
            0.010199841157889553,
            0.010279902705439851,
            0.010199841157889697,
            0.009863582658179047,
            0.010888370466821026,
            0.01039198887200992,
            0.010119779610339543,
            0.009815545729648954,
            0.010215853467399729
        ],
        "is_uniform": [
            false,
            false,
            false,
            false,
            false,
            false,
            false,
            false,
            false,
            false,
            false,
            false
        ],
        "bad_properties": [
            false,
            false,
            false,
            false,
            false,
            false,
            false,
            false,
            false,
            false,
            false,
            false
        ]
    }
}