{
    "recording": "dynamic29515-10-12-Video-9b4f6a1a067fe51e15306b9628efea20",
    "trial": "592",
    "trial_type": "final_test_main",
    "first_label": "NaturalVideo",
    "label": "NaturalVideo",
    "ID": null,
    "sampling_freq": 30,
    "valid_frames": 300,
    "peaks": [
        32,
        238,
        286
    ],
    "n_peaks": 3,
    "segments_n_peaks": 4,
    "segments_bad_n": 0,
    "segments_avg_duration": 75.0,
    "segments": {
        "frame_start": [
            0,
            33,
            239,
            287
        ],
        "frame_end": [
            33,
            239,
            287,
            300
        ],
        "duration": [
            33,
            206,
            48,
            13
        ],
        "transition_start": [
            0,
            0,
            2,
            0
        ],
        "transition_end": [
            1,
            0,
            1,
            0
        ],
        "max_change": [
            8.813221526342112,
            1785.9667280716774,
            26.167378423698878,
            463.80828887500894
        ],
        "is_static": [
            true,
            false,
            true,
            false
        ],
        "intensity_range": [
            238.1181077463846,
            228.3125,
            229.11405926795337,
            216.72839180524898
        ],
        "margin_left": [
            0,
            0,
            0,
            0
        ],
        "margin_right": [
            0,
            0,
            0,
            1
        ],
        "margin_top": [
            0,
            0,
            0,
            0
        ],
        "margin_bottom": [
            0,
            0,
            0,
            0
        ],
        "background_color": [
            241.44313725490196,
            213.33333333333331,
            228.39215686274508,
            213.33333333333331
        ],
        "background_proportion": [
            0.051717758178711125,
            0.024271474301235746,
            0.05294630262586824,
            0.03555102226061611
        ],
        "is_uniform": [
            false,
            false,
            false,
            false
        ],
        "bad_properties": [
            false,
            false,
            false,
            false
        ]
    }
}