{
    "recording": "dynamic29515-10-12-Video-9b4f6a1a067fe51e15306b9628efea20",
    "trial": "597",
    "trial_type": "train",
    "first_label": "NaturalVideo",
    "label": "NaturalVideo",
    "ID": null,
    "sampling_freq": 30,
    "valid_frames": 300,
    "peaks": [
        22,
        126,
        186,
        283
    ],
    "n_peaks": 4,
    "segments_n_peaks": 5,
    "segments_bad_n": 0,
    "segments_avg_duration": 60.0,
    "segments": {
        "frame_start": [
            0,
            23,
            127,
            187,
            284
        ],
        "frame_end": [
            23,
            127,
            187,
            284,
            300
        ],
        "duration": [
            23,
            104,
            60,
            97,
            16
        ],
        "transition_start": [
            0,
            0,
            0,
            0,
            0
        ],
        "transition_end": [
            0,
            0,
            0,
            0,
            0
        ],
        "max_change": [
            2006.1325682812046,
            403.87781414405873,
            2501.486123320212,
            491.5504322328736,
            455.1242668270869
        ],
        "is_static": [
            false,
            false,
            false,
            false,
            false
        ],
        "intensity_range": [
            208.07410774728646,
            252.72776717966295,
            252.875,
            186.23953379536957,
            236.81210312782076
        ],
        "margin_left": [
            0,
            0,
            0,
            0,
            0
        ],
        "margin_right": [
            0,
            0,
            0,
            0,
            0
        ],
        "margin_top": [
            0,
            0,
            0,
            0,
            0
        ],
        "margin_bottom": [
            0,
            0,
            0,
            0,
            0
        ],
        "background_color": [
            60.73725490196078,
            5.52156862745098,
            4.517647058823529,
            9.537254901960784,
            4.517647058823529
        ],
        "background_proportion": [
            0.03548884737318853,
            0.03075379591721755,
            0.03250418768988715,
            0.04609019485945554,
            0.10103066762288411
        ],
        "is_uniform": [
            false,
            false,
            false,
            false,
            false
        ],
        "bad_properties": [
            false,
            false,
            false,
            false,
            false
        ]
    }
}