{
    "recording": "dynamic29515-10-12-Video-9b4f6a1a067fe51e15306b9628efea20",
    "trial": "619",
    "trial_type": "oracle",
    "first_label": "NaturalVideo",
    "label": "NaturalVideo",
    "ID": null,
    "sampling_freq": 30,
    "valid_frames": 300,
    "peaks": [
        37
    ],
    "n_peaks": 1,
    "segments_n_peaks": 2,
    "segments_bad_n": 0,
    "segments_avg_duration": 150.0,
    "segments": {
        "frame_start": [
            0,
            38
        ],
        "frame_end": [
            38,
            300
        ],
        "duration": [
            38,
            262
        ],
        "transition_start": [
            0,
            0
        ],
        "transition_end": [
            0,
            0
        ],
        "max_change": [
            3.799191379382554,
            406.45006799860744
        ],
        "is_static": [
            true,
            false
        ],
        "intensity_range": [
            254.54003172244293,
            244.13779632408097
        ],
        "margin_left": [
            17,
            3
        ],
        "margin_right": [
            9,
            2
        ],
        "margin_top": [
            6,
            0
        ],
        "margin_bottom": [
            0,
            5
        ],
        "background_color": [
            0.5019607843137255,
            0.5019607843137255
        ],
        "background_proportion": [
            0.6596595362613076,
            0.6804465762228152
        ],
        "is_uniform": [
            false,
            false
        ],
        "bad_properties": [
            false,
            false
        ]
    }
}