{
    "recording": "dynamic29515-10-12-Video-9b4f6a1a067fe51e15306b9628efea20",
    "trial": "625",
    "trial_type": "final_test_bonus",
    "first_label": "NaturalVideo",
    "label": "NaturalVideo",
    "ID": null,
    "sampling_freq": 30,
    "valid_frames": 300,
    "peaks": [
        42,
        133
    ],
    "n_peaks": 2,
    "segments_n_peaks": 3,
    "segments_bad_n": 0,
    "segments_avg_duration": 100.0,
    "segments": {
        "frame_start": [
            0,
            43,
            134
        ],
        "frame_end": [
            43,
            134,
            300
        ],
        "duration": [
            43,
            91,
            166
        ],
        "transition_start": [
            0,
            0,
            0
        ],
        "transition_end": [
            0,
            0,
            0
        ],
        "max_change": [
            882.6912392009122,
            1347.036075342662,
            1931.2938025898377
        ],
        "is_static": [
            false,
            false,
            false
        ],
        "intensity_range": [
            205.6347587348486,
            210.20399713421097,
            206.63131770643378
        ],
        "margin_left": [
            0,
            0,
            0
        ],
        "margin_right": [
            0,
            0,
            0
        ],
        "margin_top": [
            0,
            0,
            0
        ],
        "margin_bottom": [
            1,
            0,
            0
        ],
        "background_color": [
            26.60392156862745,
            29.615686274509805,
            38.65098039215687
        ],
        "background_proportion": [
            0.06336182586906493,
            0.04872528187957875,
            0.042688913613437976
        ],
        "is_uniform": [
            false,
            false,
            false
        ],
        "bad_properties": [
            false,
            false,
            false
        ]
    }
}